2026-05-27 17:16:49.965949: I tensorflow/core/util/port.cc:153] oneDNN custom operations are on. You may see slightly different numerical results due to floating-point round-off errors from different computation orders. To turn them off, set the environment variable `TF_ENABLE_ONEDNN_OPTS=0`.
2026-05-27 17:16:49.990385: E external/local_xla/xla/stream_executor/cuda/cuda_fft.cc:467] Unable to register cuFFT factory: Attempting to register factory for plugin cuFFT when one has already been registered
WARNING: All log messages before absl::InitializeLog() is called are written to STDERR
E0000 00:00:1779891410.015494  145984 cuda_dnn.cc:8579] Unable to register cuDNN factory: Attempting to register factory for plugin cuDNN when one has already been registered
E0000 00:00:1779891410.022727  145984 cuda_blas.cc:1407] Unable to register cuBLAS factory: Attempting to register factory for plugin cuBLAS when one has already been registered
W0000 00:00:1779891410.044812  145984 computation_placer.cc:177] computation placer already registered. Please check linkage and avoid linking the same target more than once.
W0000 00:00:1779891410.044841  145984 computation_placer.cc:177] computation placer already registered. Please check linkage and avoid linking the same target more than once.
W0000 00:00:1779891410.044846  145984 computation_placer.cc:177] computation placer already registered. Please check linkage and avoid linking the same target more than once.
W0000 00:00:1779891410.044848  145984 computation_placer.cc:177] computation placer already registered. Please check linkage and avoid linking the same target more than once.
2026-05-27 17:16:50.050476: I tensorflow/core/platform/cpu_feature_guard.cc:210] This TensorFlow binary is optimized to use available CPU instructions in performance-critical operations.
To enable the following instructions: AVX2 AVX512F AVX512_VNNI AVX512_BF16 AVX512_FP16 AVX_VNNI AMX_TILE AMX_INT8 AMX_BF16 FMA, in other operations, rebuild TensorFlow with the appropriate compiler flags.
The following generation flags are not valid and may be ignored: ['cache_implementation']. Set `TRANSFORMERS_VERBOSITY=info` for more details.
The following generation flags are not valid and may be ignored: ['cache_implementation']. Set `TRANSFORMERS_VERBOSITY=info` for more details.

Full files:    15
Sharded files: 3


Loading QCRI/Fanar-1-9B-Instruct for P(true) judge...

Loading checkpoint shards:   0%|          | 0/4 [00:00<?, ?it/s]
Loading checkpoint shards:  25%|██▌       | 1/4 [00:01<00:03,  1.17s/it]
Loading checkpoint shards:  50%|█████     | 2/4 [00:02<00:02,  1.16s/it]
Loading checkpoint shards:  75%|███████▌  | 3/4 [00:03<00:01,  1.16s/it]
Loading checkpoint shards: 100%|██████████| 4/4 [00:04<00:00,  1.06it/s]
Loading checkpoint shards: 100%|██████████| 4/4 [00:04<00:00,  1.02s/it]
  P(true) judge for fanar-arabica (2000 rows)...

  0%|          | 0/2000 [00:00<?, ?it/s]
  0%|          | 2/2000 [00:01<31:11,  1.07it/s]
  0%|          | 3/2000 [00:02<20:17,  1.64it/s]
  0%|          | 4/2000 [00:02<14:23,  2.31it/s]
  0%|          | 5/2000 [00:02<10:51,  3.06it/s]
  0%|          | 6/2000 [00:02<08:39,  3.84it/s]
  0%|          | 7/2000 [00:02<07:39,  4.34it/s]
  0%|          | 8/2000 [00:02<07:10,  4.63it/s]
  0%|          | 9/2000 [00:02<06:32,  5.07it/s]
  0%|          | 10/2000 [00:03<05:46,  5.74it/s]
  1%|          | 11/2000 [00:03<05:18,  6.24it/s]
  1%|          | 12/2000 [00:03<04:49,  6.87it/s]
  1%|          | 13/2000 [00:03<04:27,  7.42it/s]
  1%|          | 14/2000 [00:03<04:20,  7.61it/s]
  1%|          | 16/2000 [00:03<03:41,  8.95it/s]
  1%|          | 19/2000 [00:03<03:02, 10.86it/s]
  1%|          | 21/2000 [00:04<03:31,  9.34it/s]
  1%|          | 22/2000 [00:04<03:42,  8.90it/s]
  1%|          | 23/2000 [00:04<03:56,  8.36it/s]
  1%|          | 24/2000 [00:04<03:57,  8.33it/s]
  1%|▏         | 25/2000 [00:04<03:50,  8.56it/s]
  1%|▏         | 26/2000 [00:04<03:46,  8.73it/s]
  1%|▏         | 28/2000 [00:04<03:17, 10.00it/s]
  1%|▏         | 29/2000 [00:05<03:20,  9.82it/s]
  2%|▏         | 32/2000 [00:05<02:46, 11.83it/s]
  2%|▏         | 34/2000 [00:05<03:09, 10.38it/s]
  2%|▏         | 36/2000 [00:05<03:26,  9.49it/s]
  2%|▏         | 38/2000 [00:05<03:09, 10.36it/s]
  2%|▏         | 40/2000 [00:06<03:01, 10.77it/s]
  2%|▏         | 42/2000 [00:06<03:18,  9.87it/s]
  2%|▏         | 44/2000 [00:06<03:08, 10.40it/s]
  2%|▏         | 46/2000 [00:06<03:19,  9.81it/s]
  2%|▏         | 48/2000 [00:06<03:10, 10.27it/s]
  2%|▎         | 50/2000 [00:07<03:17,  9.89it/s]
  3%|▎         | 52/2000 [00:07<03:36,  9.01it/s]
  3%|▎         | 53/2000 [00:07<03:56,  8.23it/s]
  3%|▎         | 54/2000 [00:07<04:09,  7.80it/s]
  3%|▎         | 55/2000 [00:07<04:25,  7.33it/s]
  3%|▎         | 56/2000 [00:08<04:24,  7.34it/s]
  3%|▎         | 57/2000 [00:08<04:21,  7.44it/s]
  3%|▎         | 58/2000 [00:08<04:17,  7.55it/s]
  3%|▎         | 59/2000 [00:08<04:12,  7.69it/s]
  3%|▎         | 60/2000 [00:08<04:10,  7.75it/s]
  3%|▎         | 61/2000 [00:08<04:15,  7.59it/s]
  3%|▎         | 62/2000 [00:08<04:16,  7.56it/s]
  3%|▎         | 63/2000 [00:08<04:12,  7.66it/s]
  3%|▎         | 64/2000 [00:09<04:14,  7.59it/s]
  3%|▎         | 66/2000 [00:09<03:49,  8.42it/s]
  3%|▎         | 68/2000 [00:09<03:31,  9.12it/s]
  3%|▎         | 69/2000 [00:09<03:46,  8.51it/s]
  4%|▎         | 70/2000 [00:09<04:00,  8.02it/s]
  4%|▎         | 72/2000 [00:09<03:39,  8.78it/s]
  4%|▎         | 74/2000 [00:10<03:26,  9.34it/s]
  4%|▍         | 76/2000 [00:10<03:07, 10.26it/s]
  4%|▍         | 78/2000 [00:10<02:57, 10.83it/s]
  4%|▍         | 80/2000 [00:10<02:56, 10.87it/s]
  4%|▍         | 82/2000 [00:10<02:53, 11.08it/s]
  4%|▍         | 85/2000 [00:10<02:15, 14.12it/s]
  4%|▍         | 87/2000 [00:11<02:45, 11.59it/s]
  4%|▍         | 89/2000 [00:11<02:47, 11.43it/s]
  5%|▍         | 91/2000 [00:11<02:46, 11.44it/s]
  5%|▍         | 93/2000 [00:11<02:58, 10.69it/s]
  5%|▍         | 96/2000 [00:11<02:19, 13.66it/s]
  5%|▍         | 98/2000 [00:12<02:19, 13.59it/s]
  5%|▌         | 100/2000 [00:12<02:24, 13.12it/s]
  5%|▌         | 103/2000 [00:12<02:01, 15.56it/s]
  5%|▌         | 105/2000 [00:12<02:24, 13.12it/s]
  5%|▌         | 107/2000 [00:12<02:25, 13.02it/s]
  5%|▌         | 109/2000 [00:12<02:44, 11.53it/s]
  6%|▌         | 111/2000 [00:13<02:43, 11.54it/s]
  6%|▌         | 113/2000 [00:13<02:41, 11.71it/s]
  6%|▌         | 115/2000 [00:13<02:38, 11.87it/s]
  6%|▌         | 118/2000 [00:13<02:06, 14.82it/s]
  6%|▌         | 120/2000 [00:13<02:11, 14.28it/s]
  6%|▌         | 123/2000 [00:13<01:51, 16.88it/s]
  6%|▋         | 125/2000 [00:14<02:04, 15.09it/s]
  6%|▋         | 128/2000 [00:14<01:50, 16.99it/s]
  6%|▋         | 130/2000 [00:14<02:16, 13.71it/s]
  7%|▋         | 132/2000 [00:14<02:44, 11.34it/s]
  7%|▋         | 134/2000 [00:14<02:56, 10.57it/s]
  7%|▋         | 136/2000 [00:15<03:04, 10.08it/s]
  7%|▋         | 138/2000 [00:15<02:39, 11.65it/s]
  7%|▋         | 140/2000 [00:15<03:04, 10.06it/s]
  7%|▋         | 142/2000 [00:15<03:00, 10.29it/s]
  7%|▋         | 145/2000 [00:15<02:21, 13.15it/s]
  7%|▋         | 147/2000 [00:15<02:19, 13.24it/s]
  8%|▊         | 150/2000 [00:16<02:10, 14.13it/s]
  8%|▊         | 152/2000 [00:16<02:31, 12.16it/s]
  8%|▊         | 154/2000 [00:16<02:30, 12.23it/s]
  8%|▊         | 157/2000 [00:16<02:05, 14.74it/s]
  8%|▊         | 160/2000 [00:16<01:47, 17.16it/s]
  8%|▊         | 162/2000 [00:16<01:53, 16.18it/s]
  8%|▊         | 165/2000 [00:17<01:54, 16.02it/s]
  8%|▊         | 167/2000 [00:17<02:18, 13.22it/s]
  8%|▊         | 170/2000 [00:17<01:58, 15.48it/s]
  9%|▊         | 172/2000 [00:17<02:02, 14.89it/s]
  9%|▊         | 174/2000 [00:17<02:07, 14.28it/s]
  9%|▉         | 176/2000 [00:17<02:11, 13.86it/s]
  9%|▉         | 178/2000 [00:18<02:13, 13.63it/s]
  9%|▉         | 181/2000 [00:18<02:09, 14.04it/s]
  9%|▉         | 183/2000 [00:18<02:20, 12.95it/s]
  9%|▉         | 185/2000 [00:18<02:47, 10.83it/s]
  9%|▉         | 187/2000 [00:19<03:17,  9.16it/s]
  9%|▉         | 189/2000 [00:19<02:49, 10.71it/s]
 10%|▉         | 192/2000 [00:19<02:13, 13.57it/s]
 10%|▉         | 195/2000 [00:19<01:51, 16.14it/s]
 10%|▉         | 197/2000 [00:19<02:37, 11.43it/s]
 10%|▉         | 199/2000 [00:19<02:44, 10.92it/s]
 10%|█         | 201/2000 [00:20<02:50, 10.57it/s]
 10%|█         | 204/2000 [00:20<02:16, 13.19it/s]
 10%|█         | 207/2000 [00:20<01:53, 15.77it/s]
 10%|█         | 210/2000 [00:20<01:53, 15.79it/s]
 11%|█         | 213/2000 [00:20<01:53, 15.69it/s]
 11%|█         | 216/2000 [00:20<01:41, 17.51it/s]
 11%|█         | 219/2000 [00:21<01:45, 16.88it/s]
 11%|█         | 222/2000 [00:21<01:36, 18.48it/s]
 11%|█         | 224/2000 [00:21<01:54, 15.45it/s]
 11%|█▏        | 226/2000 [00:21<01:55, 15.34it/s]
 11%|█▏        | 228/2000 [00:21<01:53, 15.59it/s]
 12%|█▏        | 230/2000 [00:21<01:50, 16.09it/s]
 12%|█▏        | 233/2000 [00:21<01:37, 18.18it/s]
 12%|█▏        | 236/2000 [00:22<01:28, 19.95it/s]
 12%|█▏        | 239/2000 [00:22<01:22, 21.27it/s]
 12%|█▏        | 242/2000 [00:22<01:18, 22.26it/s]
 12%|█▏        | 245/2000 [00:22<01:16, 22.91it/s]
 12%|█▏        | 248/2000 [00:22<01:14, 23.37it/s]
 13%|█▎        | 251/2000 [00:22<01:13, 23.75it/s]
 13%|█▎        | 254/2000 [00:22<01:25, 20.41it/s]
 13%|█▎        | 257/2000 [00:23<01:56, 14.93it/s]
 13%|█▎        | 260/2000 [00:23<01:44, 16.73it/s]
 13%|█▎        | 263/2000 [00:23<01:33, 18.49it/s]
 13%|█▎        | 266/2000 [00:23<01:37, 17.74it/s]
 13%|█▎        | 269/2000 [00:23<01:29, 19.38it/s]
 14%|█▎        | 272/2000 [00:23<01:36, 17.86it/s]
 14%|█▍        | 275/2000 [00:24<01:29, 19.33it/s]
 14%|█▍        | 278/2000 [00:24<01:36, 17.90it/s]
 14%|█▍        | 280/2000 [00:24<01:58, 14.52it/s]
 14%|█▍        | 283/2000 [00:24<01:45, 16.30it/s]
 14%|█▍        | 286/2000 [00:24<01:33, 18.36it/s]
 14%|█▍        | 289/2000 [00:24<01:25, 20.05it/s]
 15%|█▍        | 292/2000 [00:24<01:19, 21.37it/s]
 15%|█▍        | 295/2000 [00:25<01:15, 22.46it/s]
 15%|█▍        | 298/2000 [00:25<01:13, 23.24it/s]
 15%|█▌        | 301/2000 [00:25<01:11, 23.76it/s]
 15%|█▌        | 304/2000 [00:25<01:24, 20.05it/s]
 15%|█▌        | 307/2000 [00:25<01:19, 21.36it/s]
 16%|█▌        | 310/2000 [00:25<01:15, 22.44it/s]
 16%|█▌        | 313/2000 [00:25<01:12, 23.25it/s]
 16%|█▌        | 316/2000 [00:25<01:10, 23.79it/s]
 16%|█▌        | 319/2000 [00:26<01:09, 24.24it/s]
 16%|█▌        | 322/2000 [00:26<01:20, 20.77it/s]
 16%|█▋        | 325/2000 [00:26<01:30, 18.45it/s]
 16%|█▋        | 327/2000 [00:26<01:37, 17.15it/s]
 16%|█▋        | 329/2000 [00:26<01:47, 15.57it/s]
 17%|█▋        | 331/2000 [00:26<01:51, 14.98it/s]
 17%|█▋        | 334/2000 [00:27<01:35, 17.40it/s]
 17%|█▋        | 337/2000 [00:27<01:25, 19.42it/s]
 17%|█▋        | 340/2000 [00:27<01:19, 20.99it/s]
 17%|█▋        | 343/2000 [00:27<01:14, 22.13it/s]
 17%|█▋        | 346/2000 [00:27<01:11, 22.99it/s]
 17%|█▋        | 349/2000 [00:27<01:22, 20.08it/s]
 18%|█▊        | 352/2000 [00:27<01:31, 18.10it/s]
 18%|█▊        | 355/2000 [00:28<01:23, 19.69it/s]
 18%|█▊        | 358/2000 [00:28<01:17, 21.10it/s]
 18%|█▊        | 361/2000 [00:28<01:14, 22.14it/s]
 18%|█▊        | 364/2000 [00:28<01:48, 15.09it/s]
 18%|█▊        | 367/2000 [00:28<01:37, 16.70it/s]
 18%|█▊        | 370/2000 [00:28<01:38, 16.51it/s]
 19%|█▊        | 373/2000 [00:29<01:29, 18.22it/s]
 19%|█▉        | 376/2000 [00:29<01:21, 19.82it/s]
 19%|█▉        | 379/2000 [00:29<01:16, 21.13it/s]
 19%|█▉        | 382/2000 [00:29<01:24, 19.14it/s]
 19%|█▉        | 385/2000 [00:29<01:18, 20.45it/s]
 19%|█▉        | 388/2000 [00:29<01:14, 21.57it/s]
 20%|█▉        | 391/2000 [00:29<01:11, 22.45it/s]
 20%|█▉        | 394/2000 [00:30<01:09, 23.04it/s]
 20%|█▉        | 397/2000 [00:30<01:07, 23.71it/s]
 20%|██        | 400/2000 [00:30<01:06, 24.09it/s]
 20%|██        | 403/2000 [00:30<01:17, 20.71it/s]
 20%|██        | 406/2000 [00:30<01:26, 18.35it/s]
 20%|██        | 408/2000 [00:30<01:35, 16.67it/s]
 21%|██        | 411/2000 [00:30<01:25, 18.64it/s]
 21%|██        | 414/2000 [00:31<01:18, 20.33it/s]
 21%|██        | 417/2000 [00:31<01:24, 18.77it/s]
 21%|██        | 420/2000 [00:31<01:17, 20.32it/s]
 21%|██        | 423/2000 [00:31<01:26, 18.22it/s]
 21%|██▏       | 425/2000 [00:31<01:32, 16.97it/s]
 21%|██▏       | 428/2000 [00:31<01:23, 18.81it/s]
 22%|██▏       | 431/2000 [00:31<01:16, 20.43it/s]
 22%|██▏       | 434/2000 [00:32<01:26, 18.16it/s]
 22%|██▏       | 437/2000 [00:32<01:18, 19.86it/s]
 22%|██▏       | 440/2000 [00:32<01:13, 21.23it/s]
 22%|██▏       | 443/2000 [00:32<01:21, 19.10it/s]
 22%|██▏       | 446/2000 [00:32<01:15, 20.58it/s]
 22%|██▏       | 449/2000 [00:32<01:22, 18.88it/s]
 23%|██▎       | 452/2000 [00:33<01:17, 20.08it/s]
 23%|██▎       | 455/2000 [00:33<01:24, 18.24it/s]
 23%|██▎       | 458/2000 [00:33<01:30, 17.09it/s]
 23%|██▎       | 461/2000 [00:33<01:22, 18.72it/s]
 23%|██▎       | 463/2000 [00:33<01:29, 17.12it/s]
 23%|██▎       | 466/2000 [00:33<01:23, 18.40it/s]
 23%|██▎       | 469/2000 [00:34<01:39, 15.37it/s]
 24%|██▎       | 471/2000 [00:34<01:43, 14.79it/s]
 24%|██▎       | 473/2000 [00:34<01:37, 15.68it/s]
 24%|██▍       | 476/2000 [00:34<01:24, 17.94it/s]
 24%|██▍       | 479/2000 [00:34<01:17, 19.71it/s]
 24%|██▍       | 482/2000 [00:34<01:12, 21.07it/s]
 24%|██▍       | 485/2000 [00:34<01:08, 22.07it/s]
 24%|██▍       | 488/2000 [00:34<01:06, 22.76it/s]
 25%|██▍       | 491/2000 [00:35<01:04, 23.27it/s]
 25%|██▍       | 494/2000 [00:35<01:03, 23.61it/s]
 25%|██▍       | 497/2000 [00:35<01:02, 23.89it/s]
 25%|██▌       | 500/2000 [00:35<01:02, 24.12it/s]
 25%|██▌       | 503/2000 [00:35<01:01, 24.34it/s]
 25%|██▌       | 506/2000 [00:35<01:11, 21.03it/s]
 25%|██▌       | 509/2000 [00:35<01:07, 22.00it/s]
 26%|██▌       | 512/2000 [00:36<01:05, 22.77it/s]
 26%|██▌       | 515/2000 [00:36<01:03, 23.36it/s]
 26%|██▌       | 518/2000 [00:36<01:02, 23.80it/s]
 26%|██▌       | 521/2000 [00:36<01:01, 24.08it/s]
 26%|██▌       | 524/2000 [00:36<01:00, 24.22it/s]
 26%|██▋       | 527/2000 [00:36<01:20, 18.32it/s]
 26%|██▋       | 530/2000 [00:36<01:15, 19.53it/s]
 27%|██▋       | 533/2000 [00:37<01:10, 20.87it/s]
 27%|██▋       | 536/2000 [00:37<01:06, 21.97it/s]
 27%|██▋       | 539/2000 [00:37<01:04, 22.74it/s]
 27%|██▋       | 542/2000 [00:37<01:13, 19.80it/s]
 27%|██▋       | 545/2000 [00:37<01:09, 20.80it/s]
 27%|██▋       | 548/2000 [00:37<01:06, 21.83it/s]
 28%|██▊       | 551/2000 [00:37<01:04, 22.59it/s]
 28%|██▊       | 554/2000 [00:37<01:02, 23.14it/s]
 28%|██▊       | 557/2000 [00:38<01:00, 23.66it/s]
 28%|██▊       | 560/2000 [00:38<00:59, 24.01it/s]
 28%|██▊       | 563/2000 [00:38<00:59, 24.24it/s]
 28%|██▊       | 566/2000 [00:38<00:58, 24.48it/s]
 28%|██▊       | 569/2000 [00:38<01:08, 20.81it/s]
 29%|██▊       | 572/2000 [00:38<01:05, 21.76it/s]
 29%|██▉       | 575/2000 [00:38<01:11, 19.81it/s]
 29%|██▉       | 578/2000 [00:39<01:30, 15.75it/s]
 29%|██▉       | 581/2000 [00:39<01:22, 17.25it/s]
 29%|██▉       | 584/2000 [00:39<01:14, 18.97it/s]
 29%|██▉       | 587/2000 [00:39<01:09, 20.40it/s]
 30%|██▉       | 590/2000 [00:39<01:05, 21.59it/s]
 30%|██▉       | 593/2000 [00:39<01:02, 22.49it/s]
 30%|██▉       | 596/2000 [00:39<01:00, 23.17it/s]
 30%|██▉       | 599/2000 [00:40<01:09, 20.19it/s]
 30%|███       | 602/2000 [00:40<01:14, 18.87it/s]
 30%|███       | 605/2000 [00:40<01:09, 20.07it/s]
 30%|███       | 608/2000 [00:40<01:14, 18.65it/s]
 31%|███       | 611/2000 [00:40<01:10, 19.68it/s]
 31%|███       | 614/2000 [00:40<01:05, 21.02it/s]
 31%|███       | 617/2000 [00:41<01:02, 22.02it/s]
 31%|███       | 620/2000 [00:41<01:00, 22.82it/s]
 31%|███       | 623/2000 [00:41<00:58, 23.39it/s]
 31%|███▏      | 626/2000 [00:41<01:07, 20.29it/s]
 31%|███▏      | 629/2000 [00:41<01:03, 21.52it/s]
 32%|███▏      | 632/2000 [00:41<01:00, 22.51it/s]
 32%|███▏      | 635/2000 [00:41<00:58, 23.21it/s]
 32%|███▏      | 638/2000 [00:41<01:06, 20.41it/s]
 32%|███▏      | 641/2000 [00:42<01:13, 18.42it/s]
 32%|███▏      | 644/2000 [00:42<01:07, 19.98it/s]
 32%|███▏      | 647/2000 [00:42<01:03, 21.26it/s]
 32%|███▎      | 650/2000 [00:42<01:00, 22.27it/s]
 33%|███▎      | 653/2000 [00:42<00:58, 23.04it/s]
 33%|███▎      | 656/2000 [00:42<00:56, 23.66it/s]
 33%|███▎      | 659/2000 [00:42<00:55, 24.09it/s]
 33%|███▎      | 662/2000 [00:43<00:54, 24.47it/s]
 33%|███▎      | 665/2000 [00:43<00:54, 24.66it/s]
 33%|███▎      | 668/2000 [00:43<00:53, 24.79it/s]
 34%|███▎      | 671/2000 [00:43<00:53, 24.92it/s]
 34%|███▎      | 674/2000 [00:43<00:53, 24.96it/s]
 34%|███▍      | 677/2000 [00:43<00:52, 24.99it/s]
 34%|███▍      | 680/2000 [00:43<00:52, 24.98it/s]
 34%|███▍      | 683/2000 [00:43<00:52, 25.06it/s]
 34%|███▍      | 686/2000 [00:43<00:52, 24.98it/s]
 34%|███▍      | 689/2000 [00:44<01:01, 21.40it/s]
 35%|███▍      | 692/2000 [00:44<00:58, 22.17it/s]
 35%|███▍      | 695/2000 [00:44<00:56, 22.98it/s]
 35%|███▍      | 698/2000 [00:44<00:55, 23.54it/s]
 35%|███▌      | 701/2000 [00:44<01:23, 15.64it/s]
 35%|███▌      | 703/2000 [00:45<01:40, 12.94it/s]
 35%|███▌      | 705/2000 [00:45<01:43, 12.52it/s]
 35%|███▌      | 708/2000 [00:45<01:26, 14.89it/s]
 36%|███▌      | 711/2000 [00:45<01:15, 17.17it/s]
 36%|███▌      | 714/2000 [00:45<01:07, 19.10it/s]
 36%|███▌      | 717/2000 [00:45<01:02, 20.63it/s]
 36%|███▌      | 720/2000 [00:45<00:58, 21.82it/s]
 36%|███▌      | 723/2000 [00:46<00:56, 22.72it/s]
 36%|███▋      | 726/2000 [00:46<00:54, 23.39it/s]
 36%|███▋      | 729/2000 [00:46<01:02, 20.21it/s]
 37%|███▋      | 732/2000 [00:46<00:59, 21.48it/s]
 37%|███▋      | 735/2000 [00:46<00:56, 22.45it/s]
 37%|███▋      | 738/2000 [00:46<01:11, 17.68it/s]
 37%|███▋      | 740/2000 [00:46<01:17, 16.34it/s]
 37%|███▋      | 742/2000 [00:47<01:21, 15.49it/s]
 37%|███▋      | 745/2000 [00:47<01:11, 17.49it/s]
 37%|███▋      | 747/2000 [00:47<01:16, 16.31it/s]
 38%|███▊      | 750/2000 [00:47<01:07, 18.44it/s]
 38%|███▊      | 753/2000 [00:47<01:11, 17.42it/s]
 38%|███▊      | 756/2000 [00:47<01:15, 16.56it/s]
 38%|███▊      | 759/2000 [00:48<01:08, 17.99it/s]
 38%|███▊      | 762/2000 [00:48<01:02, 19.71it/s]
 38%|███▊      | 765/2000 [00:48<00:58, 21.01it/s]
 38%|███▊      | 768/2000 [00:48<01:03, 19.41it/s]
 39%|███▊      | 771/2000 [00:48<01:07, 18.25it/s]
 39%|███▊      | 774/2000 [00:48<01:02, 19.75it/s]
 39%|███▉      | 777/2000 [00:48<00:58, 21.07it/s]
 39%|███▉      | 780/2000 [00:49<00:55, 22.17it/s]
 39%|███▉      | 783/2000 [00:49<00:52, 23.03it/s]
 39%|███▉      | 786/2000 [00:49<00:51, 23.65it/s]
 39%|███▉      | 789/2000 [00:49<00:50, 24.09it/s]
 40%|███▉      | 792/2000 [00:49<00:56, 21.27it/s]
 40%|███▉      | 795/2000 [00:49<01:03, 18.89it/s]
 40%|███▉      | 798/2000 [00:49<00:59, 20.19it/s]
 40%|████      | 801/2000 [00:50<00:56, 21.33it/s]
 40%|████      | 804/2000 [00:50<00:53, 22.33it/s]
 40%|████      | 807/2000 [00:50<00:51, 23.03it/s]
 40%|████      | 810/2000 [00:50<00:50, 23.63it/s]
 41%|████      | 813/2000 [00:50<01:06, 17.89it/s]
 41%|████      | 816/2000 [00:50<01:09, 16.92it/s]
 41%|████      | 819/2000 [00:50<01:03, 18.67it/s]
 41%|████      | 822/2000 [00:51<00:58, 20.21it/s]
 41%|████▏     | 825/2000 [00:51<00:54, 21.40it/s]
 41%|████▏     | 828/2000 [00:51<00:52, 22.35it/s]
 42%|████▏     | 831/2000 [00:51<00:50, 23.04it/s]
 42%|████▏     | 834/2000 [00:51<00:49, 23.56it/s]
 42%|████▏     | 837/2000 [00:51<00:48, 23.82it/s]
 42%|████▏     | 840/2000 [00:51<00:48, 24.09it/s]
 42%|████▏     | 843/2000 [00:51<00:56, 20.64it/s]
 42%|████▏     | 846/2000 [00:52<00:54, 21.24it/s]
 42%|████▏     | 849/2000 [00:52<00:51, 22.25it/s]
 43%|████▎     | 852/2000 [00:52<00:49, 23.01it/s]
 43%|████▎     | 855/2000 [00:52<00:48, 23.60it/s]
 43%|████▎     | 858/2000 [00:52<00:47, 23.87it/s]
 43%|████▎     | 861/2000 [00:52<00:47, 24.12it/s]
 43%|████▎     | 864/2000 [00:52<00:46, 24.25it/s]
 43%|████▎     | 867/2000 [00:52<00:46, 24.45it/s]
 44%|████▎     | 870/2000 [00:53<00:46, 24.46it/s]
 44%|████▎     | 873/2000 [00:53<01:01, 18.21it/s]
 44%|████▍     | 876/2000 [00:53<00:57, 19.55it/s]
 44%|████▍     | 879/2000 [00:53<00:53, 20.87it/s]
 44%|████▍     | 882/2000 [00:53<00:50, 21.93it/s]
 44%|████▍     | 885/2000 [00:53<00:48, 22.76it/s]
 44%|████▍     | 888/2000 [00:53<00:47, 23.35it/s]
 45%|████▍     | 891/2000 [00:54<00:46, 23.81it/s]
 45%|████▍     | 894/2000 [00:54<00:45, 24.17it/s]
 45%|████▍     | 897/2000 [00:54<00:45, 24.42it/s]
 45%|████▌     | 900/2000 [00:54<00:44, 24.53it/s]
 45%|████▌     | 903/2000 [00:54<00:44, 24.54it/s]
 45%|████▌     | 906/2000 [00:54<00:44, 24.65it/s]
 45%|████▌     | 909/2000 [00:54<00:44, 24.65it/s]
 46%|████▌     | 912/2000 [00:55<00:51, 20.95it/s]
 46%|████▌     | 915/2000 [00:55<00:49, 21.95it/s]
 46%|████▌     | 918/2000 [00:55<00:47, 22.76it/s]
 46%|████▌     | 921/2000 [00:55<00:46, 23.36it/s]
 46%|████▌     | 924/2000 [00:55<00:45, 23.83it/s]
 46%|████▋     | 927/2000 [00:55<00:44, 24.21it/s]
 46%|████▋     | 930/2000 [00:55<00:43, 24.45it/s]
 47%|████▋     | 933/2000 [00:55<00:43, 24.65it/s]
 47%|████▋     | 936/2000 [00:55<00:42, 24.76it/s]
 47%|████▋     | 939/2000 [00:56<00:42, 24.85it/s]
 47%|████▋     | 942/2000 [00:56<00:42, 24.97it/s]
 47%|████▋     | 945/2000 [00:56<00:42, 24.93it/s]
 47%|████▋     | 948/2000 [00:56<00:42, 25.02it/s]
 48%|████▊     | 951/2000 [00:56<00:41, 24.99it/s]
 48%|████▊     | 954/2000 [00:56<00:41, 25.00it/s]
 48%|████▊     | 957/2000 [00:56<00:41, 25.07it/s]
 48%|████▊     | 960/2000 [00:56<00:41, 25.10it/s]
 48%|████▊     | 963/2000 [00:57<00:51, 20.11it/s]
 48%|████▊     | 966/2000 [00:57<00:48, 21.23it/s]
 48%|████▊     | 969/2000 [00:57<00:46, 22.20it/s]
 49%|████▊     | 972/2000 [00:57<01:05, 15.60it/s]
 49%|████▉     | 975/2000 [00:57<00:59, 17.33it/s]
 49%|████▉     | 978/2000 [00:57<00:53, 19.12it/s]
 49%|████▉     | 981/2000 [00:58<00:49, 20.58it/s]
 49%|████▉     | 984/2000 [00:58<00:46, 21.74it/s]
 49%|████▉     | 987/2000 [00:58<00:51, 19.55it/s]
 50%|████▉     | 990/2000 [00:58<00:48, 20.89it/s]
 50%|████▉     | 993/2000 [00:58<00:45, 21.98it/s]
 50%|████▉     | 996/2000 [00:58<00:44, 22.81it/s]
 50%|████▉     | 999/2000 [00:58<00:42, 23.41it/s]
 50%|█████     | 1002/2000 [00:58<00:41, 23.85it/s]
 50%|█████     | 1005/2000 [00:59<00:41, 24.27it/s]
 50%|█████     | 1008/2000 [00:59<00:40, 24.50it/s]
 51%|█████     | 1011/2000 [00:59<00:47, 20.63it/s]
 51%|█████     | 1014/2000 [00:59<00:45, 21.70it/s]
 51%|█████     | 1017/2000 [00:59<00:43, 22.67it/s]
 51%|█████     | 1020/2000 [00:59<00:42, 23.30it/s]
 51%|█████     | 1023/2000 [00:59<00:41, 23.80it/s]
 51%|█████▏    | 1026/2000 [01:00<00:40, 24.16it/s]
 51%|█████▏    | 1029/2000 [01:00<00:39, 24.47it/s]
 52%|█████▏    | 1032/2000 [01:00<00:45, 21.18it/s]
 52%|█████▏    | 1035/2000 [01:00<00:44, 21.75it/s]
 52%|█████▏    | 1038/2000 [01:00<00:42, 22.59it/s]
 52%|█████▏    | 1041/2000 [01:00<00:41, 23.26it/s]
 52%|█████▏    | 1044/2000 [01:00<00:40, 23.78it/s]
 52%|█████▏    | 1047/2000 [01:00<00:39, 24.17it/s]
 52%|█████▎    | 1050/2000 [01:01<00:38, 24.46it/s]
 53%|█████▎    | 1053/2000 [01:01<00:38, 24.68it/s]
 53%|█████▎    | 1056/2000 [01:01<00:38, 24.81it/s]
 53%|█████▎    | 1059/2000 [01:01<00:37, 24.86it/s]
 53%|█████▎    | 1062/2000 [01:01<00:37, 24.96it/s]
 53%|█████▎    | 1065/2000 [01:01<00:37, 25.01it/s]
 53%|█████▎    | 1068/2000 [01:01<00:37, 24.97it/s]
 54%|█████▎    | 1071/2000 [01:01<00:37, 25.04it/s]
 54%|█████▎    | 1074/2000 [01:02<00:36, 25.06it/s]
 54%|█████▍    | 1077/2000 [01:02<00:36, 25.07it/s]
 54%|█████▍    | 1080/2000 [01:02<00:36, 25.09it/s]
 54%|█████▍    | 1083/2000 [01:02<00:36, 25.02it/s]
 54%|█████▍    | 1086/2000 [01:02<00:36, 25.05it/s]
 54%|█████▍    | 1089/2000 [01:02<00:36, 25.03it/s]
 55%|█████▍    | 1092/2000 [01:02<00:36, 25.02it/s]
 55%|█████▍    | 1095/2000 [01:02<00:36, 24.99it/s]
 55%|█████▍    | 1098/2000 [01:03<00:42, 21.03it/s]
 55%|█████▌    | 1101/2000 [01:03<00:40, 22.02it/s]
 55%|█████▌    | 1104/2000 [01:03<00:39, 22.84it/s]
 55%|█████▌    | 1107/2000 [01:03<00:38, 23.47it/s]
 56%|█████▌    | 1110/2000 [01:03<00:37, 23.78it/s]
 56%|█████▌    | 1113/2000 [01:03<00:36, 24.12it/s]
 56%|█████▌    | 1116/2000 [01:03<00:36, 24.35it/s]
 56%|█████▌    | 1119/2000 [01:03<00:42, 20.89it/s]
 56%|█████▌    | 1122/2000 [01:04<00:40, 21.57it/s]
 56%|█████▋    | 1125/2000 [01:04<00:39, 22.40it/s]
 56%|█████▋    | 1128/2000 [01:04<00:37, 23.07it/s]
 57%|█████▋    | 1131/2000 [01:04<00:43, 19.99it/s]
 57%|█████▋    | 1134/2000 [01:04<00:46, 18.51it/s]
 57%|█████▋    | 1137/2000 [01:04<00:44, 19.53it/s]
 57%|█████▋    | 1140/2000 [01:05<00:47, 18.25it/s]
 57%|█████▋    | 1143/2000 [01:05<00:43, 19.71it/s]
 57%|█████▋    | 1146/2000 [01:05<00:46, 18.39it/s]
 57%|█████▋    | 1149/2000 [01:05<00:43, 19.77it/s]
 58%|█████▊    | 1152/2000 [01:05<00:40, 21.08it/s]
 58%|█████▊    | 1155/2000 [01:05<00:38, 22.07it/s]
 58%|█████▊    | 1158/2000 [01:05<00:36, 22.88it/s]
 58%|█████▊    | 1161/2000 [01:05<00:35, 23.54it/s]
 58%|█████▊    | 1164/2000 [01:06<00:34, 23.96it/s]
 58%|█████▊    | 1167/2000 [01:06<00:40, 20.69it/s]
 58%|█████▊    | 1170/2000 [01:06<00:38, 21.71it/s]
 59%|█████▊    | 1173/2000 [01:06<00:36, 22.64it/s]
 59%|█████▉    | 1176/2000 [01:06<00:35, 23.29it/s]
 59%|█████▉    | 1179/2000 [01:06<00:34, 23.77it/s]
 59%|█████▉    | 1182/2000 [01:06<00:33, 24.16it/s]
 59%|█████▉    | 1185/2000 [01:07<00:33, 24.43it/s]
 59%|█████▉    | 1188/2000 [01:07<00:38, 21.19it/s]
 60%|█████▉    | 1191/2000 [01:07<00:36, 22.18it/s]
 60%|█████▉    | 1194/2000 [01:07<00:35, 22.97it/s]
 60%|█████▉    | 1197/2000 [01:07<00:34, 23.55it/s]
 60%|██████    | 1200/2000 [01:07<00:33, 23.99it/s]
 60%|██████    | 1203/2000 [01:07<00:32, 24.33it/s]
 60%|██████    | 1206/2000 [01:07<00:32, 24.58it/s]
 60%|██████    | 1209/2000 [01:08<00:32, 24.71it/s]
 61%|██████    | 1212/2000 [01:08<00:31, 24.83it/s]
 61%|██████    | 1215/2000 [01:08<00:31, 24.93it/s]
 61%|██████    | 1218/2000 [01:08<00:31, 24.98it/s]
 61%|██████    | 1221/2000 [01:08<00:31, 24.99it/s]
 61%|██████    | 1224/2000 [01:08<00:31, 24.93it/s]
 61%|██████▏   | 1227/2000 [01:08<00:30, 24.96it/s]
 62%|██████▏   | 1230/2000 [01:08<00:30, 25.00it/s]
 62%|██████▏   | 1233/2000 [01:08<00:30, 24.92it/s]
 62%|██████▏   | 1236/2000 [01:09<00:30, 24.96it/s]
 62%|██████▏   | 1239/2000 [01:09<00:30, 24.99it/s]
 62%|██████▏   | 1242/2000 [01:09<00:30, 24.93it/s]
 62%|██████▏   | 1245/2000 [01:09<00:30, 24.96it/s]
 62%|██████▏   | 1248/2000 [01:09<00:30, 24.94it/s]
 63%|██████▎   | 1251/2000 [01:09<00:30, 24.84it/s]
 63%|██████▎   | 1254/2000 [01:09<00:30, 24.83it/s]
 63%|██████▎   | 1257/2000 [01:09<00:29, 24.81it/s]
 63%|██████▎   | 1260/2000 [01:10<00:29, 24.77it/s]
 63%|██████▎   | 1263/2000 [01:10<00:29, 24.87it/s]
 63%|██████▎   | 1266/2000 [01:10<00:29, 24.92it/s]
 63%|██████▎   | 1269/2000 [01:10<00:29, 25.00it/s]
 64%|██████▎   | 1272/2000 [01:10<00:29, 24.99it/s]
 64%|██████▍   | 1275/2000 [01:10<00:39, 18.20it/s]
 64%|██████▍   | 1278/2000 [01:10<00:37, 19.34it/s]
 64%|██████▍   | 1281/2000 [01:11<00:41, 17.52it/s]
 64%|██████▍   | 1283/2000 [01:11<00:43, 16.34it/s]
 64%|██████▍   | 1286/2000 [01:11<00:38, 18.34it/s]
 64%|██████▍   | 1288/2000 [01:11<00:42, 16.76it/s]
 65%|██████▍   | 1291/2000 [01:11<00:38, 18.60it/s]
 65%|██████▍   | 1294/2000 [01:11<00:34, 20.24it/s]
 65%|██████▍   | 1297/2000 [01:11<00:32, 21.52it/s]
 65%|██████▌   | 1300/2000 [01:12<00:31, 22.53it/s]
 65%|██████▌   | 1303/2000 [01:12<00:29, 23.26it/s]
 65%|██████▌   | 1306/2000 [01:12<00:29, 23.82it/s]
 65%|██████▌   | 1309/2000 [01:12<00:28, 24.20it/s]
 66%|██████▌   | 1312/2000 [01:12<00:28, 24.45it/s]
 66%|██████▌   | 1315/2000 [01:12<00:27, 24.66it/s]
 66%|██████▌   | 1318/2000 [01:12<00:27, 24.78it/s]
 66%|██████▌   | 1321/2000 [01:12<00:27, 24.89it/s]
 66%|██████▌   | 1324/2000 [01:13<00:27, 24.98it/s]
 66%|██████▋   | 1327/2000 [01:13<00:26, 24.98it/s]
 66%|██████▋   | 1330/2000 [01:13<00:31, 21.32it/s]
 67%|██████▋   | 1333/2000 [01:13<00:38, 17.30it/s]
 67%|██████▋   | 1335/2000 [01:13<00:40, 16.45it/s]
 67%|██████▋   | 1337/2000 [01:13<00:39, 16.95it/s]
 67%|██████▋   | 1339/2000 [01:13<00:42, 15.67it/s]
 67%|██████▋   | 1342/2000 [01:14<00:36, 18.04it/s]
 67%|██████▋   | 1345/2000 [01:14<00:32, 19.95it/s]
 67%|██████▋   | 1348/2000 [01:14<00:30, 21.36it/s]
 68%|██████▊   | 1351/2000 [01:14<00:28, 22.43it/s]
 68%|██████▊   | 1354/2000 [01:14<00:27, 23.20it/s]
 68%|██████▊   | 1357/2000 [01:14<00:27, 23.69it/s]
 68%|██████▊   | 1360/2000 [01:14<00:26, 24.12it/s]
 68%|██████▊   | 1363/2000 [01:14<00:26, 24.44it/s]
 68%|██████▊   | 1366/2000 [01:15<00:30, 20.55it/s]
 68%|██████▊   | 1369/2000 [01:15<00:28, 21.77it/s]
 69%|██████▊   | 1372/2000 [01:15<00:27, 22.63it/s]
 69%|██████▉   | 1375/2000 [01:15<00:26, 23.24it/s]
 69%|██████▉   | 1378/2000 [01:15<00:26, 23.73it/s]
 69%|██████▉   | 1381/2000 [01:15<00:25, 24.05it/s]
 69%|██████▉   | 1384/2000 [01:15<00:25, 24.32it/s]
 69%|██████▉   | 1387/2000 [01:15<00:24, 24.56it/s]
 70%|██████▉   | 1390/2000 [01:16<00:24, 24.68it/s]
 70%|██████▉   | 1393/2000 [01:16<00:24, 24.76it/s]
 70%|██████▉   | 1396/2000 [01:16<00:24, 24.79it/s]
 70%|██████▉   | 1399/2000 [01:16<00:24, 24.83it/s]
 70%|███████   | 1402/2000 [01:16<00:23, 24.92it/s]
 70%|███████   | 1405/2000 [01:16<00:23, 24.92it/s]
 70%|███████   | 1408/2000 [01:16<00:23, 24.86it/s]
 71%|███████   | 1411/2000 [01:16<00:23, 24.95it/s]
 71%|███████   | 1414/2000 [01:17<00:23, 24.98it/s]
 71%|███████   | 1417/2000 [01:17<00:23, 25.01it/s]
 71%|███████   | 1420/2000 [01:17<00:23, 24.99it/s]
 71%|███████   | 1423/2000 [01:17<00:23, 24.95it/s]
 71%|███████▏  | 1426/2000 [01:17<00:22, 25.03it/s]
 71%|███████▏  | 1429/2000 [01:17<00:22, 25.13it/s]
 72%|███████▏  | 1432/2000 [01:17<00:22, 25.17it/s]
 72%|███████▏  | 1435/2000 [01:17<00:22, 25.17it/s]
 72%|███████▏  | 1438/2000 [01:18<00:26, 21.23it/s]
 72%|███████▏  | 1441/2000 [01:18<00:38, 14.60it/s]
 72%|███████▏  | 1444/2000 [01:18<00:33, 16.59it/s]
 72%|███████▏  | 1447/2000 [01:18<00:29, 18.45it/s]
 72%|███████▎  | 1450/2000 [01:18<00:27, 20.04it/s]
 73%|███████▎  | 1453/2000 [01:18<00:25, 21.33it/s]
 73%|███████▎  | 1456/2000 [01:19<00:24, 22.22it/s]
 73%|███████▎  | 1459/2000 [01:19<00:23, 22.97it/s]
 73%|███████▎  | 1462/2000 [01:19<00:22, 23.56it/s]
 73%|███████▎  | 1465/2000 [01:19<00:22, 23.96it/s]
 73%|███████▎  | 1468/2000 [01:19<00:21, 24.21it/s]
 74%|███████▎  | 1471/2000 [01:19<00:21, 24.47it/s]
 74%|███████▎  | 1474/2000 [01:19<00:25, 20.82it/s]
 74%|███████▍  | 1477/2000 [01:19<00:24, 21.23it/s]
 74%|███████▍  | 1480/2000 [01:20<00:23, 22.23it/s]
 74%|███████▍  | 1483/2000 [01:20<00:22, 23.04it/s]
 74%|███████▍  | 1486/2000 [01:20<00:21, 23.61it/s]
 74%|███████▍  | 1489/2000 [01:20<00:21, 23.99it/s]
 75%|███████▍  | 1492/2000 [01:20<00:20, 24.30it/s]
 75%|███████▍  | 1495/2000 [01:20<00:20, 24.60it/s]
 75%|███████▍  | 1498/2000 [01:20<00:20, 24.77it/s]
 75%|███████▌  | 1501/2000 [01:20<00:20, 24.87it/s]
 75%|███████▌  | 1504/2000 [01:21<00:19, 24.96it/s]
 75%|███████▌  | 1507/2000 [01:21<00:19, 25.07it/s]
 76%|███████▌  | 1510/2000 [01:21<00:19, 25.11it/s]
 76%|███████▌  | 1513/2000 [01:21<00:22, 21.47it/s]
 76%|███████▌  | 1516/2000 [01:21<00:21, 22.04it/s]
 76%|███████▌  | 1519/2000 [01:21<00:21, 22.89it/s]
 76%|███████▌  | 1522/2000 [01:21<00:20, 23.55it/s]
 76%|███████▋  | 1525/2000 [01:21<00:19, 24.01it/s]
 76%|███████▋  | 1528/2000 [01:22<00:19, 24.41it/s]
 77%|███████▋  | 1531/2000 [01:22<00:19, 24.22it/s]
 77%|███████▋  | 1534/2000 [01:22<00:19, 24.27it/s]
 77%|███████▋  | 1537/2000 [01:22<00:18, 24.46it/s]
 77%|███████▋  | 1540/2000 [01:22<00:18, 24.62it/s]
 77%|███████▋  | 1543/2000 [01:22<00:18, 24.72it/s]
 77%|███████▋  | 1546/2000 [01:22<00:18, 24.82it/s]
 77%|███████▋  | 1549/2000 [01:22<00:18, 24.93it/s]
 78%|███████▊  | 1552/2000 [01:23<00:17, 25.00it/s]
 78%|███████▊  | 1555/2000 [01:23<00:17, 25.00it/s]
 78%|███████▊  | 1558/2000 [01:23<00:17, 24.95it/s]
 78%|███████▊  | 1561/2000 [01:23<00:17, 24.92it/s]
 78%|███████▊  | 1564/2000 [01:23<00:17, 24.94it/s]
 78%|███████▊  | 1567/2000 [01:23<00:17, 24.88it/s]
 78%|███████▊  | 1570/2000 [01:24<00:27, 15.41it/s]
 79%|███████▊  | 1573/2000 [01:24<00:24, 17.27it/s]
 79%|███████▉  | 1576/2000 [01:24<00:22, 19.03it/s]
 79%|███████▉  | 1579/2000 [01:24<00:20, 20.49it/s]
 79%|███████▉  | 1582/2000 [01:24<00:19, 21.69it/s]
 79%|███████▉  | 1585/2000 [01:24<00:18, 22.56it/s]
 79%|███████▉  | 1588/2000 [01:24<00:17, 23.19it/s]
 80%|███████▉  | 1591/2000 [01:24<00:17, 23.70it/s]
 80%|███████▉  | 1594/2000 [01:24<00:16, 24.11it/s]
 80%|███████▉  | 1597/2000 [01:25<00:16, 24.40it/s]
 80%|████████  | 1600/2000 [01:25<00:16, 24.61it/s]
 80%|████████  | 1603/2000 [01:25<00:16, 24.63it/s]
 80%|████████  | 1606/2000 [01:25<00:15, 24.76it/s]
 80%|████████  | 1609/2000 [01:25<00:15, 24.80it/s]
 81%|████████  | 1612/2000 [01:25<00:15, 24.84it/s]
 81%|████████  | 1615/2000 [01:25<00:15, 24.86it/s]
 81%|████████  | 1618/2000 [01:25<00:15, 24.89it/s]
 81%|████████  | 1621/2000 [01:26<00:15, 24.87it/s]
 81%|████████  | 1624/2000 [01:26<00:15, 24.91it/s]
 81%|████████▏ | 1627/2000 [01:26<00:18, 20.48it/s]
 82%|████████▏ | 1630/2000 [01:26<00:17, 21.59it/s]
 82%|████████▏ | 1633/2000 [01:26<00:16, 22.43it/s]
 82%|████████▏ | 1636/2000 [01:26<00:15, 23.07it/s]
 82%|████████▏ | 1639/2000 [01:26<00:15, 23.55it/s]
 82%|████████▏ | 1642/2000 [01:27<00:20, 17.68it/s]
 82%|████████▏ | 1645/2000 [01:27<00:18, 19.16it/s]
 82%|████████▏ | 1648/2000 [01:27<00:17, 20.48it/s]
 83%|████████▎ | 1651/2000 [01:27<00:16, 21.61it/s]
 83%|████████▎ | 1654/2000 [01:27<00:15, 22.44it/s]
 83%|████████▎ | 1657/2000 [01:27<00:14, 23.11it/s]
 83%|████████▎ | 1660/2000 [01:27<00:14, 23.60it/s]
 83%|████████▎ | 1663/2000 [01:28<00:14, 24.02it/s]
 83%|████████▎ | 1666/2000 [01:28<00:13, 24.32it/s]
 83%|████████▎ | 1669/2000 [01:28<00:13, 24.57it/s]
 84%|████████▎ | 1672/2000 [01:28<00:13, 24.70it/s]
 84%|████████▍ | 1675/2000 [01:28<00:13, 24.80it/s]
 84%|████████▍ | 1678/2000 [01:28<00:15, 21.18it/s]
 84%|████████▍ | 1681/2000 [01:28<00:14, 22.13it/s]
 84%|████████▍ | 1684/2000 [01:28<00:13, 22.91it/s]
 84%|████████▍ | 1687/2000 [01:29<00:13, 23.52it/s]
 84%|████████▍ | 1690/2000 [01:29<00:12, 23.95it/s]
 85%|████████▍ | 1693/2000 [01:29<00:12, 24.18it/s]
 85%|████████▍ | 1696/2000 [01:29<00:12, 24.41it/s]
 85%|████████▍ | 1699/2000 [01:29<00:12, 24.59it/s]
 85%|████████▌ | 1702/2000 [01:29<00:12, 24.70it/s]
 85%|████████▌ | 1705/2000 [01:29<00:12, 24.58it/s]
 85%|████████▌ | 1708/2000 [01:29<00:11, 24.66it/s]
 86%|████████▌ | 1711/2000 [01:30<00:13, 20.78it/s]
 86%|████████▌ | 1714/2000 [01:30<00:13, 21.71it/s]
 86%|████████▌ | 1717/2000 [01:30<00:12, 22.57it/s]
 86%|████████▌ | 1720/2000 [01:30<00:12, 23.21it/s]
 86%|████████▌ | 1723/2000 [01:30<00:11, 23.65it/s]
 86%|████████▋ | 1726/2000 [01:30<00:11, 23.87it/s]
 86%|████████▋ | 1729/2000 [01:30<00:11, 24.10it/s]
 87%|████████▋ | 1732/2000 [01:31<00:13, 20.49it/s]
 87%|████████▋ | 1735/2000 [01:31<00:12, 21.47it/s]
 87%|████████▋ | 1738/2000 [01:31<00:13, 19.41it/s]
 87%|████████▋ | 1741/2000 [01:31<00:12, 20.75it/s]
 87%|████████▋ | 1744/2000 [01:31<00:11, 21.82it/s]
 87%|████████▋ | 1747/2000 [01:31<00:11, 22.64it/s]
 88%|████████▊ | 1750/2000 [01:31<00:10, 23.24it/s]
 88%|████████▊ | 1753/2000 [01:31<00:10, 23.76it/s]
 88%|████████▊ | 1756/2000 [01:32<00:10, 24.13it/s]
 88%|████████▊ | 1759/2000 [01:32<00:09, 24.35it/s]
 88%|████████▊ | 1762/2000 [01:32<00:09, 24.54it/s]
 88%|████████▊ | 1765/2000 [01:32<00:09, 24.68it/s]
 88%|████████▊ | 1768/2000 [01:32<00:09, 24.74it/s]
 89%|████████▊ | 1771/2000 [01:32<00:09, 24.79it/s]
 89%|████████▊ | 1774/2000 [01:32<00:09, 24.78it/s]
 89%|████████▉ | 1777/2000 [01:32<00:08, 24.83it/s]
 89%|████████▉ | 1780/2000 [01:33<00:08, 24.88it/s]
 89%|████████▉ | 1783/2000 [01:33<00:08, 24.93it/s]
 89%|████████▉ | 1786/2000 [01:33<00:08, 24.90it/s]
 89%|████████▉ | 1789/2000 [01:33<00:08, 24.90it/s]
 90%|████████▉ | 1792/2000 [01:33<00:08, 24.88it/s]
 90%|████████▉ | 1795/2000 [01:33<00:08, 24.91it/s]
 90%|████████▉ | 1798/2000 [01:33<00:08, 24.92it/s]
 90%|█████████ | 1801/2000 [01:33<00:07, 24.92it/s]
 90%|█████████ | 1804/2000 [01:33<00:07, 24.95it/s]
 90%|█████████ | 1807/2000 [01:34<00:07, 24.94it/s]
 90%|█████████ | 1810/2000 [01:34<00:07, 24.93it/s]
 91%|█████████ | 1813/2000 [01:34<00:07, 24.83it/s]
 91%|█████████ | 1816/2000 [01:34<00:07, 24.87it/s]
 91%|█████████ | 1819/2000 [01:34<00:08, 21.34it/s]
 91%|█████████ | 1822/2000 [01:34<00:09, 19.22it/s]
 91%|█████████▏| 1825/2000 [01:34<00:08, 20.22it/s]
 91%|█████████▏| 1828/2000 [01:35<00:08, 21.39it/s]
 92%|█████████▏| 1831/2000 [01:35<00:07, 22.31it/s]
 92%|█████████▏| 1834/2000 [01:35<00:07, 22.91it/s]
 92%|█████████▏| 1837/2000 [01:35<00:06, 23.44it/s]
 92%|█████████▏| 1840/2000 [01:35<00:06, 23.83it/s]
 92%|█████████▏| 1843/2000 [01:35<00:06, 24.18it/s]
 92%|█████████▏| 1846/2000 [01:35<00:06, 24.31it/s]
 92%|█████████▏| 1849/2000 [01:35<00:06, 24.52it/s]
 93%|█████████▎| 1852/2000 [01:36<00:05, 24.74it/s]
 93%|█████████▎| 1855/2000 [01:36<00:05, 24.86it/s]
 93%|█████████▎| 1858/2000 [01:36<00:05, 24.84it/s]
 93%|█████████▎| 1861/2000 [01:36<00:05, 24.86it/s]
 93%|█████████▎| 1864/2000 [01:36<00:05, 24.84it/s]
 93%|█████████▎| 1867/2000 [01:36<00:05, 24.84it/s]
 94%|█████████▎| 1870/2000 [01:36<00:05, 24.88it/s]
 94%|█████████▎| 1873/2000 [01:36<00:05, 24.84it/s]
 94%|█████████▍| 1876/2000 [01:37<00:04, 24.82it/s]
 94%|█████████▍| 1879/2000 [01:37<00:04, 24.68it/s]
 94%|█████████▍| 1882/2000 [01:37<00:04, 24.68it/s]
 94%|█████████▍| 1885/2000 [01:37<00:04, 24.65it/s]
 94%|█████████▍| 1888/2000 [01:37<00:04, 24.69it/s]
 95%|█████████▍| 1891/2000 [01:37<00:04, 24.63it/s]
 95%|█████████▍| 1894/2000 [01:37<00:04, 24.65it/s]
 95%|█████████▍| 1897/2000 [01:37<00:04, 24.74it/s]
 95%|█████████▌| 1900/2000 [01:37<00:04, 24.84it/s]
 95%|█████████▌| 1903/2000 [01:38<00:03, 24.85it/s]
 95%|█████████▌| 1906/2000 [01:38<00:03, 24.82it/s]
 95%|█████████▌| 1909/2000 [01:38<00:03, 24.82it/s]
 96%|█████████▌| 1912/2000 [01:38<00:03, 24.81it/s]
 96%|█████████▌| 1915/2000 [01:38<00:03, 24.82it/s]
 96%|█████████▌| 1918/2000 [01:38<00:03, 24.85it/s]
 96%|█████████▌| 1921/2000 [01:38<00:03, 24.87it/s]
 96%|█████████▌| 1924/2000 [01:38<00:03, 24.80it/s]
 96%|█████████▋| 1927/2000 [01:39<00:03, 21.09it/s]
 96%|█████████▋| 1930/2000 [01:39<00:03, 22.13it/s]
 97%|█████████▋| 1933/2000 [01:39<00:02, 22.86it/s]
 97%|█████████▋| 1936/2000 [01:39<00:02, 23.40it/s]
 97%|█████████▋| 1939/2000 [01:39<00:02, 23.84it/s]
 97%|█████████▋| 1942/2000 [01:39<00:02, 24.14it/s]
 97%|█████████▋| 1945/2000 [01:39<00:02, 24.27it/s]
 97%|█████████▋| 1948/2000 [01:39<00:02, 24.40it/s]
 98%|█████████▊| 1951/2000 [01:40<00:02, 24.47it/s]
 98%|█████████▊| 1954/2000 [01:40<00:02, 20.89it/s]
 98%|█████████▊| 1957/2000 [01:40<00:01, 21.86it/s]
 98%|█████████▊| 1960/2000 [01:40<00:01, 22.62it/s]
 98%|█████████▊| 1963/2000 [01:40<00:01, 23.22it/s]
 98%|█████████▊| 1966/2000 [01:40<00:01, 23.67it/s]
 98%|█████████▊| 1969/2000 [01:40<00:01, 24.04it/s]
 99%|█████████▊| 1972/2000 [01:41<00:01, 24.36it/s]
 99%|█████████▉| 1975/2000 [01:41<00:01, 24.55it/s]
 99%|█████████▉| 1978/2000 [01:41<00:00, 24.69it/s]
 99%|█████████▉| 1981/2000 [01:41<00:00, 21.10it/s]
 99%|█████████▉| 1984/2000 [01:41<00:00, 21.86it/s]
 99%|█████████▉| 1987/2000 [01:41<00:00, 19.23it/s]
100%|█████████▉| 1990/2000 [01:41<00:00, 20.57it/s]
100%|█████████▉| 1993/2000 [01:42<00:00, 21.71it/s]
100%|█████████▉| 1996/2000 [01:42<00:00, 19.35it/s]
100%|█████████▉| 1999/2000 [01:42<00:00, 17.75it/s]
100%|██████████| 2000/2000 [01:42<00:00, 19.51it/s]
  P(true) judge for fanar-longform (731 rows)...

  0%|          | 0/731 [00:00<?, ?it/s]
  0%|          | 2/731 [00:00<00:46, 15.60it/s]
  1%|          | 4/731 [00:00<00:55, 13.20it/s]
  1%|          | 6/731 [00:00<00:55, 12.96it/s]
  1%|          | 8/731 [00:00<01:07, 10.69it/s]
  1%|▏         | 10/731 [00:00<01:17,  9.29it/s]
  2%|▏         | 11/731 [00:01<01:21,  8.88it/s]
  2%|▏         | 12/731 [00:01<01:24,  8.47it/s]
  2%|▏         | 13/731 [00:01<01:26,  8.35it/s]
  2%|▏         | 14/731 [00:01<01:34,  7.58it/s]
  2%|▏         | 16/731 [00:01<01:19,  8.97it/s]
  2%|▏         | 17/731 [00:01<01:28,  8.10it/s]
  2%|▏         | 18/731 [00:02<01:34,  7.56it/s]
  3%|▎         | 19/731 [00:02<01:36,  7.39it/s]
  3%|▎         | 20/731 [00:02<01:33,  7.59it/s]
  3%|▎         | 21/731 [00:02<01:42,  6.92it/s]
  3%|▎         | 22/731 [00:02<01:36,  7.31it/s]
  3%|▎         | 23/731 [00:02<01:34,  7.50it/s]
  3%|▎         | 25/731 [00:02<01:20,  8.72it/s]
  4%|▎         | 26/731 [00:02<01:21,  8.61it/s]
  4%|▍         | 29/731 [00:03<01:02, 11.20it/s]
  4%|▍         | 31/731 [00:03<01:02, 11.28it/s]
  5%|▍         | 33/731 [00:03<01:07, 10.34it/s]
  5%|▍         | 35/731 [00:03<01:07, 10.36it/s]
  5%|▌         | 37/731 [00:03<01:02, 11.16it/s]
  5%|▌         | 39/731 [00:04<01:00, 11.38it/s]
  6%|▌         | 41/731 [00:04<01:08, 10.03it/s]
  6%|▌         | 43/731 [00:04<01:13,  9.41it/s]
  6%|▌         | 44/731 [00:04<01:15,  9.14it/s]
  6%|▌         | 45/731 [00:04<01:16,  9.01it/s]
  6%|▋         | 46/731 [00:04<01:22,  8.35it/s]
  6%|▋         | 47/731 [00:05<01:20,  8.54it/s]
  7%|▋         | 48/731 [00:05<01:19,  8.57it/s]
  7%|▋         | 50/731 [00:05<01:09,  9.83it/s]
  7%|▋         | 51/731 [00:05<01:11,  9.49it/s]
  7%|▋         | 52/731 [00:05<01:17,  8.71it/s]
  7%|▋         | 53/731 [00:05<01:40,  6.75it/s]
  8%|▊         | 55/731 [00:06<01:19,  8.54it/s]
  8%|▊         | 57/731 [00:06<01:09,  9.69it/s]
  8%|▊         | 59/731 [00:06<01:14,  8.98it/s]
  8%|▊         | 60/731 [00:06<01:18,  8.55it/s]
  8%|▊         | 62/731 [00:06<01:08,  9.74it/s]
  9%|▊         | 63/731 [00:06<01:11,  9.38it/s]
  9%|▉         | 66/731 [00:07<00:58, 11.37it/s]
  9%|▉         | 68/731 [00:07<00:58, 11.36it/s]
 10%|▉         | 70/731 [00:07<01:02, 10.55it/s]
 10%|▉         | 72/731 [00:07<01:16,  8.61it/s]
 10%|▉         | 73/731 [00:07<01:18,  8.43it/s]
 10%|█         | 74/731 [00:08<01:19,  8.26it/s]
 10%|█         | 75/731 [00:08<01:21,  8.08it/s]
 10%|█         | 76/731 [00:08<01:22,  7.98it/s]
 11%|█         | 77/731 [00:08<01:22,  7.89it/s]
 11%|█         | 79/731 [00:08<01:12,  9.02it/s]
 11%|█         | 81/731 [00:08<01:04, 10.06it/s]
 11%|█▏        | 84/731 [00:08<00:47, 13.61it/s]
 12%|█▏        | 86/731 [00:09<00:47, 13.45it/s]
 12%|█▏        | 88/731 [00:09<00:59, 10.74it/s]
 12%|█▏        | 90/731 [00:09<01:04,  9.88it/s]
 13%|█▎        | 93/731 [00:09<00:56, 11.26it/s]
 13%|█▎        | 95/731 [00:09<00:54, 11.68it/s]
 13%|█▎        | 97/731 [00:10<01:02, 10.10it/s]
 14%|█▎        | 99/731 [00:10<01:00, 10.41it/s]
 14%|█▍        | 101/731 [00:10<01:03,  9.85it/s]
 14%|█▍        | 103/731 [00:10<01:00, 10.38it/s]
 14%|█▍        | 105/731 [00:11<01:07,  9.25it/s]
 15%|█▍        | 106/731 [00:11<01:13,  8.52it/s]
 15%|█▍        | 107/731 [00:11<01:12,  8.64it/s]
 15%|█▍        | 108/731 [00:11<01:12,  8.57it/s]
 15%|█▍        | 109/731 [00:11<01:11,  8.65it/s]
 15%|█▌        | 110/731 [00:11<01:15,  8.19it/s]
 15%|█▌        | 111/731 [00:11<01:15,  8.16it/s]
 15%|█▌        | 112/731 [00:11<01:14,  8.34it/s]
 15%|█▌        | 113/731 [00:12<01:16,  8.03it/s]
 16%|█▌        | 114/731 [00:12<01:14,  8.28it/s]
 16%|█▌        | 115/731 [00:12<01:13,  8.43it/s]
 16%|█▌        | 116/731 [00:12<01:12,  8.46it/s]
 16%|█▌        | 117/731 [00:12<01:11,  8.56it/s]
 16%|█▌        | 118/731 [00:12<01:11,  8.60it/s]
 17%|█▋        | 121/731 [00:12<00:53, 11.44it/s]
 17%|█▋        | 123/731 [00:13<01:01,  9.85it/s]
 17%|█▋        | 124/731 [00:13<01:03,  9.62it/s]
 17%|█▋        | 125/731 [00:13<01:05,  9.22it/s]
 17%|█▋        | 127/731 [00:13<01:00, 10.04it/s]
 18%|█▊        | 128/731 [00:13<01:02,  9.60it/s]
 18%|█▊        | 129/731 [00:13<01:05,  9.14it/s]
 18%|█▊        | 130/731 [00:13<01:12,  8.31it/s]
 18%|█▊        | 131/731 [00:14<01:13,  8.17it/s]
 18%|█▊        | 132/731 [00:14<01:15,  7.91it/s]
 18%|█▊        | 133/731 [00:14<01:17,  7.68it/s]
 19%|█▊        | 136/731 [00:14<01:02,  9.49it/s]
 19%|█▊        | 137/731 [00:14<01:04,  9.19it/s]
 19%|█▉        | 139/731 [00:14<00:58, 10.13it/s]
 19%|█▉        | 140/731 [00:14<00:59,  9.87it/s]
 19%|█▉        | 141/731 [00:15<01:03,  9.32it/s]
 20%|█▉        | 143/731 [00:15<00:57, 10.19it/s]
 20%|█▉        | 144/731 [00:15<01:01,  9.48it/s]
 20%|█▉        | 145/731 [00:15<01:05,  8.97it/s]
 20%|██        | 147/731 [00:15<00:59,  9.78it/s]
 20%|██        | 148/731 [00:15<01:06,  8.71it/s]
 21%|██        | 150/731 [00:16<00:59,  9.74it/s]
 21%|██        | 153/731 [00:16<00:49, 11.76it/s]
 21%|██        | 155/731 [00:16<00:55, 10.40it/s]
 21%|██▏       | 157/731 [00:16<01:00,  9.45it/s]
 22%|██▏       | 158/731 [00:16<01:03,  9.09it/s]
 22%|██▏       | 160/731 [00:16<00:51, 11.09it/s]
 22%|██▏       | 162/731 [00:17<00:56, 10.08it/s]
 22%|██▏       | 164/731 [00:17<01:01,  9.23it/s]
 23%|██▎       | 166/731 [00:17<00:57,  9.82it/s]
 23%|██▎       | 168/731 [00:17<00:54, 10.40it/s]
 23%|██▎       | 170/731 [00:17<00:50, 11.10it/s]
 24%|██▎       | 172/731 [00:18<00:48, 11.54it/s]
 24%|██▍       | 174/731 [00:18<00:57,  9.73it/s]
 24%|██▍       | 176/731 [00:18<01:02,  8.86it/s]
 24%|██▍       | 178/731 [00:18<00:57,  9.56it/s]
 25%|██▍       | 180/731 [00:18<00:53, 10.29it/s]
 25%|██▍       | 182/731 [00:19<00:51, 10.67it/s]
 25%|██▌       | 184/731 [00:19<00:49, 11.02it/s]
 26%|██▌       | 187/731 [00:19<00:43, 12.37it/s]
 26%|██▌       | 189/731 [00:19<00:50, 10.79it/s]
 26%|██▌       | 191/731 [00:19<00:49, 10.90it/s]
 27%|██▋       | 194/731 [00:20<00:39, 13.60it/s]
 27%|██▋       | 196/731 [00:20<00:45, 11.69it/s]
 27%|██▋       | 198/731 [00:20<00:45, 11.76it/s]
 27%|██▋       | 200/731 [00:20<00:54,  9.68it/s]
 28%|██▊       | 202/731 [00:21<01:03,  8.36it/s]
 28%|██▊       | 203/731 [00:21<01:04,  8.24it/s]
 28%|██▊       | 206/731 [00:21<00:52, 10.08it/s]
 29%|██▊       | 209/731 [00:21<00:45, 11.51it/s]
 29%|██▉       | 211/731 [00:21<00:51, 10.17it/s]
 29%|██▉       | 213/731 [00:22<00:51, 10.04it/s]
 30%|██▉       | 216/731 [00:22<00:40, 12.60it/s]
 30%|██▉       | 218/731 [00:22<00:42, 12.15it/s]
 30%|███       | 221/731 [00:22<00:34, 14.75it/s]
 31%|███       | 223/731 [00:22<00:35, 14.33it/s]
 31%|███       | 225/731 [00:22<00:42, 11.91it/s]
 31%|███       | 227/731 [00:23<00:44, 11.24it/s]
 31%|███▏      | 229/731 [00:23<00:48, 10.42it/s]
 32%|███▏      | 231/731 [00:23<00:46, 10.85it/s]
 32%|███▏      | 233/731 [00:23<00:44, 11.25it/s]
 32%|███▏      | 235/731 [00:23<00:44, 11.04it/s]
 32%|███▏      | 237/731 [00:24<00:43, 11.43it/s]
 33%|███▎      | 239/731 [00:24<00:42, 11.64it/s]
 33%|███▎      | 241/731 [00:24<00:41, 11.78it/s]
 33%|███▎      | 243/731 [00:24<00:45, 10.69it/s]
 34%|███▎      | 245/731 [00:24<00:43, 11.05it/s]
 34%|███▍      | 247/731 [00:24<00:41, 11.55it/s]
 34%|███▍      | 249/731 [00:25<00:41, 11.69it/s]
 34%|███▍      | 251/731 [00:25<00:40, 11.98it/s]
 35%|███▍      | 253/731 [00:25<00:46, 10.26it/s]
 35%|███▍      | 255/731 [00:25<00:51,  9.21it/s]
 35%|███▌      | 256/731 [00:25<00:52,  8.97it/s]
 35%|███▌      | 257/731 [00:26<00:54,  8.77it/s]
 35%|███▌      | 258/731 [00:26<00:55,  8.52it/s]
 35%|███▌      | 259/731 [00:26<00:55,  8.44it/s]
 36%|███▌      | 260/731 [00:26<00:56,  8.35it/s]
 36%|███▌      | 261/731 [00:26<00:54,  8.62it/s]
 36%|███▌      | 263/731 [00:26<00:46,  9.97it/s]
 36%|███▋      | 265/731 [00:26<00:43, 10.81it/s]
 37%|███▋      | 267/731 [00:27<00:48,  9.63it/s]
 37%|███▋      | 269/731 [00:27<00:40, 11.50it/s]
 37%|███▋      | 271/731 [00:27<00:39, 11.76it/s]
 37%|███▋      | 273/731 [00:27<00:40, 11.40it/s]
 38%|███▊      | 276/731 [00:27<00:31, 14.24it/s]
 38%|███▊      | 278/731 [00:27<00:41, 11.02it/s]
 38%|███▊      | 280/731 [00:28<00:43, 10.26it/s]
 39%|███▊      | 282/731 [00:28<00:43, 10.33it/s]
 39%|███▉      | 284/731 [00:28<00:41, 10.69it/s]
 39%|███▉      | 287/731 [00:28<00:32, 13.53it/s]
 40%|███▉      | 289/731 [00:28<00:38, 11.58it/s]
 40%|███▉      | 291/731 [00:29<00:36, 11.98it/s]
 40%|████      | 293/731 [00:29<00:36, 11.84it/s]
 40%|████      | 295/731 [00:29<00:37, 11.59it/s]
 41%|████      | 297/731 [00:29<00:41, 10.43it/s]
 41%|████      | 299/731 [00:29<00:43, 10.01it/s]
 41%|████      | 301/731 [00:30<00:45,  9.43it/s]
 42%|████▏     | 304/731 [00:30<00:34, 12.29it/s]
 42%|████▏     | 306/731 [00:30<00:33, 12.51it/s]
 42%|████▏     | 309/731 [00:30<00:31, 13.34it/s]
 43%|████▎     | 312/731 [00:30<00:29, 14.00it/s]
 43%|████▎     | 315/731 [00:30<00:26, 15.90it/s]
 44%|████▎     | 318/731 [00:31<00:23, 17.75it/s]
 44%|████▍     | 320/731 [00:31<00:24, 16.57it/s]
 44%|████▍     | 322/731 [00:31<00:27, 14.97it/s]
 44%|████▍     | 324/731 [00:31<00:30, 13.27it/s]
 45%|████▍     | 326/731 [00:31<00:38, 10.62it/s]
 45%|████▍     | 328/731 [00:32<00:38, 10.35it/s]
 45%|████▌     | 330/731 [00:32<00:37, 10.78it/s]
 45%|████▌     | 332/731 [00:32<00:35, 11.27it/s]
 46%|████▌     | 334/731 [00:32<00:38, 10.33it/s]
 46%|████▌     | 336/731 [00:32<00:38, 10.35it/s]
 46%|████▌     | 338/731 [00:32<00:38, 10.25it/s]
 47%|████▋     | 340/731 [00:33<00:40,  9.72it/s]
 47%|████▋     | 343/731 [00:33<00:30, 12.59it/s]
 47%|████▋     | 345/731 [00:33<00:30, 12.78it/s]
 47%|████▋     | 347/731 [00:33<00:34, 11.23it/s]
 48%|████▊     | 349/731 [00:33<00:32, 11.58it/s]
 48%|████▊     | 352/731 [00:34<00:29, 12.88it/s]
 48%|████▊     | 354/731 [00:34<00:30, 12.46it/s]
 49%|████▊     | 356/731 [00:34<00:35, 10.56it/s]
 49%|████▉     | 358/731 [00:34<00:31, 12.01it/s]
 49%|████▉     | 360/731 [00:34<00:30, 12.07it/s]
 50%|████▉     | 363/731 [00:35<00:28, 12.91it/s]
 50%|████▉     | 365/731 [00:35<00:28, 12.65it/s]
 50%|█████     | 368/731 [00:35<00:27, 13.10it/s]
 51%|█████     | 370/731 [00:35<00:29, 12.26it/s]
 51%|█████     | 372/731 [00:35<00:30, 11.86it/s]
 51%|█████▏    | 375/731 [00:35<00:25, 14.14it/s]
 52%|█████▏    | 377/731 [00:36<00:25, 13.92it/s]
 52%|█████▏    | 380/731 [00:36<00:21, 16.32it/s]
 52%|█████▏    | 383/731 [00:36<00:18, 18.39it/s]
 53%|█████▎    | 385/731 [00:36<00:18, 18.67it/s]
 53%|█████▎    | 388/731 [00:36<00:20, 17.00it/s]
 53%|█████▎    | 390/731 [00:36<00:25, 13.42it/s]
 54%|█████▎    | 392/731 [00:37<00:26, 12.91it/s]
 54%|█████▍    | 394/731 [00:37<00:26, 12.73it/s]
 54%|█████▍    | 396/731 [00:37<00:28, 11.67it/s]
 54%|█████▍    | 398/731 [00:37<00:34,  9.72it/s]
 55%|█████▍    | 400/731 [00:37<00:35,  9.24it/s]
 55%|█████▍    | 402/731 [00:38<00:35,  9.36it/s]
 55%|█████▌    | 405/731 [00:38<00:27, 11.90it/s]
 56%|█████▌    | 407/731 [00:38<00:27, 11.78it/s]
 56%|█████▌    | 409/731 [00:38<00:33,  9.58it/s]
 56%|█████▋    | 412/731 [00:38<00:29, 10.91it/s]
 57%|█████▋    | 414/731 [00:39<00:32,  9.78it/s]
 57%|█████▋    | 416/731 [00:39<00:30, 10.16it/s]
 57%|█████▋    | 418/731 [00:39<00:34,  9.13it/s]
 57%|█████▋    | 419/731 [00:39<00:35,  8.86it/s]
 58%|█████▊    | 421/731 [00:40<00:32,  9.58it/s]
 58%|█████▊    | 423/731 [00:40<00:30, 10.23it/s]
 58%|█████▊    | 425/731 [00:40<00:27, 10.93it/s]
 58%|█████▊    | 427/731 [00:40<00:26, 11.45it/s]
 59%|█████▊    | 429/731 [00:40<00:26, 11.49it/s]
 59%|█████▉    | 431/731 [00:40<00:29, 10.06it/s]
 59%|█████▉    | 434/731 [00:41<00:26, 11.08it/s]
 60%|█████▉    | 436/731 [00:41<00:25, 11.40it/s]
 60%|█████▉    | 438/731 [00:41<00:27, 10.83it/s]
 60%|██████    | 440/731 [00:41<00:36,  8.03it/s]
 60%|██████    | 441/731 [00:42<00:38,  7.45it/s]
 60%|██████    | 442/731 [00:42<00:39,  7.29it/s]
 61%|██████    | 443/731 [00:42<00:40,  7.06it/s]
 61%|██████    | 444/731 [00:42<00:45,  6.32it/s]
 61%|██████    | 445/731 [00:42<00:45,  6.29it/s]
 61%|██████    | 446/731 [00:42<00:43,  6.56it/s]
 61%|██████    | 447/731 [00:43<00:40,  6.96it/s]
 61%|██████▏   | 448/731 [00:43<00:44,  6.30it/s]
 62%|██████▏   | 451/731 [00:43<00:30,  9.17it/s]
 62%|██████▏   | 454/731 [00:43<00:27, 10.12it/s]
 62%|██████▏   | 455/731 [00:43<00:29,  9.38it/s]
 63%|██████▎   | 458/731 [00:44<00:24, 11.33it/s]
 63%|██████▎   | 460/731 [00:44<00:28,  9.52it/s]
 63%|██████▎   | 461/731 [00:44<00:32,  8.41it/s]Token indices sequence length is longer than the specified maximum sequence length for this model (4438 > 4096). Running this sequence through the model will result in indexing errors

 63%|██████▎   | 462/731 [00:45<00:55,  4.85it/s]
 63%|██████▎   | 463/731 [00:45<00:50,  5.27it/s]
 64%|██████▎   | 465/731 [00:45<00:40,  6.65it/s]
 64%|██████▍   | 467/731 [00:45<00:30,  8.62it/s]
 64%|██████▍   | 469/731 [00:45<00:26,  9.72it/s]
 64%|██████▍   | 471/731 [00:45<00:25, 10.36it/s]
 65%|██████▍   | 473/731 [00:46<00:29,  8.63it/s]
 65%|██████▍   | 475/731 [00:46<00:33,  7.68it/s]
 65%|██████▌   | 476/731 [00:46<00:34,  7.48it/s]
 65%|██████▌   | 477/731 [00:46<00:36,  7.00it/s]
 65%|██████▌   | 478/731 [00:46<00:36,  6.99it/s]
 66%|██████▌   | 479/731 [00:47<00:36,  6.95it/s]
 66%|██████▌   | 480/731 [00:47<00:36,  6.96it/s]
 66%|██████▌   | 481/731 [00:47<00:42,  5.84it/s]
 66%|██████▌   | 483/731 [00:47<00:31,  7.95it/s]
 66%|██████▋   | 485/731 [00:47<00:26,  9.13it/s]
 66%|██████▋   | 486/731 [00:47<00:27,  9.06it/s]
 67%|██████▋   | 489/731 [00:48<00:21, 11.18it/s]
 67%|██████▋   | 491/731 [00:48<00:21, 11.24it/s]
 67%|██████▋   | 493/731 [00:48<00:23, 10.21it/s]
 68%|██████▊   | 495/731 [00:48<00:22, 10.60it/s]
 68%|██████▊   | 497/731 [00:48<00:21, 10.89it/s]
 68%|██████▊   | 499/731 [00:49<00:24,  9.64it/s]
 68%|██████▊   | 500/731 [00:49<00:25,  9.13it/s]
 69%|██████▊   | 502/731 [00:49<00:20, 10.94it/s]
 69%|██████▉   | 504/731 [00:49<00:22,  9.99it/s]
 69%|██████▉   | 506/731 [00:49<00:21, 10.66it/s]
 69%|██████▉   | 508/731 [00:49<00:23,  9.40it/s]
 70%|██████▉   | 510/731 [00:50<00:23,  9.28it/s]
 70%|██████▉   | 511/731 [00:50<00:24,  9.17it/s]
 70%|███████   | 514/731 [00:50<00:17, 12.22it/s]
 71%|███████   | 516/731 [00:50<00:18, 11.58it/s]
 71%|███████   | 519/731 [00:50<00:16, 12.92it/s]
 71%|███████▏  | 521/731 [00:51<00:17, 12.05it/s]
 72%|███████▏  | 523/731 [00:51<00:17, 11.73it/s]
 72%|███████▏  | 525/731 [00:51<00:18, 11.35it/s]
 72%|███████▏  | 527/731 [00:51<00:17, 11.72it/s]
 72%|███████▏  | 529/731 [00:51<00:16, 12.11it/s]
 73%|███████▎  | 531/731 [00:52<00:19, 10.23it/s]
 73%|███████▎  | 534/731 [00:52<00:15, 13.07it/s]
 73%|███████▎  | 536/731 [00:52<00:15, 12.64it/s]
 74%|███████▎  | 538/731 [00:52<00:15, 12.66it/s]
 74%|███████▍  | 540/731 [00:52<00:19,  9.93it/s]
 74%|███████▍  | 542/731 [00:52<00:17, 10.57it/s]
 75%|███████▍  | 545/731 [00:53<00:14, 13.07it/s]
 75%|███████▍  | 547/731 [00:53<00:14, 12.52it/s]
 75%|███████▌  | 550/731 [00:53<00:11, 15.22it/s]
 76%|███████▌  | 552/731 [00:53<00:12, 14.31it/s]
 76%|███████▌  | 554/731 [00:53<00:14, 11.87it/s]
 76%|███████▌  | 556/731 [00:53<00:14, 12.03it/s]
 76%|███████▋  | 558/731 [00:54<00:14, 11.75it/s]
 77%|███████▋  | 560/731 [00:54<00:14, 11.67it/s]
 77%|███████▋  | 562/731 [00:54<00:17,  9.45it/s]
 77%|███████▋  | 564/731 [00:54<00:19,  8.60it/s]
 77%|███████▋  | 565/731 [00:55<00:19,  8.33it/s]
 77%|███████▋  | 566/731 [00:55<00:20,  7.92it/s]
 78%|███████▊  | 567/731 [00:55<00:20,  7.88it/s]
 78%|███████▊  | 569/731 [00:55<00:17,  9.19it/s]
 78%|███████▊  | 571/731 [00:55<00:15, 10.04it/s]
 78%|███████▊  | 573/731 [00:55<00:14, 10.63it/s]
 79%|███████▊  | 575/731 [00:56<00:14, 10.42it/s]
 79%|███████▉  | 577/731 [00:56<00:14, 10.49it/s]
 79%|███████▉  | 579/731 [00:56<00:13, 11.03it/s]
 79%|███████▉  | 581/731 [00:56<00:17,  8.78it/s]
 80%|███████▉  | 582/731 [00:56<00:17,  8.35it/s]
 80%|███████▉  | 584/731 [00:56<00:15,  9.27it/s]
 80%|████████  | 587/731 [00:57<00:11, 12.21it/s]
 81%|████████  | 589/731 [00:57<00:11, 12.46it/s]
 81%|████████  | 591/731 [00:57<00:11, 12.54it/s]
 81%|████████  | 593/731 [00:57<00:13, 10.17it/s]
 81%|████████▏ | 595/731 [00:57<00:13, 10.30it/s]
 82%|████████▏ | 597/731 [00:58<00:12, 10.72it/s]
 82%|████████▏ | 599/731 [00:58<00:11, 11.02it/s]
 82%|████████▏ | 601/731 [00:58<00:13,  9.86it/s]
 82%|████████▏ | 603/731 [00:58<00:13,  9.20it/s]
 83%|████████▎ | 605/731 [00:58<00:11, 10.79it/s]
 83%|████████▎ | 607/731 [00:59<00:11, 10.41it/s]
 83%|████████▎ | 609/731 [00:59<00:11, 10.86it/s]
 84%|████████▎ | 611/731 [00:59<00:11, 10.86it/s]
 84%|████████▍ | 613/731 [00:59<00:10, 11.09it/s]
 84%|████████▍ | 615/731 [00:59<00:10, 11.07it/s]
 84%|████████▍ | 617/731 [00:59<00:09, 11.58it/s]
 85%|████████▍ | 620/731 [01:00<00:07, 14.38it/s]
 85%|████████▌ | 622/731 [01:00<00:07, 13.68it/s]
 85%|████████▌ | 624/731 [01:00<00:08, 12.50it/s]
 86%|████████▌ | 626/731 [01:00<00:08, 12.63it/s]
 86%|████████▌ | 628/731 [01:00<00:08, 12.64it/s]
 86%|████████▋ | 631/731 [01:00<00:07, 12.68it/s]
 87%|████████▋ | 633/731 [01:01<00:07, 12.43it/s]
 87%|████████▋ | 635/731 [01:01<00:07, 12.50it/s]
 87%|████████▋ | 637/731 [01:01<00:08, 11.54it/s]
 88%|████████▊ | 640/731 [01:01<00:07, 12.38it/s]
 88%|████████▊ | 643/731 [01:01<00:06, 13.19it/s]
 88%|████████▊ | 646/731 [01:02<00:05, 15.51it/s]
 89%|████████▊ | 648/731 [01:02<00:06, 13.03it/s]
 89%|████████▉ | 651/731 [01:02<00:05, 15.22it/s]
 89%|████████▉ | 653/731 [01:02<00:05, 14.48it/s]
 90%|████████▉ | 656/731 [01:02<00:05, 14.79it/s]
 90%|█████████ | 659/731 [01:02<00:05, 14.17it/s]
 90%|█████████ | 661/731 [01:03<00:05, 13.81it/s]
 91%|█████████ | 663/731 [01:03<00:05, 13.57it/s]
 91%|█████████ | 666/731 [01:03<00:04, 13.82it/s]
 91%|█████████▏| 668/731 [01:03<00:04, 14.96it/s]
 92%|█████████▏| 670/731 [01:03<00:04, 14.38it/s]
 92%|█████████▏| 673/731 [01:04<00:04, 13.45it/s]
 92%|█████████▏| 675/731 [01:04<00:04, 11.85it/s]
 93%|█████████▎| 677/731 [01:04<00:04, 11.64it/s]
 93%|█████████▎| 680/731 [01:04<00:04, 12.21it/s]
 93%|█████████▎| 682/731 [01:04<00:04, 11.72it/s]
 94%|█████████▎| 685/731 [01:05<00:03, 12.67it/s]
 94%|█████████▍| 687/731 [01:05<00:03, 12.51it/s]
 94%|█████████▍| 689/731 [01:05<00:03, 12.67it/s]
 95%|█████████▍| 691/731 [01:05<00:03, 12.29it/s]
 95%|█████████▍| 693/731 [01:05<00:03, 12.45it/s]
 95%|█████████▌| 695/731 [01:05<00:03, 11.81it/s]
 95%|█████████▌| 698/731 [01:06<00:02, 12.67it/s]
 96%|█████████▌| 700/731 [01:06<00:02, 12.72it/s]
 96%|█████████▌| 703/731 [01:06<00:01, 15.21it/s]
 96%|█████████▋| 705/731 [01:06<00:01, 13.54it/s]
 97%|█████████▋| 707/731 [01:06<00:02, 11.48it/s]
 97%|█████████▋| 710/731 [01:06<00:01, 13.46it/s]
 97%|█████████▋| 712/731 [01:07<00:01, 12.56it/s]
 98%|█████████▊| 714/731 [01:07<00:01, 12.53it/s]
 98%|█████████▊| 716/731 [01:07<00:01, 12.50it/s]
 98%|█████████▊| 719/731 [01:07<00:00, 15.19it/s]
 99%|█████████▊| 721/731 [01:08<00:01,  9.79it/s]
 99%|█████████▉| 723/731 [01:08<00:00,  9.73it/s]
 99%|█████████▉| 725/731 [01:08<00:00,  9.06it/s]
 99%|█████████▉| 727/731 [01:08<00:00,  9.89it/s]
100%|█████████▉| 729/731 [01:08<00:00,  9.26it/s]
100%|██████████| 731/731 [01:09<00:00, 10.58it/s]
  P(true) judge for fanar-math (1000 rows)...

  0%|          | 0/1000 [00:00<?, ?it/s]
  0%|          | 3/1000 [00:00<00:52, 18.82it/s]
  1%|          | 6/1000 [00:00<00:46, 21.47it/s]
  1%|          | 9/1000 [00:00<00:43, 22.85it/s]
  1%|          | 12/1000 [00:00<00:41, 23.59it/s]
  2%|▏         | 15/1000 [00:00<00:49, 19.76it/s]
  2%|▏         | 18/1000 [00:00<00:54, 17.95it/s]
  2%|▏         | 20/1000 [00:01<01:02, 15.60it/s]
  2%|▏         | 22/1000 [00:01<01:08, 14.31it/s]
  2%|▎         | 25/1000 [00:01<00:59, 16.49it/s]
  3%|▎         | 28/1000 [00:01<00:52, 18.58it/s]
  3%|▎         | 31/1000 [00:01<00:48, 20.19it/s]
  3%|▎         | 34/1000 [00:01<00:52, 18.45it/s]
  4%|▎         | 37/1000 [00:01<00:48, 20.02it/s]
  4%|▍         | 40/1000 [00:02<00:45, 21.32it/s]
  4%|▍         | 43/1000 [00:02<00:43, 22.17it/s]
  5%|▍         | 46/1000 [00:02<00:41, 22.89it/s]
  5%|▍         | 49/1000 [00:02<00:40, 23.48it/s]
  5%|▌         | 52/1000 [00:02<00:39, 23.81it/s]
  6%|▌         | 55/1000 [00:02<00:39, 23.98it/s]
  6%|▌         | 58/1000 [00:02<00:38, 24.26it/s]
  6%|▌         | 61/1000 [00:02<00:38, 24.50it/s]
  6%|▋         | 64/1000 [00:03<00:44, 20.85it/s]
  7%|▋         | 67/1000 [00:03<00:42, 21.87it/s]
  7%|▋         | 70/1000 [00:03<00:40, 22.73it/s]
  7%|▋         | 73/1000 [00:03<00:39, 23.25it/s]
  8%|▊         | 76/1000 [00:03<00:39, 23.63it/s]
  8%|▊         | 79/1000 [00:03<00:46, 19.89it/s]
  8%|▊         | 82/1000 [00:04<00:52, 17.54it/s]
  8%|▊         | 85/1000 [00:04<00:47, 19.11it/s]
  9%|▉         | 88/1000 [00:04<00:53, 17.19it/s]
  9%|▉         | 91/1000 [00:04<00:48, 18.56it/s]
  9%|▉         | 94/1000 [00:04<00:52, 17.25it/s]
 10%|▉         | 97/1000 [00:04<00:49, 18.32it/s]
 10%|█         | 100/1000 [00:04<00:45, 19.87it/s]
 10%|█         | 103/1000 [00:05<00:42, 21.05it/s]
 11%|█         | 106/1000 [00:05<00:40, 22.00it/s]
 11%|█         | 109/1000 [00:05<00:39, 22.78it/s]
 11%|█         | 112/1000 [00:05<00:44, 19.82it/s]
 12%|█▏        | 115/1000 [00:05<00:47, 18.49it/s]
 12%|█▏        | 117/1000 [00:05<00:59, 14.82it/s]
 12%|█▏        | 120/1000 [00:06<00:52, 16.68it/s]
 12%|█▏        | 122/1000 [00:06<00:57, 15.38it/s]
 12%|█▎        | 125/1000 [00:06<00:56, 15.47it/s]
 13%|█▎        | 128/1000 [00:06<00:49, 17.48it/s]
 13%|█▎        | 131/1000 [00:06<00:45, 19.26it/s]
 13%|█▎        | 134/1000 [00:06<00:41, 20.70it/s]
 14%|█▎        | 137/1000 [00:06<00:39, 21.82it/s]
 14%|█▍        | 140/1000 [00:07<00:44, 19.35it/s]
 14%|█▍        | 143/1000 [00:07<00:41, 20.72it/s]
 15%|█▍        | 146/1000 [00:07<00:39, 21.78it/s]
 15%|█▍        | 149/1000 [00:07<00:37, 22.60it/s]
 15%|█▌        | 152/1000 [00:07<00:36, 23.22it/s]
 16%|█▌        | 155/1000 [00:07<00:35, 23.70it/s]
 16%|█▌        | 158/1000 [00:07<00:47, 17.61it/s]
 16%|█▌        | 161/1000 [00:08<00:49, 16.92it/s]
 16%|█▋        | 164/1000 [00:08<00:45, 18.51it/s]
 17%|█▋        | 167/1000 [00:08<00:41, 19.98it/s]
 17%|█▋        | 170/1000 [00:08<00:39, 21.26it/s]
 17%|█▋        | 173/1000 [00:08<00:37, 22.20it/s]
 18%|█▊        | 176/1000 [00:08<00:35, 22.92it/s]
 18%|█▊        | 179/1000 [00:08<00:40, 20.10it/s]
 18%|█▊        | 182/1000 [00:09<00:38, 21.11it/s]
 18%|█▊        | 185/1000 [00:09<00:36, 22.14it/s]
 19%|█▉        | 188/1000 [00:09<00:35, 22.85it/s]
 19%|█▉        | 191/1000 [00:09<00:34, 23.42it/s]
 19%|█▉        | 194/1000 [00:09<00:33, 23.79it/s]
 20%|█▉        | 197/1000 [00:09<00:33, 24.15it/s]
 20%|██        | 200/1000 [00:09<00:32, 24.37it/s]
 20%|██        | 203/1000 [00:09<00:32, 24.51it/s]
 21%|██        | 206/1000 [00:10<00:38, 20.83it/s]
 21%|██        | 209/1000 [00:10<00:36, 21.79it/s]
 21%|██        | 212/1000 [00:10<00:34, 22.54it/s]
 22%|██▏       | 215/1000 [00:10<00:33, 23.18it/s]
 22%|██▏       | 218/1000 [00:10<00:33, 23.60it/s]
 22%|██▏       | 221/1000 [00:10<00:32, 23.92it/s]
 22%|██▏       | 224/1000 [00:10<00:37, 20.44it/s]
 23%|██▎       | 227/1000 [00:11<00:35, 21.52it/s]
 23%|██▎       | 230/1000 [00:11<00:34, 22.40it/s]
 23%|██▎       | 233/1000 [00:11<00:33, 23.06it/s]
 24%|██▎       | 236/1000 [00:11<00:32, 23.56it/s]
 24%|██▍       | 239/1000 [00:11<00:39, 19.49it/s]
 24%|██▍       | 242/1000 [00:11<00:36, 20.58it/s]
 24%|██▍       | 245/1000 [00:11<00:34, 21.64it/s]
 25%|██▍       | 248/1000 [00:12<00:33, 22.48it/s]
 25%|██▌       | 251/1000 [00:12<00:32, 23.07it/s]
 25%|██▌       | 254/1000 [00:12<00:31, 23.55it/s]
 26%|██▌       | 257/1000 [00:12<00:36, 20.46it/s]
 26%|██▌       | 260/1000 [00:12<00:34, 21.43it/s]
 26%|██▋       | 263/1000 [00:12<00:32, 22.36it/s]
 27%|██▋       | 266/1000 [00:12<00:31, 22.96it/s]
 27%|██▋       | 269/1000 [00:12<00:30, 23.59it/s]
 27%|██▋       | 272/1000 [00:13<00:30, 23.96it/s]
 28%|██▊       | 275/1000 [00:13<00:29, 24.23it/s]
 28%|██▊       | 278/1000 [00:13<00:29, 24.43it/s]
 28%|██▊       | 281/1000 [00:13<00:29, 24.56it/s]
 28%|██▊       | 284/1000 [00:13<00:33, 21.07it/s]
 29%|██▊       | 287/1000 [00:13<00:32, 21.89it/s]
 29%|██▉       | 290/1000 [00:13<00:38, 18.39it/s]
 29%|██▉       | 293/1000 [00:14<00:35, 19.90it/s]
 30%|██▉       | 296/1000 [00:14<00:38, 18.38it/s]
 30%|██▉       | 299/1000 [00:14<00:35, 19.91it/s]
 30%|███       | 302/1000 [00:14<00:32, 21.22it/s]
 30%|███       | 305/1000 [00:14<00:31, 22.21it/s]
 31%|███       | 308/1000 [00:14<00:30, 22.84it/s]
 31%|███       | 311/1000 [00:14<00:34, 20.18it/s]
 31%|███▏      | 314/1000 [00:15<00:32, 21.35it/s]
 32%|███▏      | 317/1000 [00:15<00:30, 22.13it/s]
 32%|███▏      | 320/1000 [00:15<00:29, 22.80it/s]
 32%|███▏      | 323/1000 [00:15<00:29, 23.32it/s]
 33%|███▎      | 326/1000 [00:15<00:28, 23.78it/s]
 33%|███▎      | 329/1000 [00:15<00:27, 24.06it/s]
 33%|███▎      | 332/1000 [00:15<00:32, 20.77it/s]
 34%|███▎      | 335/1000 [00:16<00:30, 21.55it/s]
 34%|███▍      | 338/1000 [00:16<00:29, 22.41it/s]
 34%|███▍      | 341/1000 [00:16<00:33, 19.88it/s]
 34%|███▍      | 344/1000 [00:16<00:36, 17.78it/s]
 35%|███▍      | 347/1000 [00:16<00:33, 19.42it/s]
 35%|███▌      | 350/1000 [00:16<00:31, 20.73it/s]
 35%|███▌      | 353/1000 [00:16<00:29, 21.83it/s]
 36%|███▌      | 356/1000 [00:17<00:33, 19.50it/s]
 36%|███▌      | 359/1000 [00:17<00:31, 20.62it/s]
 36%|███▌      | 362/1000 [00:17<00:29, 21.74it/s]
 36%|███▋      | 365/1000 [00:17<00:32, 19.57it/s]
 37%|███▋      | 368/1000 [00:17<00:30, 20.71it/s]
 37%|███▋      | 371/1000 [00:17<00:28, 21.74it/s]
 37%|███▋      | 374/1000 [00:17<00:27, 22.55it/s]
 38%|███▊      | 377/1000 [00:18<00:31, 19.71it/s]
 38%|███▊      | 380/1000 [00:18<00:34, 17.95it/s]
 38%|███▊      | 383/1000 [00:18<00:32, 18.98it/s]
 39%|███▊      | 386/1000 [00:18<00:29, 20.47it/s]
 39%|███▉      | 389/1000 [00:18<00:28, 21.60it/s]
 39%|███▉      | 392/1000 [00:18<00:27, 22.46it/s]
 40%|███▉      | 395/1000 [00:18<00:26, 23.13it/s]
 40%|███▉      | 398/1000 [00:19<00:25, 23.58it/s]
 40%|████      | 401/1000 [00:19<00:25, 23.87it/s]
 40%|████      | 404/1000 [00:19<00:24, 24.16it/s]
 41%|████      | 407/1000 [00:19<00:24, 24.14it/s]
 41%|████      | 410/1000 [00:19<00:32, 18.07it/s]
 41%|████▏     | 413/1000 [00:19<00:30, 19.21it/s]
 42%|████▏     | 416/1000 [00:19<00:28, 20.58it/s]
 42%|████▏     | 419/1000 [00:20<00:26, 21.60it/s]
 42%|████▏     | 422/1000 [00:20<00:25, 22.48it/s]
 42%|████▎     | 425/1000 [00:20<00:29, 19.63it/s]
 43%|████▎     | 428/1000 [00:20<00:27, 20.92it/s]
 43%|████▎     | 431/1000 [00:20<00:25, 21.91it/s]
 43%|████▎     | 434/1000 [00:20<00:24, 22.70it/s]
 44%|████▎     | 437/1000 [00:20<00:24, 23.43it/s]
 44%|████▍     | 440/1000 [00:20<00:23, 23.89it/s]
 44%|████▍     | 443/1000 [00:21<00:22, 24.26it/s]
 45%|████▍     | 446/1000 [00:21<00:22, 24.53it/s]
 45%|████▍     | 449/1000 [00:21<00:22, 24.70it/s]
 45%|████▌     | 452/1000 [00:21<00:22, 24.80it/s]
 46%|████▌     | 455/1000 [00:21<00:21, 24.80it/s]
 46%|████▌     | 458/1000 [00:21<00:21, 24.83it/s]
 46%|████▌     | 461/1000 [00:21<00:21, 24.81it/s]
 46%|████▋     | 464/1000 [00:21<00:21, 24.72it/s]
 47%|████▋     | 467/1000 [00:22<00:21, 24.70it/s]
 47%|████▋     | 470/1000 [00:22<00:21, 24.81it/s]
 47%|████▋     | 473/1000 [00:22<00:21, 24.78it/s]
 48%|████▊     | 476/1000 [00:22<00:21, 24.92it/s]
 48%|████▊     | 479/1000 [00:22<00:20, 24.85it/s]
 48%|████▊     | 482/1000 [00:22<00:20, 24.83it/s]
 48%|████▊     | 485/1000 [00:22<00:25, 20.53it/s]
 49%|████▉     | 488/1000 [00:23<00:25, 20.45it/s]
 49%|████▉     | 491/1000 [00:23<00:23, 21.53it/s]
 49%|████▉     | 494/1000 [00:23<00:22, 22.45it/s]
 50%|████▉     | 497/1000 [00:23<00:21, 23.11it/s]
 50%|█████     | 500/1000 [00:23<00:21, 23.61it/s]
 50%|█████     | 503/1000 [00:23<00:20, 23.97it/s]
 51%|█████     | 506/1000 [00:23<00:20, 24.19it/s]
 51%|█████     | 509/1000 [00:23<00:24, 20.41it/s]
 51%|█████     | 512/1000 [00:24<00:22, 21.41it/s]
 52%|█████▏    | 515/1000 [00:24<00:21, 22.27it/s]
 52%|█████▏    | 518/1000 [00:24<00:21, 22.91it/s]
 52%|█████▏    | 521/1000 [00:24<00:20, 23.38it/s]
 52%|█████▏    | 524/1000 [00:24<00:24, 19.82it/s]
 53%|█████▎    | 527/1000 [00:24<00:22, 20.61it/s]
 53%|█████▎    | 530/1000 [00:24<00:21, 21.71it/s]
 53%|█████▎    | 533/1000 [00:25<00:20, 22.53it/s]
 54%|█████▎    | 536/1000 [00:25<00:20, 23.20it/s]
 54%|█████▍    | 539/1000 [00:25<00:19, 23.62it/s]
 54%|█████▍    | 542/1000 [00:25<00:19, 24.03it/s]
 55%|█████▍    | 545/1000 [00:25<00:18, 24.12it/s]
 55%|█████▍    | 548/1000 [00:25<00:18, 24.28it/s]
 55%|█████▌    | 551/1000 [00:25<00:21, 20.85it/s]
 55%|█████▌    | 554/1000 [00:25<00:20, 21.84it/s]
 56%|█████▌    | 557/1000 [00:26<00:19, 22.63it/s]
 56%|█████▌    | 560/1000 [00:26<00:18, 23.26it/s]
 56%|█████▋    | 563/1000 [00:26<00:18, 23.61it/s]
 57%|█████▋    | 566/1000 [00:26<00:18, 23.96it/s]
 57%|█████▋    | 569/1000 [00:26<00:17, 24.21it/s]
 57%|█████▋    | 572/1000 [00:26<00:17, 24.40it/s]
 57%|█████▊    | 575/1000 [00:26<00:17, 24.46it/s]
 58%|█████▊    | 578/1000 [00:26<00:20, 20.93it/s]
 58%|█████▊    | 581/1000 [00:27<00:19, 21.97it/s]
 58%|█████▊    | 584/1000 [00:27<00:18, 22.76it/s]
 59%|█████▊    | 587/1000 [00:27<00:17, 23.35it/s]
 59%|█████▉    | 590/1000 [00:27<00:17, 23.70it/s]
 59%|█████▉    | 593/1000 [00:27<00:16, 23.95it/s]
 60%|█████▉    | 596/1000 [00:27<00:16, 24.25it/s]
 60%|█████▉    | 599/1000 [00:27<00:16, 24.43it/s]
 60%|██████    | 602/1000 [00:27<00:16, 24.39it/s]
 60%|██████    | 605/1000 [00:28<00:16, 24.53it/s]
 61%|██████    | 608/1000 [00:28<00:15, 24.50it/s]
 61%|██████    | 611/1000 [00:28<00:15, 24.65it/s]
 61%|██████▏   | 614/1000 [00:28<00:15, 24.62it/s]
 62%|██████▏   | 617/1000 [00:28<00:15, 24.69it/s]
 62%|██████▏   | 620/1000 [00:28<00:15, 24.77it/s]
 62%|██████▏   | 623/1000 [00:28<00:15, 24.78it/s]
 63%|██████▎   | 626/1000 [00:28<00:15, 24.69it/s]
 63%|██████▎   | 629/1000 [00:29<00:17, 21.03it/s]
 63%|██████▎   | 632/1000 [00:29<00:16, 21.96it/s]
 64%|██████▎   | 635/1000 [00:29<00:16, 22.70it/s]
 64%|██████▍   | 638/1000 [00:29<00:15, 23.18it/s]
 64%|██████▍   | 641/1000 [00:29<00:15, 23.70it/s]
 64%|██████▍   | 644/1000 [00:29<00:14, 23.98it/s]
 65%|██████▍   | 647/1000 [00:29<00:14, 24.23it/s]
 65%|██████▌   | 650/1000 [00:29<00:14, 24.28it/s]
 65%|██████▌   | 653/1000 [00:30<00:14, 24.38it/s]
 66%|██████▌   | 656/1000 [00:30<00:13, 24.59it/s]
 66%|██████▌   | 659/1000 [00:30<00:13, 24.66it/s]
 66%|██████▌   | 662/1000 [00:30<00:13, 24.63it/s]
 66%|██████▋   | 665/1000 [00:30<00:16, 20.87it/s]
 67%|██████▋   | 668/1000 [00:30<00:15, 21.86it/s]
 67%|██████▋   | 671/1000 [00:30<00:14, 22.66it/s]
 67%|██████▋   | 674/1000 [00:30<00:14, 23.22it/s]
 68%|██████▊   | 677/1000 [00:31<00:13, 23.75it/s]
 68%|██████▊   | 680/1000 [00:31<00:13, 24.07it/s]
 68%|██████▊   | 683/1000 [00:31<00:13, 24.26it/s]
 69%|██████▊   | 686/1000 [00:31<00:12, 24.44it/s]
 69%|██████▉   | 689/1000 [00:31<00:12, 24.60it/s]
 69%|██████▉   | 692/1000 [00:31<00:12, 24.64it/s]
 70%|██████▉   | 695/1000 [00:31<00:14, 21.08it/s]
 70%|██████▉   | 698/1000 [00:32<00:13, 21.99it/s]
 70%|███████   | 701/1000 [00:32<00:13, 22.70it/s]
 70%|███████   | 704/1000 [00:32<00:12, 23.26it/s]
 71%|███████   | 707/1000 [00:32<00:12, 23.76it/s]
 71%|███████   | 710/1000 [00:32<00:12, 24.07it/s]
 71%|███████▏  | 713/1000 [00:32<00:11, 24.20it/s]
 72%|███████▏  | 716/1000 [00:32<00:11, 24.35it/s]
 72%|███████▏  | 719/1000 [00:32<00:11, 24.50it/s]
 72%|███████▏  | 722/1000 [00:33<00:11, 24.57it/s]
 72%|███████▎  | 725/1000 [00:33<00:11, 24.61it/s]
 73%|███████▎  | 728/1000 [00:33<00:11, 24.59it/s]
 73%|███████▎  | 731/1000 [00:33<00:12, 20.97it/s]
 73%|███████▎  | 734/1000 [00:33<00:12, 21.90it/s]
 74%|███████▎  | 737/1000 [00:33<00:11, 22.68it/s]
 74%|███████▍  | 740/1000 [00:33<00:11, 23.35it/s]
 74%|███████▍  | 743/1000 [00:33<00:10, 23.70it/s]
 75%|███████▍  | 746/1000 [00:34<00:10, 24.14it/s]
 75%|███████▍  | 749/1000 [00:34<00:10, 24.33it/s]
 75%|███████▌  | 752/1000 [00:34<00:10, 24.47it/s]
 76%|███████▌  | 755/1000 [00:34<00:09, 24.66it/s]
 76%|███████▌  | 758/1000 [00:34<00:09, 24.66it/s]
 76%|███████▌  | 761/1000 [00:34<00:09, 24.66it/s]
 76%|███████▋  | 764/1000 [00:34<00:09, 24.66it/s]
 77%|███████▋  | 767/1000 [00:34<00:09, 24.67it/s]
 77%|███████▋  | 770/1000 [00:35<00:09, 24.64it/s]
 77%|███████▋  | 773/1000 [00:35<00:09, 24.58it/s]
 78%|███████▊  | 776/1000 [00:35<00:09, 24.61it/s]
 78%|███████▊  | 779/1000 [00:35<00:08, 24.67it/s]
 78%|███████▊  | 782/1000 [00:35<00:08, 24.71it/s]
 78%|███████▊  | 785/1000 [00:35<00:08, 24.78it/s]
 79%|███████▉  | 788/1000 [00:35<00:08, 24.68it/s]
 79%|███████▉  | 791/1000 [00:35<00:08, 24.59it/s]
 79%|███████▉  | 794/1000 [00:35<00:08, 24.57it/s]
 80%|███████▉  | 797/1000 [00:36<00:08, 24.68it/s]
 80%|████████  | 800/1000 [00:36<00:08, 24.71it/s]
 80%|████████  | 803/1000 [00:36<00:09, 20.63it/s]
 81%|████████  | 806/1000 [00:36<00:08, 21.65it/s]
 81%|████████  | 809/1000 [00:36<00:08, 22.57it/s]
 81%|████████  | 812/1000 [00:36<00:08, 23.10it/s]
 82%|████████▏ | 815/1000 [00:36<00:07, 23.59it/s]
 82%|████████▏ | 818/1000 [00:37<00:07, 23.82it/s]
 82%|████████▏ | 821/1000 [00:37<00:07, 24.07it/s]
 82%|████████▏ | 824/1000 [00:37<00:07, 24.27it/s]
 83%|████████▎ | 827/1000 [00:37<00:07, 24.47it/s]
 83%|████████▎ | 830/1000 [00:37<00:06, 24.57it/s]
 83%|████████▎ | 833/1000 [00:37<00:06, 24.49it/s]
 84%|████████▎ | 836/1000 [00:37<00:06, 24.53it/s]
 84%|████████▍ | 839/1000 [00:37<00:06, 24.59it/s]
 84%|████████▍ | 842/1000 [00:38<00:06, 24.64it/s]
 84%|████████▍ | 845/1000 [00:38<00:06, 24.66it/s]
 85%|████████▍ | 848/1000 [00:38<00:06, 24.67it/s]
 85%|████████▌ | 851/1000 [00:38<00:06, 24.60it/s]
 85%|████████▌ | 854/1000 [00:38<00:05, 24.68it/s]
 86%|████████▌ | 857/1000 [00:38<00:05, 24.84it/s]
 86%|████████▌ | 860/1000 [00:38<00:05, 24.81it/s]
 86%|████████▋ | 863/1000 [00:38<00:05, 24.77it/s]
 87%|████████▋ | 866/1000 [00:38<00:05, 24.66it/s]
 87%|████████▋ | 869/1000 [00:39<00:05, 24.61it/s]
 87%|████████▋ | 872/1000 [00:39<00:05, 24.57it/s]
 88%|████████▊ | 875/1000 [00:39<00:05, 24.53it/s]
 88%|████████▊ | 878/1000 [00:39<00:04, 24.58it/s]
 88%|████████▊ | 881/1000 [00:39<00:04, 24.30it/s]
 88%|████████▊ | 884/1000 [00:39<00:04, 24.40it/s]
 89%|████████▊ | 887/1000 [00:39<00:04, 24.49it/s]
 89%|████████▉ | 890/1000 [00:39<00:04, 24.52it/s]
 89%|████████▉ | 893/1000 [00:40<00:04, 24.47it/s]
 90%|████████▉ | 896/1000 [00:40<00:04, 24.40it/s]
 90%|████████▉ | 899/1000 [00:40<00:04, 24.43it/s]
 90%|█████████ | 902/1000 [00:40<00:04, 24.44it/s]
 90%|█████████ | 905/1000 [00:40<00:03, 24.43it/s]
 91%|█████████ | 908/1000 [00:40<00:03, 24.45it/s]
 91%|█████████ | 911/1000 [00:40<00:03, 24.43it/s]
 91%|█████████▏| 914/1000 [00:40<00:03, 24.35it/s]
 92%|█████████▏| 917/1000 [00:41<00:03, 24.41it/s]
 92%|█████████▏| 920/1000 [00:41<00:03, 23.36it/s]
 92%|█████████▏| 923/1000 [00:41<00:03, 23.62it/s]
 93%|█████████▎| 926/1000 [00:41<00:03, 23.76it/s]
 93%|█████████▎| 929/1000 [00:41<00:02, 23.92it/s]
 93%|█████████▎| 932/1000 [00:41<00:02, 24.17it/s]
 94%|█████████▎| 935/1000 [00:41<00:02, 24.31it/s]
 94%|█████████▍| 938/1000 [00:41<00:02, 24.33it/s]
 94%|█████████▍| 941/1000 [00:42<00:02, 24.25it/s]
 94%|█████████▍| 944/1000 [00:42<00:02, 24.30it/s]
 95%|█████████▍| 947/1000 [00:42<00:02, 24.44it/s]
 95%|█████████▌| 950/1000 [00:42<00:02, 24.44it/s]
 95%|█████████▌| 953/1000 [00:42<00:01, 24.49it/s]
 96%|█████████▌| 956/1000 [00:42<00:01, 24.47it/s]
 96%|█████████▌| 959/1000 [00:42<00:01, 24.43it/s]
 96%|█████████▌| 962/1000 [00:42<00:01, 24.45it/s]
 96%|█████████▋| 965/1000 [00:43<00:01, 24.39it/s]
 97%|█████████▋| 968/1000 [00:43<00:01, 24.37it/s]
 97%|█████████▋| 971/1000 [00:43<00:01, 24.35it/s]
 97%|█████████▋| 974/1000 [00:43<00:01, 24.36it/s]
 98%|█████████▊| 977/1000 [00:43<00:01, 20.28it/s]
 98%|█████████▊| 980/1000 [00:43<00:00, 20.83it/s]
 98%|█████████▊| 983/1000 [00:43<00:00, 21.86it/s]
 99%|█████████▊| 986/1000 [00:44<00:00, 22.67it/s]
 99%|█████████▉| 989/1000 [00:44<00:00, 23.26it/s]
 99%|█████████▉| 992/1000 [00:44<00:00, 23.63it/s]
100%|█████████▉| 995/1000 [00:44<00:00, 24.00it/s]
100%|█████████▉| 998/1000 [00:44<00:00, 24.19it/s]
100%|██████████| 1000/1000 [00:44<00:00, 22.41it/s]
  P(true) judge for fanar-triviaqa (2000 rows)...

  0%|          | 0/2000 [00:00<?, ?it/s]
  0%|          | 4/2000 [00:00<01:07, 29.47it/s]
  0%|          | 7/2000 [00:00<01:14, 26.91it/s]
  0%|          | 10/2000 [00:00<01:16, 25.91it/s]
  1%|          | 13/2000 [00:00<01:17, 25.61it/s]
  1%|          | 16/2000 [00:00<01:17, 25.46it/s]
  1%|          | 19/2000 [00:00<01:18, 25.29it/s]
  1%|          | 22/2000 [00:00<01:18, 25.18it/s]
  1%|▏         | 25/2000 [00:00<01:18, 25.15it/s]
  1%|▏         | 28/2000 [00:01<01:18, 25.04it/s]
  2%|▏         | 31/2000 [00:01<01:18, 25.06it/s]
  2%|▏         | 34/2000 [00:01<01:18, 25.07it/s]
  2%|▏         | 37/2000 [00:01<01:18, 25.05it/s]
  2%|▏         | 40/2000 [00:01<01:18, 25.05it/s]
  2%|▏         | 43/2000 [00:01<01:18, 25.05it/s]
  2%|▏         | 46/2000 [00:01<01:17, 25.05it/s]
  2%|▏         | 49/2000 [00:01<01:17, 25.09it/s]
  3%|▎         | 52/2000 [00:02<01:17, 25.10it/s]
  3%|▎         | 55/2000 [00:02<01:17, 25.09it/s]
  3%|▎         | 58/2000 [00:02<01:17, 25.08it/s]
  3%|▎         | 61/2000 [00:02<01:17, 25.05it/s]
  3%|▎         | 64/2000 [00:02<01:17, 25.08it/s]
  3%|▎         | 67/2000 [00:02<01:17, 24.98it/s]
  4%|▎         | 70/2000 [00:02<01:17, 25.00it/s]
  4%|▎         | 73/2000 [00:02<01:16, 25.03it/s]
  4%|▍         | 76/2000 [00:03<01:16, 25.05it/s]
  4%|▍         | 79/2000 [00:03<01:16, 25.03it/s]
  4%|▍         | 82/2000 [00:03<01:16, 25.02it/s]
  4%|▍         | 85/2000 [00:03<01:16, 25.00it/s]
  4%|▍         | 88/2000 [00:03<01:16, 25.08it/s]
  5%|▍         | 91/2000 [00:03<01:16, 25.08it/s]
  5%|▍         | 94/2000 [00:03<01:15, 25.09it/s]
  5%|▍         | 97/2000 [00:03<01:15, 25.08it/s]
  5%|▌         | 100/2000 [00:03<01:15, 25.12it/s]
  5%|▌         | 103/2000 [00:04<01:15, 25.13it/s]
  5%|▌         | 106/2000 [00:04<01:15, 25.13it/s]
  5%|▌         | 109/2000 [00:04<01:15, 25.15it/s]
  6%|▌         | 112/2000 [00:04<01:14, 25.19it/s]
  6%|▌         | 115/2000 [00:04<01:14, 25.19it/s]
  6%|▌         | 118/2000 [00:04<01:14, 25.19it/s]
  6%|▌         | 121/2000 [00:04<01:14, 25.22it/s]
  6%|▌         | 124/2000 [00:04<01:14, 25.19it/s]
  6%|▋         | 127/2000 [00:05<01:14, 25.24it/s]
  6%|▋         | 130/2000 [00:05<01:14, 25.21it/s]
  7%|▋         | 133/2000 [00:05<01:14, 25.17it/s]
  7%|▋         | 136/2000 [00:05<01:14, 25.19it/s]
  7%|▋         | 139/2000 [00:05<01:14, 25.09it/s]
  7%|▋         | 142/2000 [00:05<01:14, 25.06it/s]
  7%|▋         | 145/2000 [00:05<01:13, 25.12it/s]
  7%|▋         | 148/2000 [00:05<01:13, 25.16it/s]
  8%|▊         | 151/2000 [00:05<01:13, 25.08it/s]
  8%|▊         | 154/2000 [00:06<01:28, 20.82it/s]
  8%|▊         | 157/2000 [00:06<01:23, 21.94it/s]
  8%|▊         | 160/2000 [00:06<01:20, 22.74it/s]
  8%|▊         | 163/2000 [00:06<01:18, 23.41it/s]
  8%|▊         | 166/2000 [00:06<01:16, 23.90it/s]
  8%|▊         | 169/2000 [00:06<01:15, 24.27it/s]
  9%|▊         | 172/2000 [00:06<01:14, 24.56it/s]
  9%|▉         | 175/2000 [00:07<01:13, 24.73it/s]
  9%|▉         | 178/2000 [00:07<01:13, 24.91it/s]
  9%|▉         | 181/2000 [00:07<01:12, 24.99it/s]
  9%|▉         | 184/2000 [00:07<01:12, 25.04it/s]
  9%|▉         | 187/2000 [00:07<01:12, 25.09it/s]
 10%|▉         | 190/2000 [00:07<01:12, 25.10it/s]
 10%|▉         | 193/2000 [00:07<01:12, 25.06it/s]
 10%|▉         | 196/2000 [00:07<01:11, 25.06it/s]
 10%|▉         | 199/2000 [00:07<01:11, 25.08it/s]
 10%|█         | 202/2000 [00:08<01:11, 25.03it/s]
 10%|█         | 205/2000 [00:08<01:11, 25.11it/s]
 10%|█         | 208/2000 [00:08<01:11, 25.08it/s]
 11%|█         | 211/2000 [00:08<01:11, 25.00it/s]
 11%|█         | 214/2000 [00:08<01:11, 25.03it/s]
 11%|█         | 217/2000 [00:08<01:11, 24.99it/s]
 11%|█         | 220/2000 [00:08<01:11, 24.98it/s]
 11%|█         | 223/2000 [00:08<01:11, 24.98it/s]
 11%|█▏        | 226/2000 [00:09<01:11, 24.89it/s]
 11%|█▏        | 229/2000 [00:09<01:10, 25.00it/s]
 12%|█▏        | 232/2000 [00:09<01:10, 24.93it/s]
 12%|█▏        | 235/2000 [00:09<01:10, 24.96it/s]
 12%|█▏        | 238/2000 [00:09<01:10, 25.10it/s]
 12%|█▏        | 241/2000 [00:09<01:09, 25.13it/s]
 12%|█▏        | 244/2000 [00:09<01:09, 25.12it/s]
 12%|█▏        | 247/2000 [00:09<01:09, 25.11it/s]
 12%|█▎        | 250/2000 [00:10<01:09, 25.05it/s]
 13%|█▎        | 253/2000 [00:10<01:09, 25.09it/s]
 13%|█▎        | 256/2000 [00:10<01:09, 25.05it/s]
 13%|█▎        | 259/2000 [00:10<01:09, 25.12it/s]
 13%|█▎        | 262/2000 [00:10<01:09, 25.14it/s]
 13%|█▎        | 265/2000 [00:10<01:09, 25.08it/s]
 13%|█▎        | 268/2000 [00:10<01:09, 25.01it/s]
 14%|█▎        | 271/2000 [00:10<01:09, 25.03it/s]
 14%|█▎        | 274/2000 [00:10<01:08, 25.05it/s]
 14%|█▍        | 277/2000 [00:11<01:08, 25.07it/s]
 14%|█▍        | 280/2000 [00:11<01:08, 25.02it/s]
 14%|█▍        | 283/2000 [00:11<01:08, 25.05it/s]
 14%|█▍        | 286/2000 [00:11<01:08, 25.08it/s]
 14%|█▍        | 289/2000 [00:11<01:08, 25.09it/s]
 15%|█▍        | 292/2000 [00:11<01:08, 25.09it/s]
 15%|█▍        | 295/2000 [00:11<01:08, 24.97it/s]
 15%|█▍        | 298/2000 [00:11<01:08, 24.87it/s]
 15%|█▌        | 301/2000 [00:12<01:08, 24.87it/s]
 15%|█▌        | 304/2000 [00:12<01:08, 24.88it/s]
 15%|█▌        | 307/2000 [00:12<01:08, 24.89it/s]
 16%|█▌        | 310/2000 [00:12<01:08, 24.73it/s]
 16%|█▌        | 313/2000 [00:12<01:08, 24.75it/s]
 16%|█▌        | 316/2000 [00:12<01:08, 24.75it/s]
 16%|█▌        | 319/2000 [00:12<01:07, 24.80it/s]
 16%|█▌        | 322/2000 [00:12<01:07, 24.85it/s]
 16%|█▋        | 325/2000 [00:13<01:07, 24.79it/s]
 16%|█▋        | 328/2000 [00:13<01:07, 24.82it/s]
 17%|█▋        | 331/2000 [00:13<01:07, 24.87it/s]
 17%|█▋        | 334/2000 [00:13<01:07, 24.86it/s]
 17%|█▋        | 337/2000 [00:13<01:06, 24.90it/s]
 17%|█▋        | 340/2000 [00:13<01:06, 24.92it/s]
 17%|█▋        | 343/2000 [00:13<01:06, 24.85it/s]
 17%|█▋        | 346/2000 [00:13<01:06, 24.91it/s]
 17%|█▋        | 349/2000 [00:13<01:05, 25.02it/s]
 18%|█▊        | 352/2000 [00:14<01:05, 25.07it/s]
 18%|█▊        | 355/2000 [00:14<01:05, 25.08it/s]
 18%|█▊        | 358/2000 [00:14<01:05, 25.04it/s]
 18%|█▊        | 361/2000 [00:14<01:05, 25.08it/s]
 18%|█▊        | 364/2000 [00:14<01:05, 25.11it/s]
 18%|█▊        | 367/2000 [00:14<01:04, 25.15it/s]
 18%|█▊        | 370/2000 [00:14<01:04, 25.15it/s]
 19%|█▊        | 373/2000 [00:14<01:04, 25.11it/s]
 19%|█▉        | 376/2000 [00:15<01:04, 25.08it/s]
 19%|█▉        | 379/2000 [00:15<01:04, 25.13it/s]
 19%|█▉        | 382/2000 [00:15<01:04, 25.11it/s]
 19%|█▉        | 385/2000 [00:15<01:04, 25.16it/s]
 19%|█▉        | 388/2000 [00:15<01:04, 25.05it/s]
 20%|█▉        | 391/2000 [00:15<01:04, 25.08it/s]
 20%|█▉        | 394/2000 [00:15<01:03, 25.12it/s]
 20%|█▉        | 397/2000 [00:15<01:03, 25.12it/s]
 20%|██        | 400/2000 [00:16<01:03, 25.13it/s]
 20%|██        | 403/2000 [00:16<01:03, 25.14it/s]
 20%|██        | 406/2000 [00:16<01:03, 25.11it/s]
 20%|██        | 409/2000 [00:16<01:03, 25.11it/s]
 21%|██        | 412/2000 [00:16<01:03, 25.11it/s]
 21%|██        | 415/2000 [00:16<01:03, 25.07it/s]
 21%|██        | 418/2000 [00:16<01:03, 25.08it/s]
 21%|██        | 421/2000 [00:16<01:02, 25.10it/s]
 21%|██        | 424/2000 [00:16<01:03, 25.00it/s]
 21%|██▏       | 427/2000 [00:17<01:02, 25.01it/s]
 22%|██▏       | 430/2000 [00:17<01:02, 25.08it/s]
 22%|██▏       | 433/2000 [00:17<01:02, 25.10it/s]
 22%|██▏       | 436/2000 [00:17<01:02, 25.04it/s]
 22%|██▏       | 439/2000 [00:17<01:02, 25.05it/s]
 22%|██▏       | 442/2000 [00:17<01:02, 25.01it/s]
 22%|██▏       | 445/2000 [00:17<01:02, 25.04it/s]
 22%|██▏       | 448/2000 [00:17<01:01, 25.07it/s]
 23%|██▎       | 451/2000 [00:18<01:01, 25.04it/s]
 23%|██▎       | 454/2000 [00:18<01:01, 24.98it/s]
 23%|██▎       | 457/2000 [00:18<01:01, 25.06it/s]
 23%|██▎       | 460/2000 [00:18<01:01, 25.10it/s]
 23%|██▎       | 463/2000 [00:18<01:01, 25.05it/s]
 23%|██▎       | 466/2000 [00:18<01:01, 25.02it/s]
 23%|██▎       | 469/2000 [00:18<01:01, 25.00it/s]
 24%|██▎       | 472/2000 [00:18<01:01, 25.02it/s]
 24%|██▍       | 475/2000 [00:19<01:00, 25.07it/s]
 24%|██▍       | 478/2000 [00:19<01:00, 25.04it/s]
 24%|██▍       | 481/2000 [00:19<01:00, 25.08it/s]
 24%|██▍       | 484/2000 [00:19<01:00, 25.07it/s]
 24%|██▍       | 487/2000 [00:19<01:00, 25.17it/s]
 24%|██▍       | 490/2000 [00:19<00:59, 25.20it/s]
 25%|██▍       | 493/2000 [00:19<00:59, 25.19it/s]
 25%|██▍       | 496/2000 [00:19<00:59, 25.22it/s]
 25%|██▍       | 499/2000 [00:19<00:59, 25.17it/s]
 25%|██▌       | 502/2000 [00:20<00:59, 25.22it/s]
 25%|██▌       | 505/2000 [00:20<00:59, 25.21it/s]
 25%|██▌       | 508/2000 [00:20<00:59, 25.25it/s]
 26%|██▌       | 511/2000 [00:20<00:58, 25.27it/s]
 26%|██▌       | 514/2000 [00:20<00:59, 25.16it/s]
 26%|██▌       | 517/2000 [00:20<00:59, 25.10it/s]
 26%|██▌       | 520/2000 [00:20<00:58, 25.15it/s]
 26%|██▌       | 523/2000 [00:20<00:58, 25.14it/s]
 26%|██▋       | 526/2000 [00:21<00:58, 25.18it/s]
 26%|██▋       | 529/2000 [00:21<00:58, 25.15it/s]
 27%|██▋       | 532/2000 [00:21<00:58, 25.12it/s]
 27%|██▋       | 535/2000 [00:21<00:58, 25.12it/s]
 27%|██▋       | 538/2000 [00:21<00:58, 25.11it/s]
 27%|██▋       | 541/2000 [00:21<00:57, 25.18it/s]
 27%|██▋       | 544/2000 [00:21<00:57, 25.18it/s]
 27%|██▋       | 547/2000 [00:21<00:57, 25.14it/s]
 28%|██▊       | 550/2000 [00:21<00:57, 25.18it/s]
 28%|██▊       | 553/2000 [00:22<00:57, 25.16it/s]
 28%|██▊       | 556/2000 [00:22<00:57, 25.16it/s]
 28%|██▊       | 559/2000 [00:22<00:57, 25.18it/s]
 28%|██▊       | 562/2000 [00:22<00:57, 25.16it/s]
 28%|██▊       | 565/2000 [00:22<00:56, 25.18it/s]
 28%|██▊       | 568/2000 [00:22<00:57, 25.12it/s]
 29%|██▊       | 571/2000 [00:22<00:56, 25.12it/s]
 29%|██▊       | 574/2000 [00:22<00:56, 25.17it/s]
 29%|██▉       | 577/2000 [00:23<00:56, 25.05it/s]
 29%|██▉       | 580/2000 [00:23<00:56, 25.08it/s]
 29%|██▉       | 583/2000 [00:23<00:56, 25.06it/s]
 29%|██▉       | 586/2000 [00:23<00:56, 25.10it/s]
 29%|██▉       | 589/2000 [00:23<00:56, 25.10it/s]
 30%|██▉       | 592/2000 [00:23<00:56, 25.09it/s]
 30%|██▉       | 595/2000 [00:23<00:56, 24.95it/s]
 30%|██▉       | 598/2000 [00:23<00:55, 25.05it/s]
 30%|███       | 601/2000 [00:24<00:55, 25.05it/s]
 30%|███       | 604/2000 [00:24<00:55, 24.96it/s]
 30%|███       | 607/2000 [00:24<00:56, 24.87it/s]
 30%|███       | 610/2000 [00:24<00:55, 24.86it/s]
 31%|███       | 613/2000 [00:24<00:55, 24.96it/s]
 31%|███       | 616/2000 [00:24<00:55, 25.07it/s]
 31%|███       | 619/2000 [00:24<00:55, 25.08it/s]
 31%|███       | 622/2000 [00:24<00:54, 25.07it/s]
 31%|███▏      | 625/2000 [00:24<00:55, 24.94it/s]
 31%|███▏      | 628/2000 [00:25<00:54, 24.95it/s]
 32%|███▏      | 631/2000 [00:25<00:54, 24.93it/s]
 32%|███▏      | 634/2000 [00:25<00:54, 24.96it/s]
 32%|███▏      | 637/2000 [00:25<00:54, 24.91it/s]
 32%|███▏      | 640/2000 [00:25<00:54, 24.93it/s]
 32%|███▏      | 643/2000 [00:25<00:54, 24.98it/s]
 32%|███▏      | 646/2000 [00:25<00:54, 25.04it/s]
 32%|███▏      | 649/2000 [00:26<01:23, 16.27it/s]
 33%|███▎      | 652/2000 [00:26<01:15, 17.81it/s]
 33%|███▎      | 655/2000 [00:26<01:08, 19.50it/s]
 33%|███▎      | 658/2000 [00:26<01:04, 20.93it/s]
 33%|███▎      | 661/2000 [00:26<01:00, 22.03it/s]
 33%|███▎      | 664/2000 [00:26<00:58, 22.87it/s]
 33%|███▎      | 667/2000 [00:26<00:56, 23.46it/s]
 34%|███▎      | 670/2000 [00:27<00:55, 23.96it/s]
 34%|███▎      | 673/2000 [00:27<00:54, 24.28it/s]
 34%|███▍      | 676/2000 [00:27<00:54, 24.51it/s]
 34%|███▍      | 679/2000 [00:27<00:53, 24.70it/s]
 34%|███▍      | 682/2000 [00:27<00:53, 24.76it/s]
 34%|███▍      | 685/2000 [00:27<00:52, 24.87it/s]
 34%|███▍      | 688/2000 [00:27<00:52, 24.99it/s]
 35%|███▍      | 691/2000 [00:27<00:52, 25.02it/s]
 35%|███▍      | 694/2000 [00:27<00:52, 24.69it/s]
 35%|███▍      | 697/2000 [00:28<00:53, 24.30it/s]
 35%|███▌      | 700/2000 [00:28<00:53, 24.39it/s]
 35%|███▌      | 703/2000 [00:28<00:53, 24.44it/s]
 35%|███▌      | 706/2000 [00:28<00:52, 24.54it/s]
 35%|███▌      | 709/2000 [00:28<00:52, 24.61it/s]
 36%|███▌      | 712/2000 [00:28<00:52, 24.67it/s]
 36%|███▌      | 715/2000 [00:28<00:52, 24.65it/s]
 36%|███▌      | 718/2000 [00:28<00:51, 24.71it/s]
 36%|███▌      | 721/2000 [00:29<00:51, 24.72it/s]
 36%|███▌      | 724/2000 [00:29<00:51, 24.80it/s]
 36%|███▋      | 727/2000 [00:29<00:51, 24.83it/s]
 36%|███▋      | 730/2000 [00:29<00:51, 24.80it/s]
 37%|███▋      | 733/2000 [00:29<00:51, 24.84it/s]
 37%|███▋      | 736/2000 [00:29<00:50, 24.90it/s]
 37%|███▋      | 739/2000 [00:29<00:50, 24.85it/s]
 37%|███▋      | 742/2000 [00:29<00:50, 24.88it/s]
 37%|███▋      | 745/2000 [00:30<00:50, 24.83it/s]
 37%|███▋      | 748/2000 [00:30<00:50, 24.92it/s]
 38%|███▊      | 751/2000 [00:30<00:50, 24.97it/s]
 38%|███▊      | 754/2000 [00:30<00:49, 24.97it/s]
 38%|███▊      | 757/2000 [00:30<00:49, 24.99it/s]
 38%|███▊      | 760/2000 [00:30<00:49, 24.98it/s]
 38%|███▊      | 763/2000 [00:30<00:49, 24.91it/s]
 38%|███▊      | 766/2000 [00:30<00:49, 24.88it/s]
 38%|███▊      | 769/2000 [00:31<00:49, 24.78it/s]
 39%|███▊      | 772/2000 [00:31<00:49, 24.78it/s]
 39%|███▉      | 775/2000 [00:31<00:49, 24.67it/s]
 39%|███▉      | 778/2000 [00:31<00:49, 24.76it/s]
 39%|███▉      | 781/2000 [00:31<00:49, 24.84it/s]
 39%|███▉      | 784/2000 [00:31<00:48, 24.88it/s]
 39%|███▉      | 787/2000 [00:31<00:48, 24.88it/s]
 40%|███▉      | 790/2000 [00:31<00:48, 24.93it/s]
 40%|███▉      | 793/2000 [00:31<00:48, 24.95it/s]
 40%|███▉      | 796/2000 [00:32<00:48, 24.92it/s]
 40%|███▉      | 799/2000 [00:32<00:48, 24.97it/s]
 40%|████      | 802/2000 [00:32<00:47, 24.98it/s]
 40%|████      | 805/2000 [00:32<00:47, 24.95it/s]
 40%|████      | 808/2000 [00:32<00:47, 24.94it/s]
 41%|████      | 811/2000 [00:32<00:47, 24.87it/s]
 41%|████      | 814/2000 [00:32<00:47, 24.82it/s]
 41%|████      | 817/2000 [00:32<00:47, 24.73it/s]
 41%|████      | 820/2000 [00:33<00:47, 24.75it/s]
 41%|████      | 823/2000 [00:33<00:47, 24.78it/s]
 41%|████▏     | 826/2000 [00:33<00:47, 24.84it/s]
 41%|████▏     | 829/2000 [00:33<00:47, 24.83it/s]
 42%|████▏     | 832/2000 [00:33<00:46, 24.88it/s]
 42%|████▏     | 835/2000 [00:33<00:46, 24.92it/s]
 42%|████▏     | 838/2000 [00:33<00:46, 24.78it/s]
 42%|████▏     | 841/2000 [00:33<00:46, 24.74it/s]
 42%|████▏     | 844/2000 [00:34<00:46, 24.76it/s]
 42%|████▏     | 847/2000 [00:34<00:46, 24.82it/s]
 42%|████▎     | 850/2000 [00:34<00:46, 24.85it/s]
 43%|████▎     | 853/2000 [00:34<00:46, 24.90it/s]
 43%|████▎     | 856/2000 [00:34<00:46, 24.72it/s]
 43%|████▎     | 859/2000 [00:34<00:46, 24.74it/s]
 43%|████▎     | 862/2000 [00:34<00:46, 24.67it/s]
 43%|████▎     | 865/2000 [00:34<00:46, 24.65it/s]
 43%|████▎     | 868/2000 [00:34<00:45, 24.67it/s]
 44%|████▎     | 871/2000 [00:35<00:45, 24.69it/s]
 44%|████▎     | 874/2000 [00:35<00:45, 24.68it/s]
 44%|████▍     | 877/2000 [00:35<00:45, 24.69it/s]
 44%|████▍     | 880/2000 [00:35<00:45, 24.64it/s]
 44%|████▍     | 883/2000 [00:35<00:45, 24.69it/s]
 44%|████▍     | 886/2000 [00:35<00:45, 24.70it/s]
 44%|████▍     | 889/2000 [00:35<00:44, 24.72it/s]
 45%|████▍     | 892/2000 [00:35<00:44, 24.72it/s]
 45%|████▍     | 895/2000 [00:36<00:44, 24.67it/s]
 45%|████▍     | 898/2000 [00:36<00:44, 24.66it/s]
 45%|████▌     | 901/2000 [00:36<00:44, 24.66it/s]
 45%|████▌     | 904/2000 [00:36<00:44, 24.64it/s]
 45%|████▌     | 907/2000 [00:36<00:44, 24.59it/s]
 46%|████▌     | 910/2000 [00:36<00:44, 24.64it/s]
 46%|████▌     | 913/2000 [00:36<00:44, 24.66it/s]
 46%|████▌     | 916/2000 [00:36<00:43, 24.70it/s]
 46%|████▌     | 919/2000 [00:37<00:43, 24.69it/s]
 46%|████▌     | 922/2000 [00:37<00:43, 24.72it/s]
 46%|████▋     | 925/2000 [00:37<00:43, 24.63it/s]
 46%|████▋     | 928/2000 [00:37<00:43, 24.61it/s]
 47%|████▋     | 931/2000 [00:37<00:43, 24.60it/s]
 47%|████▋     | 934/2000 [00:37<00:43, 24.61it/s]
 47%|████▋     | 937/2000 [00:37<00:43, 24.62it/s]
 47%|████▋     | 940/2000 [00:37<00:43, 24.63it/s]
 47%|████▋     | 943/2000 [00:38<00:42, 24.69it/s]
 47%|████▋     | 946/2000 [00:38<00:42, 24.69it/s]
 47%|████▋     | 949/2000 [00:38<00:42, 24.65it/s]
 48%|████▊     | 952/2000 [00:38<00:42, 24.67it/s]
 48%|████▊     | 955/2000 [00:38<00:42, 24.67it/s]
 48%|████▊     | 958/2000 [00:38<00:42, 24.65it/s]
 48%|████▊     | 961/2000 [00:38<00:42, 24.65it/s]
 48%|████▊     | 964/2000 [00:38<00:41, 24.69it/s]
 48%|████▊     | 967/2000 [00:39<00:41, 24.68it/s]
 48%|████▊     | 970/2000 [00:39<00:41, 24.67it/s]
 49%|████▊     | 973/2000 [00:39<00:41, 24.78it/s]
 49%|████▉     | 976/2000 [00:39<00:41, 24.86it/s]
 49%|████▉     | 979/2000 [00:39<00:41, 24.84it/s]
 49%|████▉     | 982/2000 [00:39<00:40, 24.85it/s]
 49%|████▉     | 985/2000 [00:39<00:40, 24.89it/s]
 49%|████▉     | 988/2000 [00:39<00:40, 24.93it/s]
 50%|████▉     | 991/2000 [00:39<00:40, 24.93it/s]
 50%|████▉     | 994/2000 [00:40<00:40, 24.85it/s]
 50%|████▉     | 997/2000 [00:40<00:40, 24.89it/s]
 50%|█████     | 1000/2000 [00:40<00:40, 24.91it/s]
 50%|█████     | 1003/2000 [00:40<00:40, 24.86it/s]
 50%|█████     | 1006/2000 [00:40<00:39, 24.92it/s]
 50%|█████     | 1009/2000 [00:40<00:39, 24.79it/s]
 51%|█████     | 1012/2000 [00:40<00:39, 24.82it/s]
 51%|█████     | 1015/2000 [00:40<00:39, 24.79it/s]
 51%|█████     | 1018/2000 [00:41<00:39, 24.79it/s]
 51%|█████     | 1021/2000 [00:41<00:39, 24.80it/s]
 51%|█████     | 1024/2000 [00:41<00:39, 24.84it/s]
 51%|█████▏    | 1027/2000 [00:41<00:39, 24.87it/s]
 52%|█████▏    | 1030/2000 [00:41<00:38, 24.89it/s]
 52%|█████▏    | 1033/2000 [00:41<00:38, 24.94it/s]
 52%|█████▏    | 1036/2000 [00:41<00:38, 24.97it/s]
 52%|█████▏    | 1039/2000 [00:41<00:38, 25.00it/s]
 52%|█████▏    | 1042/2000 [00:42<00:38, 24.96it/s]
 52%|█████▏    | 1045/2000 [00:42<00:38, 24.99it/s]
 52%|█████▏    | 1048/2000 [00:42<00:38, 24.96it/s]
 53%|█████▎    | 1051/2000 [00:42<00:38, 24.96it/s]
 53%|█████▎    | 1054/2000 [00:42<00:37, 24.99it/s]
 53%|█████▎    | 1057/2000 [00:42<00:37, 24.94it/s]
 53%|█████▎    | 1060/2000 [00:42<00:37, 24.96it/s]
 53%|█████▎    | 1063/2000 [00:42<00:37, 24.99it/s]
 53%|█████▎    | 1066/2000 [00:42<00:38, 24.39it/s]
 53%|█████▎    | 1069/2000 [00:43<00:38, 24.24it/s]
 54%|█████▎    | 1072/2000 [00:43<00:37, 24.45it/s]
 54%|█████▍    | 1075/2000 [00:43<00:37, 24.49it/s]
 54%|█████▍    | 1078/2000 [00:43<00:37, 24.67it/s]
 54%|█████▍    | 1081/2000 [00:43<00:37, 24.73it/s]
 54%|█████▍    | 1084/2000 [00:43<00:36, 24.76it/s]
 54%|█████▍    | 1087/2000 [00:43<00:36, 24.76it/s]
 55%|█████▍    | 1090/2000 [00:43<00:36, 24.87it/s]
 55%|█████▍    | 1093/2000 [00:44<00:36, 24.90it/s]
 55%|█████▍    | 1096/2000 [00:44<00:36, 24.96it/s]
 55%|█████▍    | 1099/2000 [00:44<00:36, 25.00it/s]
 55%|█████▌    | 1102/2000 [00:44<00:35, 25.02it/s]
 55%|█████▌    | 1105/2000 [00:44<00:35, 25.01it/s]
 55%|█████▌    | 1108/2000 [00:44<00:35, 25.03it/s]
 56%|█████▌    | 1111/2000 [00:44<00:35, 25.04it/s]
 56%|█████▌    | 1114/2000 [00:44<00:35, 25.03it/s]
 56%|█████▌    | 1117/2000 [00:45<00:35, 24.95it/s]
 56%|█████▌    | 1120/2000 [00:45<00:35, 24.91it/s]
 56%|█████▌    | 1123/2000 [00:45<00:35, 24.86it/s]
 56%|█████▋    | 1126/2000 [00:45<00:35, 24.87it/s]
 56%|█████▋    | 1129/2000 [00:45<00:34, 24.90it/s]
 57%|█████▋    | 1132/2000 [00:45<00:34, 24.86it/s]
 57%|█████▋    | 1135/2000 [00:45<00:34, 24.87it/s]
 57%|█████▋    | 1138/2000 [00:45<00:34, 24.92it/s]
 57%|█████▋    | 1141/2000 [00:46<00:34, 24.92it/s]
 57%|█████▋    | 1144/2000 [00:46<00:34, 24.99it/s]
 57%|█████▋    | 1147/2000 [00:46<00:34, 25.00it/s]
 57%|█████▊    | 1150/2000 [00:46<00:33, 25.02it/s]
 58%|█████▊    | 1153/2000 [00:46<00:33, 25.04it/s]
 58%|█████▊    | 1156/2000 [00:46<00:33, 25.06it/s]
 58%|█████▊    | 1159/2000 [00:46<00:33, 25.06it/s]
 58%|█████▊    | 1162/2000 [00:46<00:33, 25.06it/s]
 58%|█████▊    | 1165/2000 [00:46<00:33, 25.02it/s]
 58%|█████▊    | 1168/2000 [00:47<00:33, 24.99it/s]
 59%|█████▊    | 1171/2000 [00:47<00:33, 24.97it/s]
 59%|█████▊    | 1174/2000 [00:47<00:33, 24.99it/s]
 59%|█████▉    | 1177/2000 [00:47<00:32, 25.00it/s]
 59%|█████▉    | 1180/2000 [00:47<00:32, 24.89it/s]
 59%|█████▉    | 1183/2000 [00:47<00:32, 24.96it/s]
 59%|█████▉    | 1186/2000 [00:47<00:32, 24.87it/s]
 59%|█████▉    | 1189/2000 [00:47<00:32, 24.84it/s]
 60%|█████▉    | 1192/2000 [00:48<00:32, 24.88it/s]
 60%|█████▉    | 1195/2000 [00:48<00:32, 24.88it/s]
 60%|█████▉    | 1198/2000 [00:48<00:32, 24.93it/s]
 60%|██████    | 1201/2000 [00:48<00:32, 24.94it/s]
 60%|██████    | 1204/2000 [00:48<00:31, 24.91it/s]
 60%|██████    | 1207/2000 [00:48<00:31, 24.90it/s]
 60%|██████    | 1210/2000 [00:48<00:31, 24.88it/s]
 61%|██████    | 1213/2000 [00:48<00:31, 24.89it/s]
 61%|██████    | 1216/2000 [00:49<00:31, 24.92it/s]
 61%|██████    | 1219/2000 [00:49<00:31, 24.78it/s]
 61%|██████    | 1222/2000 [00:49<00:31, 24.85it/s]
 61%|██████▏   | 1225/2000 [00:49<00:31, 24.83it/s]
 61%|██████▏   | 1228/2000 [00:49<00:31, 24.80it/s]
 62%|██████▏   | 1231/2000 [00:49<00:31, 24.78it/s]
 62%|██████▏   | 1234/2000 [00:49<00:30, 24.84it/s]
 62%|██████▏   | 1237/2000 [00:49<00:30, 24.92it/s]
 62%|██████▏   | 1240/2000 [00:49<00:30, 24.89it/s]
 62%|██████▏   | 1243/2000 [00:50<00:30, 24.82it/s]
 62%|██████▏   | 1246/2000 [00:50<00:30, 24.85it/s]
 62%|██████▏   | 1249/2000 [00:50<00:30, 24.91it/s]
 63%|██████▎   | 1252/2000 [00:50<00:30, 24.87it/s]
 63%|██████▎   | 1255/2000 [00:50<00:29, 24.90it/s]
 63%|██████▎   | 1258/2000 [00:50<00:29, 24.87it/s]
 63%|██████▎   | 1261/2000 [00:50<00:29, 24.84it/s]
 63%|██████▎   | 1264/2000 [00:50<00:29, 24.84it/s]
 63%|██████▎   | 1267/2000 [00:51<00:29, 24.88it/s]
 64%|██████▎   | 1270/2000 [00:51<00:29, 24.86it/s]
 64%|██████▎   | 1273/2000 [00:51<00:29, 24.83it/s]
 64%|██████▍   | 1276/2000 [00:51<00:29, 24.84it/s]
 64%|██████▍   | 1279/2000 [00:51<00:29, 24.85it/s]
 64%|██████▍   | 1282/2000 [00:51<00:28, 24.90it/s]
 64%|██████▍   | 1285/2000 [00:51<00:28, 24.86it/s]
 64%|██████▍   | 1288/2000 [00:51<00:28, 24.88it/s]
 65%|██████▍   | 1291/2000 [00:52<00:28, 24.86it/s]
 65%|██████▍   | 1294/2000 [00:52<00:28, 24.87it/s]
 65%|██████▍   | 1297/2000 [00:52<00:28, 24.86it/s]
 65%|██████▌   | 1300/2000 [00:52<00:28, 24.86it/s]
 65%|██████▌   | 1303/2000 [00:52<00:28, 24.77it/s]
 65%|██████▌   | 1306/2000 [00:52<00:28, 24.71it/s]
 65%|██████▌   | 1309/2000 [00:52<00:27, 24.69it/s]
 66%|██████▌   | 1312/2000 [00:52<00:27, 24.70it/s]
 66%|██████▌   | 1315/2000 [00:53<00:27, 24.71it/s]
 66%|██████▌   | 1318/2000 [00:53<00:27, 24.70it/s]
 66%|██████▌   | 1321/2000 [00:53<00:27, 24.71it/s]
 66%|██████▌   | 1324/2000 [00:53<00:27, 24.77it/s]
 66%|██████▋   | 1327/2000 [00:53<00:27, 24.78it/s]
 66%|██████▋   | 1330/2000 [00:53<00:27, 24.80it/s]
 67%|██████▋   | 1333/2000 [00:53<00:26, 24.80it/s]
 67%|██████▋   | 1336/2000 [00:53<00:26, 24.79it/s]
 67%|██████▋   | 1339/2000 [00:53<00:26, 24.88it/s]
 67%|██████▋   | 1342/2000 [00:54<00:26, 24.88it/s]
 67%|██████▋   | 1345/2000 [00:54<00:26, 24.88it/s]
 67%|██████▋   | 1348/2000 [00:54<00:26, 24.79it/s]
 68%|██████▊   | 1351/2000 [00:54<00:26, 24.79it/s]
 68%|██████▊   | 1354/2000 [00:54<00:26, 24.78it/s]
 68%|██████▊   | 1357/2000 [00:54<00:26, 24.69it/s]
 68%|██████▊   | 1360/2000 [00:54<00:25, 24.68it/s]
 68%|██████▊   | 1363/2000 [00:54<00:25, 24.70it/s]
 68%|██████▊   | 1366/2000 [00:55<00:25, 24.66it/s]
 68%|██████▊   | 1369/2000 [00:55<00:25, 24.62it/s]
 69%|██████▊   | 1372/2000 [00:55<00:25, 24.64it/s]
 69%|██████▉   | 1375/2000 [00:55<00:25, 24.62it/s]
 69%|██████▉   | 1378/2000 [00:55<00:25, 24.62it/s]
 69%|██████▉   | 1381/2000 [00:55<00:25, 24.64it/s]
 69%|██████▉   | 1384/2000 [00:55<00:24, 24.65it/s]
 69%|██████▉   | 1387/2000 [00:55<00:24, 24.67it/s]
 70%|██████▉   | 1390/2000 [00:56<00:24, 24.66it/s]
 70%|██████▉   | 1393/2000 [00:56<00:24, 24.64it/s]
 70%|██████▉   | 1396/2000 [00:56<00:24, 24.57it/s]
 70%|██████▉   | 1399/2000 [00:56<00:24, 24.51it/s]
 70%|███████   | 1402/2000 [00:56<00:24, 24.59it/s]
 70%|███████   | 1405/2000 [00:56<00:24, 24.64it/s]
 70%|███████   | 1408/2000 [00:56<00:24, 24.64it/s]
 71%|███████   | 1411/2000 [00:56<00:23, 24.61it/s]
 71%|███████   | 1414/2000 [00:57<00:23, 24.64it/s]
 71%|███████   | 1417/2000 [00:57<00:23, 24.64it/s]
 71%|███████   | 1420/2000 [00:57<00:23, 24.65it/s]
 71%|███████   | 1423/2000 [00:57<00:23, 24.64it/s]
 71%|███████▏  | 1426/2000 [00:57<00:23, 24.68it/s]
 71%|███████▏  | 1429/2000 [00:57<00:23, 24.61it/s]
 72%|███████▏  | 1432/2000 [00:57<00:23, 24.65it/s]
 72%|███████▏  | 1435/2000 [00:57<00:22, 24.69it/s]
 72%|███████▏  | 1438/2000 [00:57<00:22, 24.62it/s]
 72%|███████▏  | 1441/2000 [00:58<00:22, 24.60it/s]
 72%|███████▏  | 1444/2000 [00:58<00:22, 24.49it/s]
 72%|███████▏  | 1447/2000 [00:58<00:22, 24.51it/s]
 72%|███████▎  | 1450/2000 [00:58<00:22, 24.60it/s]
 73%|███████▎  | 1453/2000 [00:58<00:22, 24.54it/s]
 73%|███████▎  | 1456/2000 [00:58<00:22, 24.56it/s]
 73%|███████▎  | 1459/2000 [00:58<00:22, 24.57it/s]
 73%|███████▎  | 1462/2000 [00:58<00:21, 24.59it/s]
 73%|███████▎  | 1465/2000 [00:59<00:21, 24.59it/s]
 73%|███████▎  | 1468/2000 [00:59<00:21, 24.68it/s]
 74%|███████▎  | 1471/2000 [00:59<00:21, 24.77it/s]
 74%|███████▎  | 1474/2000 [00:59<00:21, 24.83it/s]
 74%|███████▍  | 1477/2000 [00:59<00:21, 24.83it/s]
 74%|███████▍  | 1480/2000 [00:59<00:20, 24.85it/s]
 74%|███████▍  | 1483/2000 [00:59<00:20, 24.93it/s]
 74%|███████▍  | 1486/2000 [00:59<00:20, 24.96it/s]
 74%|███████▍  | 1489/2000 [01:00<00:20, 24.98it/s]
 75%|███████▍  | 1492/2000 [01:00<00:20, 25.00it/s]
 75%|███████▍  | 1495/2000 [01:00<00:20, 25.00it/s]
 75%|███████▍  | 1498/2000 [01:00<00:20, 25.00it/s]
 75%|███████▌  | 1501/2000 [01:00<00:19, 25.06it/s]
 75%|███████▌  | 1504/2000 [01:00<00:19, 25.01it/s]
 75%|███████▌  | 1507/2000 [01:00<00:19, 24.94it/s]
 76%|███████▌  | 1510/2000 [01:00<00:19, 24.92it/s]
 76%|███████▌  | 1513/2000 [01:01<00:19, 24.97it/s]
 76%|███████▌  | 1516/2000 [01:01<00:19, 25.02it/s]
 76%|███████▌  | 1519/2000 [01:01<00:19, 25.05it/s]
 76%|███████▌  | 1522/2000 [01:01<00:19, 25.04it/s]
 76%|███████▋  | 1525/2000 [01:01<00:18, 25.06it/s]
 76%|███████▋  | 1528/2000 [01:01<00:18, 25.08it/s]
 77%|███████▋  | 1531/2000 [01:01<00:18, 25.10it/s]
 77%|███████▋  | 1534/2000 [01:01<00:18, 25.11it/s]
 77%|███████▋  | 1537/2000 [01:01<00:18, 25.10it/s]
 77%|███████▋  | 1540/2000 [01:02<00:18, 25.16it/s]
 77%|███████▋  | 1543/2000 [01:02<00:18, 25.23it/s]
 77%|███████▋  | 1546/2000 [01:02<00:17, 25.22it/s]
 77%|███████▋  | 1549/2000 [01:02<00:17, 25.14it/s]
 78%|███████▊  | 1552/2000 [01:02<00:17, 25.15it/s]
 78%|███████▊  | 1555/2000 [01:02<00:17, 25.03it/s]
 78%|███████▊  | 1558/2000 [01:02<00:17, 25.11it/s]
 78%|███████▊  | 1561/2000 [01:02<00:17, 25.13it/s]
 78%|███████▊  | 1564/2000 [01:03<00:17, 25.07it/s]
 78%|███████▊  | 1567/2000 [01:03<00:17, 25.06it/s]
 78%|███████▊  | 1570/2000 [01:03<00:17, 25.01it/s]
 79%|███████▊  | 1573/2000 [01:03<00:17, 25.02it/s]
 79%|███████▉  | 1576/2000 [01:03<00:16, 25.09it/s]
 79%|███████▉  | 1579/2000 [01:03<00:16, 25.07it/s]
 79%|███████▉  | 1582/2000 [01:03<00:16, 25.00it/s]
 79%|███████▉  | 1585/2000 [01:03<00:16, 24.85it/s]
 79%|███████▉  | 1588/2000 [01:03<00:16, 24.88it/s]
 80%|███████▉  | 1591/2000 [01:04<00:16, 24.85it/s]
 80%|███████▉  | 1594/2000 [01:04<00:16, 24.89it/s]
 80%|███████▉  | 1597/2000 [01:04<00:16, 24.94it/s]
 80%|████████  | 1600/2000 [01:04<00:16, 24.94it/s]
 80%|████████  | 1603/2000 [01:04<00:15, 24.94it/s]
 80%|████████  | 1606/2000 [01:04<00:15, 24.97it/s]
 80%|████████  | 1609/2000 [01:04<00:15, 24.97it/s]
 81%|████████  | 1612/2000 [01:04<00:15, 24.96it/s]
 81%|████████  | 1615/2000 [01:05<00:15, 24.90it/s]
 81%|████████  | 1618/2000 [01:05<00:15, 24.91it/s]
 81%|████████  | 1621/2000 [01:05<00:15, 24.93it/s]
 81%|████████  | 1624/2000 [01:05<00:15, 24.96it/s]
 81%|████████▏ | 1627/2000 [01:05<00:14, 24.93it/s]
 82%|████████▏ | 1630/2000 [01:05<00:14, 24.86it/s]
 82%|████████▏ | 1633/2000 [01:05<00:14, 24.69it/s]
 82%|████████▏ | 1636/2000 [01:05<00:14, 24.69it/s]
 82%|████████▏ | 1639/2000 [01:06<00:14, 24.77it/s]
 82%|████████▏ | 1642/2000 [01:06<00:14, 24.85it/s]
 82%|████████▏ | 1645/2000 [01:06<00:14, 24.82it/s]
 82%|████████▏ | 1648/2000 [01:06<00:14, 24.82it/s]
 83%|████████▎ | 1651/2000 [01:06<00:14, 24.87it/s]
 83%|████████▎ | 1654/2000 [01:06<00:13, 24.91it/s]
 83%|████████▎ | 1657/2000 [01:06<00:13, 24.94it/s]
 83%|████████▎ | 1660/2000 [01:06<00:13, 24.94it/s]
 83%|████████▎ | 1663/2000 [01:07<00:13, 24.79it/s]
 83%|████████▎ | 1666/2000 [01:07<00:13, 24.90it/s]
 83%|████████▎ | 1669/2000 [01:07<00:13, 24.91it/s]
 84%|████████▎ | 1672/2000 [01:07<00:13, 24.93it/s]
 84%|████████▍ | 1675/2000 [01:07<00:13, 24.97it/s]
 84%|████████▍ | 1678/2000 [01:07<00:12, 24.92it/s]
 84%|████████▍ | 1681/2000 [01:07<00:12, 24.91it/s]
 84%|████████▍ | 1684/2000 [01:07<00:12, 24.98it/s]
 84%|████████▍ | 1687/2000 [01:07<00:12, 24.93it/s]
 84%|████████▍ | 1690/2000 [01:08<00:12, 24.92it/s]
 85%|████████▍ | 1693/2000 [01:08<00:12, 24.91it/s]
 85%|████████▍ | 1696/2000 [01:08<00:12, 24.92it/s]
 85%|████████▍ | 1699/2000 [01:08<00:12, 24.92it/s]
 85%|████████▌ | 1702/2000 [01:08<00:11, 24.92it/s]
 85%|████████▌ | 1705/2000 [01:08<00:11, 24.90it/s]
 85%|████████▌ | 1708/2000 [01:08<00:11, 24.93it/s]
 86%|████████▌ | 1711/2000 [01:08<00:11, 24.86it/s]
 86%|████████▌ | 1714/2000 [01:09<00:11, 24.86it/s]
 86%|████████▌ | 1717/2000 [01:09<00:11, 24.98it/s]
 86%|████████▌ | 1720/2000 [01:09<00:11, 25.08it/s]
 86%|████████▌ | 1723/2000 [01:09<00:11, 25.01it/s]
 86%|████████▋ | 1726/2000 [01:09<00:10, 25.04it/s]
 86%|████████▋ | 1729/2000 [01:09<00:10, 25.08it/s]
 87%|████████▋ | 1732/2000 [01:09<00:10, 25.13it/s]
 87%|████████▋ | 1735/2000 [01:09<00:10, 25.16it/s]
 87%|████████▋ | 1738/2000 [01:10<00:10, 25.14it/s]
 87%|████████▋ | 1741/2000 [01:10<00:10, 25.19it/s]
 87%|████████▋ | 1744/2000 [01:10<00:10, 25.20it/s]
 87%|████████▋ | 1747/2000 [01:10<00:10, 25.24it/s]
 88%|████████▊ | 1750/2000 [01:10<00:09, 25.26it/s]
 88%|████████▊ | 1753/2000 [01:10<00:09, 25.24it/s]
 88%|████████▊ | 1756/2000 [01:10<00:09, 25.22it/s]
 88%|████████▊ | 1759/2000 [01:10<00:09, 25.24it/s]
 88%|████████▊ | 1762/2000 [01:10<00:09, 25.27it/s]
 88%|████████▊ | 1765/2000 [01:11<00:09, 25.26it/s]
 88%|████████▊ | 1768/2000 [01:11<00:09, 25.22it/s]
 89%|████████▊ | 1771/2000 [01:11<00:09, 25.25it/s]
 89%|████████▊ | 1774/2000 [01:11<00:08, 25.26it/s]
 89%|████████▉ | 1777/2000 [01:11<00:08, 25.26it/s]
 89%|████████▉ | 1780/2000 [01:11<00:08, 25.29it/s]
 89%|████████▉ | 1783/2000 [01:11<00:08, 25.26it/s]
 89%|████████▉ | 1786/2000 [01:11<00:08, 25.23it/s]
 89%|████████▉ | 1789/2000 [01:12<00:08, 25.23it/s]
 90%|████████▉ | 1792/2000 [01:12<00:08, 25.24it/s]
 90%|████████▉ | 1795/2000 [01:12<00:08, 25.25it/s]
 90%|████████▉ | 1798/2000 [01:12<00:08, 25.18it/s]
 90%|█████████ | 1801/2000 [01:12<00:07, 25.13it/s]
 90%|█████████ | 1804/2000 [01:12<00:07, 25.10it/s]
 90%|█████████ | 1807/2000 [01:12<00:07, 25.17it/s]
 90%|█████████ | 1810/2000 [01:12<00:07, 25.15it/s]
 91%|█████████ | 1813/2000 [01:12<00:07, 25.18it/s]
 91%|█████████ | 1816/2000 [01:13<00:07, 25.19it/s]
 91%|█████████ | 1819/2000 [01:13<00:07, 25.18it/s]
 91%|█████████ | 1822/2000 [01:13<00:07, 25.15it/s]
 91%|█████████▏| 1825/2000 [01:13<00:06, 25.17it/s]
 91%|█████████▏| 1828/2000 [01:13<00:06, 25.20it/s]
 92%|█████████▏| 1831/2000 [01:13<00:06, 25.20it/s]
 92%|█████████▏| 1834/2000 [01:13<00:06, 25.15it/s]
 92%|█████████▏| 1837/2000 [01:13<00:06, 25.17it/s]
 92%|█████████▏| 1840/2000 [01:14<00:06, 25.21it/s]
 92%|█████████▏| 1843/2000 [01:14<00:06, 25.20it/s]
 92%|█████████▏| 1846/2000 [01:14<00:06, 25.26it/s]
 92%|█████████▏| 1849/2000 [01:14<00:05, 25.27it/s]
 93%|█████████▎| 1852/2000 [01:14<00:05, 25.25it/s]
 93%|█████████▎| 1855/2000 [01:14<00:05, 25.23it/s]
 93%|█████████▎| 1858/2000 [01:14<00:05, 25.26it/s]
 93%|█████████▎| 1861/2000 [01:14<00:05, 25.01it/s]
 93%|█████████▎| 1864/2000 [01:15<00:05, 25.03it/s]
 93%|█████████▎| 1867/2000 [01:15<00:05, 25.01it/s]
 94%|█████████▎| 1870/2000 [01:15<00:05, 25.03it/s]
 94%|█████████▎| 1873/2000 [01:15<00:05, 25.01it/s]
 94%|█████████▍| 1876/2000 [01:15<00:04, 25.00it/s]
 94%|█████████▍| 1879/2000 [01:15<00:04, 25.00it/s]
 94%|█████████▍| 1882/2000 [01:15<00:04, 25.00it/s]
 94%|█████████▍| 1885/2000 [01:15<00:04, 25.04it/s]
 94%|█████████▍| 1888/2000 [01:15<00:04, 25.11it/s]
 95%|█████████▍| 1891/2000 [01:16<00:04, 25.13it/s]
 95%|█████████▍| 1894/2000 [01:16<00:04, 25.14it/s]
 95%|█████████▍| 1897/2000 [01:16<00:04, 25.13it/s]
 95%|█████████▌| 1900/2000 [01:16<00:04, 25.00it/s]
 95%|█████████▌| 1903/2000 [01:16<00:03, 25.04it/s]
 95%|█████████▌| 1906/2000 [01:16<00:03, 25.08it/s]
 95%|█████████▌| 1909/2000 [01:16<00:03, 25.01it/s]
 96%|█████████▌| 1912/2000 [01:16<00:03, 24.97it/s]
 96%|█████████▌| 1915/2000 [01:17<00:03, 24.94it/s]
 96%|█████████▌| 1918/2000 [01:17<00:03, 25.01it/s]
 96%|█████████▌| 1921/2000 [01:17<00:03, 24.97it/s]
 96%|█████████▌| 1924/2000 [01:17<00:03, 24.99it/s]
 96%|█████████▋| 1927/2000 [01:17<00:02, 25.04it/s]
 96%|█████████▋| 1930/2000 [01:17<00:02, 25.03it/s]
 97%|█████████▋| 1933/2000 [01:17<00:02, 25.03it/s]
 97%|█████████▋| 1936/2000 [01:17<00:02, 25.07it/s]
 97%|█████████▋| 1939/2000 [01:18<00:02, 25.12it/s]
 97%|█████████▋| 1942/2000 [01:18<00:02, 25.15it/s]
 97%|█████████▋| 1945/2000 [01:18<00:02, 25.12it/s]
 97%|█████████▋| 1948/2000 [01:18<00:02, 25.13it/s]
 98%|█████████▊| 1951/2000 [01:18<00:02, 23.72it/s]
 98%|█████████▊| 1954/2000 [01:18<00:01, 24.02it/s]
 98%|█████████▊| 1957/2000 [01:18<00:01, 24.34it/s]
 98%|█████████▊| 1960/2000 [01:18<00:01, 24.52it/s]
 98%|█████████▊| 1963/2000 [01:18<00:01, 24.71it/s]
 98%|█████████▊| 1966/2000 [01:19<00:01, 24.81it/s]
 98%|█████████▊| 1969/2000 [01:19<00:01, 24.96it/s]
 99%|█████████▊| 1972/2000 [01:19<00:01, 25.05it/s]
 99%|█████████▉| 1975/2000 [01:19<00:00, 25.03it/s]
 99%|█████████▉| 1978/2000 [01:19<00:00, 24.99it/s]
 99%|█████████▉| 1981/2000 [01:19<00:00, 25.09it/s]
 99%|█████████▉| 1984/2000 [01:19<00:00, 25.10it/s]
 99%|█████████▉| 1987/2000 [01:19<00:00, 25.15it/s]
100%|█████████▉| 1990/2000 [01:20<00:00, 25.22it/s]
100%|█████████▉| 1993/2000 [01:20<00:00, 25.22it/s]
100%|█████████▉| 1996/2000 [01:20<00:00, 25.26it/s]
100%|█████████▉| 1999/2000 [01:20<00:00, 25.25it/s]
100%|██████████| 2000/2000 [01:20<00:00, 24.84it/s]
  P(true) judge for fanar-truthfulqa (817 rows)...

  0%|          | 0/817 [00:00<?, ?it/s]
  0%|          | 4/817 [00:00<00:26, 31.15it/s]
  1%|          | 8/817 [00:00<00:29, 27.33it/s]
  1%|▏         | 11/817 [00:00<00:30, 26.32it/s]
  2%|▏         | 14/817 [00:00<00:31, 25.87it/s]
  2%|▏         | 17/817 [00:00<00:31, 25.55it/s]
  2%|▏         | 20/817 [00:00<00:31, 25.39it/s]
  3%|▎         | 23/817 [00:00<00:31, 25.25it/s]
  3%|▎         | 26/817 [00:01<00:31, 25.18it/s]
  4%|▎         | 29/817 [00:01<00:31, 25.10it/s]
  4%|▍         | 32/817 [00:01<00:31, 25.13it/s]
  4%|▍         | 35/817 [00:01<00:31, 25.15it/s]
  5%|▍         | 38/817 [00:01<00:31, 25.06it/s]
  5%|▌         | 41/817 [00:01<00:31, 24.99it/s]
  5%|▌         | 44/817 [00:01<00:30, 24.94it/s]
  6%|▌         | 47/817 [00:01<00:30, 24.90it/s]
  6%|▌         | 50/817 [00:01<00:30, 24.84it/s]
  6%|▋         | 53/817 [00:02<00:30, 24.70it/s]
  7%|▋         | 56/817 [00:02<00:30, 24.68it/s]
  7%|▋         | 59/817 [00:02<00:30, 24.65it/s]
  8%|▊         | 62/817 [00:02<00:30, 24.65it/s]
  8%|▊         | 65/817 [00:02<00:30, 24.71it/s]
  8%|▊         | 68/817 [00:02<00:30, 24.77it/s]
  9%|▊         | 71/817 [00:02<00:30, 24.80it/s]
  9%|▉         | 74/817 [00:02<00:29, 24.86it/s]
  9%|▉         | 77/817 [00:03<00:29, 24.76it/s]
 10%|▉         | 80/817 [00:03<00:29, 24.80it/s]
 10%|█         | 83/817 [00:03<00:29, 24.81it/s]
 11%|█         | 86/817 [00:03<00:29, 24.82it/s]
 11%|█         | 89/817 [00:03<00:29, 24.95it/s]
 11%|█▏        | 92/817 [00:03<00:28, 25.10it/s]
 12%|█▏        | 95/817 [00:03<00:28, 25.17it/s]
 12%|█▏        | 98/817 [00:03<00:28, 25.18it/s]
 12%|█▏        | 101/817 [00:04<00:28, 25.08it/s]
 13%|█▎        | 104/817 [00:04<00:28, 25.11it/s]
 13%|█▎        | 107/817 [00:04<00:28, 25.10it/s]
 13%|█▎        | 110/817 [00:04<00:28, 25.13it/s]
 14%|█▍        | 113/817 [00:04<00:27, 25.16it/s]
 14%|█▍        | 116/817 [00:04<00:27, 25.18it/s]
 15%|█▍        | 119/817 [00:04<00:27, 25.14it/s]
 15%|█▍        | 122/817 [00:04<00:27, 25.11it/s]
 15%|█▌        | 125/817 [00:04<00:27, 25.10it/s]
 16%|█▌        | 128/817 [00:05<00:27, 25.01it/s]
 16%|█▌        | 131/817 [00:05<00:27, 24.89it/s]
 16%|█▋        | 134/817 [00:05<00:27, 24.82it/s]
 17%|█▋        | 137/817 [00:05<00:27, 24.79it/s]
 17%|█▋        | 140/817 [00:05<00:27, 24.91it/s]
 18%|█▊        | 143/817 [00:05<00:26, 24.97it/s]
 18%|█▊        | 146/817 [00:05<00:26, 25.03it/s]
 18%|█▊        | 149/817 [00:05<00:26, 25.04it/s]
 19%|█▊        | 152/817 [00:06<00:26, 25.04it/s]
 19%|█▉        | 155/817 [00:06<00:26, 25.01it/s]
 19%|█▉        | 158/817 [00:06<00:26, 24.93it/s]
 20%|█▉        | 161/817 [00:06<00:26, 24.86it/s]
 20%|██        | 164/817 [00:06<00:26, 24.86it/s]
 20%|██        | 167/817 [00:06<00:26, 24.85it/s]
 21%|██        | 170/817 [00:06<00:25, 24.96it/s]
 21%|██        | 173/817 [00:06<00:25, 25.00it/s]
 22%|██▏       | 176/817 [00:07<00:25, 25.03it/s]
 22%|██▏       | 179/817 [00:07<00:25, 25.00it/s]
 22%|██▏       | 182/817 [00:07<00:25, 25.00it/s]
 23%|██▎       | 185/817 [00:07<00:25, 25.03it/s]
 23%|██▎       | 188/817 [00:07<00:25, 25.00it/s]
 23%|██▎       | 191/817 [00:07<00:25, 24.97it/s]
 24%|██▎       | 194/817 [00:07<00:24, 24.97it/s]
 24%|██▍       | 197/817 [00:07<00:24, 24.88it/s]
 24%|██▍       | 200/817 [00:07<00:24, 24.96it/s]
 25%|██▍       | 203/817 [00:08<00:24, 25.01it/s]
 25%|██▌       | 206/817 [00:08<00:24, 25.03it/s]
 26%|██▌       | 209/817 [00:08<00:24, 25.02it/s]
 26%|██▌       | 212/817 [00:08<00:24, 24.99it/s]
 26%|██▋       | 215/817 [00:08<00:24, 24.81it/s]
 27%|██▋       | 218/817 [00:08<00:24, 24.87it/s]
 27%|██▋       | 221/817 [00:08<00:23, 24.93it/s]
 27%|██▋       | 224/817 [00:08<00:23, 25.01it/s]
 28%|██▊       | 227/817 [00:09<00:23, 25.03it/s]
 28%|██▊       | 230/817 [00:09<00:23, 24.98it/s]
 29%|██▊       | 233/817 [00:09<00:23, 25.04it/s]
 29%|██▉       | 236/817 [00:09<00:23, 25.02it/s]
 29%|██▉       | 239/817 [00:09<00:23, 25.01it/s]
 30%|██▉       | 242/817 [00:09<00:22, 25.06it/s]
 30%|██▉       | 245/817 [00:09<00:22, 25.09it/s]
 30%|███       | 248/817 [00:09<00:22, 25.11it/s]
 31%|███       | 251/817 [00:10<00:22, 25.11it/s]
 31%|███       | 254/817 [00:10<00:22, 25.16it/s]
 31%|███▏      | 257/817 [00:10<00:22, 25.09it/s]
 32%|███▏      | 260/817 [00:10<00:22, 25.03it/s]
 32%|███▏      | 263/817 [00:10<00:22, 25.06it/s]
 33%|███▎      | 266/817 [00:10<00:21, 25.10it/s]
 33%|███▎      | 269/817 [00:10<00:21, 25.15it/s]
 33%|███▎      | 272/817 [00:10<00:21, 25.07it/s]
 34%|███▎      | 275/817 [00:10<00:21, 25.05it/s]
 34%|███▍      | 278/817 [00:11<00:21, 25.03it/s]
 34%|███▍      | 281/817 [00:11<00:21, 25.01it/s]
 35%|███▍      | 284/817 [00:11<00:21, 24.95it/s]
 35%|███▌      | 287/817 [00:11<00:21, 24.96it/s]
 35%|███▌      | 290/817 [00:11<00:21, 24.92it/s]
 36%|███▌      | 293/817 [00:11<00:21, 24.95it/s]
 36%|███▌      | 296/817 [00:11<00:20, 25.01it/s]
 37%|███▋      | 299/817 [00:11<00:20, 24.99it/s]
 37%|███▋      | 302/817 [00:12<00:20, 24.92it/s]
 37%|███▋      | 305/817 [00:12<00:20, 24.88it/s]
 38%|███▊      | 308/817 [00:12<00:20, 24.87it/s]
 38%|███▊      | 311/817 [00:12<00:20, 24.83it/s]
 38%|███▊      | 314/817 [00:12<00:20, 24.87it/s]
 39%|███▉      | 317/817 [00:12<00:20, 24.81it/s]
 39%|███▉      | 320/817 [00:12<00:20, 24.78it/s]
 40%|███▉      | 323/817 [00:12<00:19, 24.76it/s]
 40%|███▉      | 326/817 [00:13<00:19, 24.85it/s]
 40%|████      | 329/817 [00:13<00:19, 24.90it/s]
 41%|████      | 332/817 [00:13<00:19, 24.85it/s]
 41%|████      | 335/817 [00:13<00:19, 24.82it/s]
 41%|████▏     | 338/817 [00:13<00:19, 24.91it/s]
 42%|████▏     | 341/817 [00:13<00:19, 24.93it/s]
 42%|████▏     | 344/817 [00:13<00:18, 24.99it/s]
 42%|████▏     | 347/817 [00:13<00:18, 25.07it/s]
 43%|████▎     | 350/817 [00:13<00:18, 25.01it/s]
 43%|████▎     | 353/817 [00:14<00:18, 24.90it/s]
 44%|████▎     | 356/817 [00:14<00:18, 24.89it/s]
 44%|████▍     | 359/817 [00:14<00:18, 24.89it/s]
 44%|████▍     | 362/817 [00:14<00:18, 24.97it/s]
 45%|████▍     | 365/817 [00:14<00:18, 24.90it/s]
 45%|████▌     | 368/817 [00:14<00:18, 24.71it/s]
 45%|████▌     | 371/817 [00:14<00:17, 24.80it/s]
 46%|████▌     | 374/817 [00:14<00:17, 24.93it/s]
 46%|████▌     | 377/817 [00:15<00:17, 24.98it/s]
 47%|████▋     | 380/817 [00:15<00:17, 24.96it/s]
 47%|████▋     | 383/817 [00:15<00:17, 24.84it/s]
 47%|████▋     | 386/817 [00:15<00:17, 24.91it/s]
 48%|████▊     | 389/817 [00:15<00:17, 24.88it/s]
 48%|████▊     | 392/817 [00:15<00:17, 24.92it/s]
 48%|████▊     | 395/817 [00:15<00:16, 24.97it/s]
 49%|████▊     | 398/817 [00:15<00:16, 24.93it/s]
 49%|████▉     | 401/817 [00:16<00:16, 24.92it/s]
 49%|████▉     | 404/817 [00:16<00:16, 24.91it/s]
 50%|████▉     | 407/817 [00:16<00:16, 24.82it/s]
 50%|█████     | 410/817 [00:16<00:16, 24.81it/s]
 51%|█████     | 413/817 [00:16<00:16, 24.63it/s]
 51%|█████     | 416/817 [00:16<00:16, 24.73it/s]
 51%|█████▏    | 419/817 [00:16<00:16, 24.79it/s]
 52%|█████▏    | 422/817 [00:16<00:15, 24.85it/s]
 52%|█████▏    | 425/817 [00:17<00:15, 24.90it/s]
 52%|█████▏    | 428/817 [00:17<00:15, 24.88it/s]
 53%|█████▎    | 431/817 [00:17<00:15, 24.91it/s]
 53%|█████▎    | 434/817 [00:17<00:15, 24.91it/s]
 53%|█████▎    | 437/817 [00:17<00:15, 24.87it/s]
 54%|█████▍    | 440/817 [00:17<00:15, 24.88it/s]
 54%|█████▍    | 443/817 [00:17<00:15, 24.71it/s]
 55%|█████▍    | 446/817 [00:17<00:15, 24.65it/s]
 55%|█████▍    | 449/817 [00:17<00:14, 24.76it/s]
 55%|█████▌    | 452/817 [00:18<00:14, 24.85it/s]
 56%|█████▌    | 455/817 [00:18<00:14, 24.61it/s]
 56%|█████▌    | 458/817 [00:18<00:14, 24.49it/s]
 56%|█████▋    | 461/817 [00:18<00:14, 24.26it/s]
 57%|█████▋    | 464/817 [00:18<00:14, 24.24it/s]
 57%|█████▋    | 467/817 [00:18<00:14, 24.40it/s]
 58%|█████▊    | 470/817 [00:18<00:14, 24.61it/s]
 58%|█████▊    | 473/817 [00:18<00:13, 24.78it/s]
 58%|█████▊    | 476/817 [00:19<00:13, 24.75it/s]
 59%|█████▊    | 479/817 [00:19<00:13, 24.71it/s]
 59%|█████▉    | 482/817 [00:19<00:13, 24.75it/s]
 59%|█████▉    | 485/817 [00:19<00:13, 24.85it/s]
 60%|█████▉    | 488/817 [00:19<00:13, 24.78it/s]
 60%|██████    | 491/817 [00:19<00:13, 24.67it/s]
 60%|██████    | 494/817 [00:19<00:13, 24.68it/s]
 61%|██████    | 497/817 [00:19<00:12, 24.80it/s]
 61%|██████    | 500/817 [00:20<00:12, 24.80it/s]
 62%|██████▏   | 503/817 [00:20<00:12, 24.87it/s]
 62%|██████▏   | 506/817 [00:20<00:12, 24.83it/s]
 62%|██████▏   | 509/817 [00:20<00:12, 24.87it/s]
 63%|██████▎   | 512/817 [00:20<00:12, 24.85it/s]
 63%|██████▎   | 515/817 [00:20<00:12, 24.86it/s]
 63%|██████▎   | 518/817 [00:20<00:12, 24.90it/s]
 64%|██████▍   | 521/817 [00:20<00:11, 24.83it/s]
 64%|██████▍   | 524/817 [00:21<00:11, 24.96it/s]
 65%|██████▍   | 527/817 [00:21<00:11, 25.00it/s]
 65%|██████▍   | 530/817 [00:21<00:11, 25.02it/s]
 65%|██████▌   | 533/817 [00:21<00:11, 24.99it/s]
 66%|██████▌   | 536/817 [00:21<00:11, 25.07it/s]
 66%|██████▌   | 539/817 [00:21<00:11, 24.90it/s]
 66%|██████▋   | 542/817 [00:21<00:11, 24.91it/s]
 67%|██████▋   | 545/817 [00:21<00:10, 24.94it/s]
 67%|██████▋   | 548/817 [00:21<00:10, 25.00it/s]
 67%|██████▋   | 551/817 [00:22<00:10, 25.00it/s]
 68%|██████▊   | 554/817 [00:22<00:10, 24.81it/s]
 68%|██████▊   | 557/817 [00:22<00:10, 24.70it/s]
 69%|██████▊   | 560/817 [00:22<00:10, 24.61it/s]
 69%|██████▉   | 563/817 [00:22<00:10, 24.68it/s]
 69%|██████▉   | 566/817 [00:22<00:10, 24.70it/s]
 70%|██████▉   | 569/817 [00:22<00:10, 24.70it/s]
 70%|███████   | 572/817 [00:22<00:09, 24.80it/s]
 70%|███████   | 575/817 [00:23<00:09, 24.80it/s]
 71%|███████   | 578/817 [00:23<00:09, 24.70it/s]
 71%|███████   | 581/817 [00:23<00:09, 24.77it/s]
 71%|███████▏  | 584/817 [00:23<00:09, 24.87it/s]
 72%|███████▏  | 587/817 [00:23<00:09, 24.95it/s]
 72%|███████▏  | 590/817 [00:23<00:09, 24.99it/s]
 73%|███████▎  | 593/817 [00:23<00:08, 24.93it/s]
 73%|███████▎  | 596/817 [00:23<00:08, 24.99it/s]
 73%|███████▎  | 599/817 [00:24<00:08, 24.98it/s]
 74%|███████▎  | 602/817 [00:24<00:08, 24.98it/s]
 74%|███████▍  | 605/817 [00:24<00:08, 25.00it/s]
 74%|███████▍  | 608/817 [00:24<00:08, 24.96it/s]
 75%|███████▍  | 611/817 [00:24<00:08, 24.90it/s]
 75%|███████▌  | 614/817 [00:24<00:08, 24.99it/s]
 76%|███████▌  | 617/817 [00:24<00:08, 25.00it/s]
 76%|███████▌  | 620/817 [00:24<00:07, 25.07it/s]
 76%|███████▋  | 623/817 [00:24<00:07, 25.05it/s]
 77%|███████▋  | 626/817 [00:25<00:07, 25.06it/s]
 77%|███████▋  | 629/817 [00:25<00:07, 25.03it/s]
 77%|███████▋  | 632/817 [00:25<00:07, 24.84it/s]
 78%|███████▊  | 635/817 [00:25<00:07, 24.86it/s]
 78%|███████▊  | 638/817 [00:25<00:07, 24.96it/s]
 78%|███████▊  | 641/817 [00:25<00:07, 24.87it/s]
 79%|███████▉  | 644/817 [00:25<00:06, 24.92it/s]
 79%|███████▉  | 647/817 [00:25<00:06, 24.86it/s]
 80%|███████▉  | 650/817 [00:26<00:06, 24.94it/s]
 80%|███████▉  | 653/817 [00:26<00:06, 24.93it/s]
 80%|████████  | 656/817 [00:26<00:06, 24.96it/s]
 81%|████████  | 659/817 [00:26<00:06, 24.98it/s]
 81%|████████  | 662/817 [00:26<00:06, 24.99it/s]
 81%|████████▏ | 665/817 [00:26<00:06, 25.04it/s]
 82%|████████▏ | 668/817 [00:26<00:05, 25.03it/s]
 82%|████████▏ | 671/817 [00:26<00:05, 25.03it/s]
 82%|████████▏ | 674/817 [00:27<00:05, 24.98it/s]
 83%|████████▎ | 677/817 [00:27<00:05, 24.92it/s]
 83%|████████▎ | 680/817 [00:27<00:05, 24.94it/s]
 84%|████████▎ | 683/817 [00:27<00:05, 24.95it/s]
 84%|████████▍ | 686/817 [00:27<00:05, 24.98it/s]
 84%|████████▍ | 689/817 [00:27<00:05, 25.00it/s]
 85%|████████▍ | 692/817 [00:27<00:04, 25.04it/s]
 85%|████████▌ | 695/817 [00:27<00:04, 24.96it/s]
 85%|████████▌ | 698/817 [00:27<00:04, 24.94it/s]
 86%|████████▌ | 701/817 [00:28<00:04, 24.91it/s]
 86%|████████▌ | 704/817 [00:28<00:04, 24.89it/s]
 87%|████████▋ | 707/817 [00:28<00:04, 24.87it/s]
 87%|████████▋ | 710/817 [00:28<00:04, 24.87it/s]
 87%|████████▋ | 713/817 [00:28<00:04, 24.77it/s]
 88%|████████▊ | 716/817 [00:28<00:04, 24.84it/s]
 88%|████████▊ | 719/817 [00:28<00:03, 24.91it/s]
 88%|████████▊ | 722/817 [00:28<00:03, 24.92it/s]
 89%|████████▊ | 725/817 [00:29<00:03, 24.99it/s]
 89%|████████▉ | 728/817 [00:29<00:03, 24.96it/s]
 89%|████████▉ | 731/817 [00:29<00:03, 24.98it/s]
 90%|████████▉ | 734/817 [00:29<00:03, 24.93it/s]
 90%|█████████ | 737/817 [00:29<00:03, 24.96it/s]
 91%|█████████ | 740/817 [00:29<00:03, 24.83it/s]
 91%|█████████ | 743/817 [00:29<00:02, 24.86it/s]
 91%|█████████▏| 746/817 [00:29<00:02, 24.88it/s]
 92%|█████████▏| 749/817 [00:30<00:02, 24.92it/s]
 92%|█████████▏| 752/817 [00:30<00:02, 24.95it/s]
 92%|█████████▏| 755/817 [00:30<00:02, 24.99it/s]
 93%|█████████▎| 758/817 [00:30<00:02, 25.02it/s]
 93%|█████████▎| 761/817 [00:30<00:02, 25.03it/s]
 94%|█████████▎| 764/817 [00:30<00:02, 25.04it/s]
 94%|█████████▍| 767/817 [00:30<00:01, 25.06it/s]
 94%|█████████▍| 770/817 [00:30<00:01, 24.96it/s]
 95%|█████████▍| 773/817 [00:30<00:01, 24.90it/s]
 95%|█████████▍| 776/817 [00:31<00:01, 24.90it/s]
 95%|█████████▌| 779/817 [00:31<00:01, 24.89it/s]
 96%|█████████▌| 782/817 [00:31<00:01, 24.82it/s]
 96%|█████████▌| 785/817 [00:31<00:01, 24.89it/s]
 96%|█████████▋| 788/817 [00:31<00:01, 24.76it/s]
 97%|█████████▋| 791/817 [00:31<00:01, 24.79it/s]
 97%|█████████▋| 794/817 [00:31<00:00, 24.75it/s]
 98%|█████████▊| 797/817 [00:31<00:00, 24.80it/s]
 98%|█████████▊| 800/817 [00:32<00:00, 24.71it/s]
 98%|█████████▊| 803/817 [00:32<00:00, 24.61it/s]
 99%|█████████▊| 806/817 [00:32<00:00, 24.56it/s]
 99%|█████████▉| 809/817 [00:32<00:00, 24.58it/s]
 99%|█████████▉| 812/817 [00:32<00:00, 24.66it/s]
100%|█████████▉| 815/817 [00:32<00:00, 24.57it/s]
100%|██████████| 817/817 [00:32<00:00, 24.89it/s]
  P(true) judge for fanar-math-multiturn (103 rows)...

  0%|          | 0/103 [00:00<?, ?it/s]
  4%|▍         | 4/103 [00:00<00:03, 32.00it/s]
  8%|▊         | 8/103 [00:00<00:03, 26.84it/s]
 11%|█         | 11/103 [00:00<00:03, 25.74it/s]
 14%|█▎        | 14/103 [00:00<00:03, 25.28it/s]
 17%|█▋        | 17/103 [00:00<00:03, 24.96it/s]
 19%|█▉        | 20/103 [00:00<00:03, 24.88it/s]
 22%|██▏       | 23/103 [00:00<00:03, 24.73it/s]
 25%|██▌       | 26/103 [00:01<00:03, 19.70it/s]
 28%|██▊       | 29/103 [00:01<00:03, 19.85it/s]
 31%|███       | 32/103 [00:01<00:03, 21.08it/s]
 34%|███▍      | 35/103 [00:01<00:03, 22.03it/s]
 37%|███▋      | 38/103 [00:01<00:02, 22.81it/s]
 40%|███▉      | 41/103 [00:01<00:02, 23.36it/s]
 43%|████▎     | 44/103 [00:01<00:02, 23.64it/s]
 46%|████▌     | 47/103 [00:02<00:02, 20.46it/s]
 49%|████▊     | 50/103 [00:02<00:02, 21.43it/s]
 51%|█████▏    | 53/103 [00:02<00:02, 22.31it/s]
 54%|█████▍    | 56/103 [00:02<00:02, 22.86it/s]
 57%|█████▋    | 59/103 [00:02<00:01, 23.37it/s]
 60%|██████    | 62/103 [00:02<00:01, 23.64it/s]
 63%|██████▎   | 65/103 [00:02<00:01, 24.00it/s]
 66%|██████▌   | 68/103 [00:02<00:01, 24.14it/s]
 69%|██████▉   | 71/103 [00:03<00:01, 24.30it/s]
 72%|███████▏  | 74/103 [00:03<00:01, 20.76it/s]
 75%|███████▍  | 77/103 [00:03<00:01, 21.72it/s]
 78%|███████▊  | 80/103 [00:03<00:01, 22.48it/s]
 81%|████████  | 83/103 [00:03<00:00, 23.14it/s]
 83%|████████▎ | 86/103 [00:03<00:00, 23.62it/s]
 86%|████████▋ | 89/103 [00:03<00:00, 20.62it/s]
 89%|████████▉ | 92/103 [00:04<00:00, 21.50it/s]
 92%|█████████▏| 95/103 [00:04<00:00, 22.32it/s]
 95%|█████████▌| 98/103 [00:04<00:00, 23.01it/s]
 98%|█████████▊| 101/103 [00:04<00:00, 23.41it/s]
100%|██████████| 103/103 [00:04<00:00, 22.68it/s]

Loading google/gemma-3-12b-it for P(true) judge...

Loading checkpoint shards:   0%|          | 0/5 [00:00<?, ?it/s]
Loading checkpoint shards:  20%|██        | 1/5 [00:01<00:06,  1.59s/it]
Loading checkpoint shards:  40%|████      | 2/5 [00:03<00:04,  1.49s/it]
Loading checkpoint shards:  60%|██████    | 3/5 [00:04<00:02,  1.46s/it]
Loading checkpoint shards:  80%|████████  | 4/5 [00:05<00:01,  1.44s/it]
Loading checkpoint shards: 100%|██████████| 5/5 [00:07<00:00,  1.40s/it]
Loading checkpoint shards: 100%|██████████| 5/5 [00:07<00:00,  1.43s/it]
  P(true) judge for gemma-arabica (2000 rows)...

  0%|          | 0/2000 [00:00<?, ?it/s]
  0%|          | 2/2000 [00:00<02:52, 11.61it/s]
  0%|          | 4/2000 [00:00<02:32, 13.07it/s]
  0%|          | 6/2000 [00:00<02:15, 14.71it/s]
  0%|          | 8/2000 [00:00<02:07, 15.60it/s]
  0%|          | 10/2000 [00:00<02:03, 16.06it/s]
  1%|          | 12/2000 [00:00<02:02, 16.25it/s]
  1%|          | 14/2000 [00:00<02:00, 16.54it/s]
  1%|          | 16/2000 [00:01<01:59, 16.64it/s]
  1%|          | 18/2000 [00:01<01:58, 16.78it/s]
  1%|          | 20/2000 [00:01<01:57, 16.91it/s]
  1%|          | 22/2000 [00:01<02:19, 14.16it/s]
  1%|          | 24/2000 [00:01<02:13, 14.76it/s]
  1%|▏         | 26/2000 [00:01<02:08, 15.36it/s]
  1%|▏         | 28/2000 [00:01<02:04, 15.90it/s]
  2%|▏         | 30/2000 [00:01<02:00, 16.30it/s]
  2%|▏         | 32/2000 [00:02<01:58, 16.58it/s]
  2%|▏         | 34/2000 [00:02<01:57, 16.77it/s]
  2%|▏         | 36/2000 [00:02<01:56, 16.85it/s]
  2%|▏         | 38/2000 [00:02<01:55, 17.00it/s]
  2%|▏         | 40/2000 [00:02<01:54, 17.12it/s]
  2%|▏         | 42/2000 [00:02<01:54, 17.15it/s]
  2%|▏         | 44/2000 [00:02<01:54, 17.11it/s]
  2%|▏         | 46/2000 [00:02<01:54, 17.10it/s]
  2%|▏         | 48/2000 [00:02<01:55, 16.96it/s]
  2%|▎         | 50/2000 [00:03<01:55, 16.82it/s]
  3%|▎         | 52/2000 [00:03<01:54, 16.97it/s]
  3%|▎         | 54/2000 [00:03<01:54, 17.02it/s]
  3%|▎         | 56/2000 [00:03<01:54, 17.00it/s]
  3%|▎         | 58/2000 [00:03<01:52, 17.19it/s]
  3%|▎         | 60/2000 [00:03<01:52, 17.23it/s]
  3%|▎         | 62/2000 [00:03<01:51, 17.36it/s]
  3%|▎         | 64/2000 [00:03<01:50, 17.50it/s]
  3%|▎         | 66/2000 [00:04<01:50, 17.54it/s]
  3%|▎         | 68/2000 [00:04<01:50, 17.47it/s]
  4%|▎         | 70/2000 [00:04<01:50, 17.47it/s]
  4%|▎         | 72/2000 [00:04<01:50, 17.46it/s]
  4%|▎         | 74/2000 [00:04<01:50, 17.48it/s]
  4%|▍         | 76/2000 [00:04<01:50, 17.36it/s]
  4%|▍         | 78/2000 [00:04<01:50, 17.40it/s]
  4%|▍         | 80/2000 [00:04<01:49, 17.48it/s]
  4%|▍         | 82/2000 [00:04<01:49, 17.52it/s]
  4%|▍         | 84/2000 [00:05<01:49, 17.52it/s]
  4%|▍         | 86/2000 [00:05<01:50, 17.38it/s]
  4%|▍         | 88/2000 [00:05<01:50, 17.38it/s]
  4%|▍         | 90/2000 [00:05<01:50, 17.35it/s]
  5%|▍         | 92/2000 [00:05<01:49, 17.35it/s]
  5%|▍         | 94/2000 [00:05<01:49, 17.42it/s]
  5%|▍         | 96/2000 [00:05<01:49, 17.45it/s]
  5%|▍         | 98/2000 [00:05<01:48, 17.46it/s]
  5%|▌         | 100/2000 [00:05<01:49, 17.40it/s]
  5%|▌         | 102/2000 [00:06<01:48, 17.43it/s]
  5%|▌         | 104/2000 [00:06<01:48, 17.44it/s]
  5%|▌         | 106/2000 [00:06<01:48, 17.50it/s]
  5%|▌         | 108/2000 [00:06<01:47, 17.53it/s]
  6%|▌         | 110/2000 [00:06<01:47, 17.58it/s]
  6%|▌         | 112/2000 [00:06<01:47, 17.53it/s]
  6%|▌         | 114/2000 [00:06<01:47, 17.52it/s]
  6%|▌         | 116/2000 [00:06<01:47, 17.55it/s]
  6%|▌         | 118/2000 [00:06<01:47, 17.56it/s]
  6%|▌         | 120/2000 [00:07<01:47, 17.57it/s]
  6%|▌         | 122/2000 [00:07<01:46, 17.60it/s]
  6%|▌         | 124/2000 [00:07<01:46, 17.60it/s]
  6%|▋         | 126/2000 [00:07<01:47, 17.47it/s]
  6%|▋         | 128/2000 [00:07<01:46, 17.57it/s]
  6%|▋         | 130/2000 [00:07<01:46, 17.58it/s]
  7%|▋         | 132/2000 [00:07<02:24, 12.92it/s]
  7%|▋         | 134/2000 [00:08<02:21, 13.23it/s]
  7%|▋         | 136/2000 [00:08<02:10, 14.29it/s]
  7%|▋         | 138/2000 [00:08<02:02, 15.14it/s]
  7%|▋         | 140/2000 [00:08<01:57, 15.84it/s]
  7%|▋         | 142/2000 [00:08<01:53, 16.35it/s]
  7%|▋         | 144/2000 [00:08<01:51, 16.71it/s]
  7%|▋         | 146/2000 [00:08<01:49, 16.96it/s]
  7%|▋         | 148/2000 [00:08<01:47, 17.16it/s]
  8%|▊         | 150/2000 [00:08<01:48, 17.10it/s]
  8%|▊         | 152/2000 [00:09<01:47, 17.23it/s]
  8%|▊         | 154/2000 [00:09<02:06, 14.59it/s]
  8%|▊         | 156/2000 [00:09<02:00, 15.31it/s]
  8%|▊         | 158/2000 [00:09<01:55, 15.90it/s]
  8%|▊         | 160/2000 [00:09<02:14, 13.65it/s]
  8%|▊         | 162/2000 [00:09<02:05, 14.63it/s]
  8%|▊         | 164/2000 [00:09<01:59, 15.43it/s]
  8%|▊         | 166/2000 [00:10<01:54, 16.02it/s]
  8%|▊         | 168/2000 [00:10<01:51, 16.46it/s]
  8%|▊         | 170/2000 [00:10<01:48, 16.80it/s]
  9%|▊         | 172/2000 [00:10<01:47, 17.00it/s]
  9%|▊         | 174/2000 [00:10<01:46, 17.19it/s]
  9%|▉         | 176/2000 [00:10<01:46, 17.19it/s]
  9%|▉         | 178/2000 [00:10<01:45, 17.20it/s]
  9%|▉         | 180/2000 [00:10<01:44, 17.34it/s]
  9%|▉         | 182/2000 [00:10<01:45, 17.30it/s]
  9%|▉         | 184/2000 [00:11<01:44, 17.35it/s]
  9%|▉         | 186/2000 [00:11<01:43, 17.45it/s]
  9%|▉         | 188/2000 [00:11<01:43, 17.48it/s]
 10%|▉         | 190/2000 [00:11<01:43, 17.52it/s]
 10%|▉         | 192/2000 [00:11<01:43, 17.54it/s]
 10%|▉         | 194/2000 [00:11<01:43, 17.52it/s]
 10%|▉         | 196/2000 [00:11<01:42, 17.55it/s]
 10%|▉         | 198/2000 [00:11<01:42, 17.56it/s]
 10%|█         | 200/2000 [00:11<01:43, 17.43it/s]
 10%|█         | 202/2000 [00:12<01:42, 17.47it/s]
 10%|█         | 204/2000 [00:12<01:42, 17.48it/s]
 10%|█         | 206/2000 [00:12<01:42, 17.42it/s]
 10%|█         | 208/2000 [00:12<01:42, 17.45it/s]
 10%|█         | 210/2000 [00:12<01:42, 17.45it/s]
 11%|█         | 212/2000 [00:12<01:42, 17.42it/s]
 11%|█         | 214/2000 [00:12<01:42, 17.42it/s]
 11%|█         | 216/2000 [00:12<01:42, 17.41it/s]
 11%|█         | 218/2000 [00:13<01:42, 17.42it/s]
 11%|█         | 220/2000 [00:13<01:42, 17.32it/s]
 11%|█         | 222/2000 [00:13<01:42, 17.30it/s]
 11%|█         | 224/2000 [00:13<01:42, 17.35it/s]
 11%|█▏        | 226/2000 [00:13<01:42, 17.24it/s]
 11%|█▏        | 228/2000 [00:13<01:42, 17.26it/s]
 12%|█▏        | 230/2000 [00:13<01:42, 17.24it/s]
 12%|█▏        | 232/2000 [00:13<01:42, 17.32it/s]
 12%|█▏        | 234/2000 [00:13<01:41, 17.38it/s]
 12%|█▏        | 236/2000 [00:14<01:41, 17.45it/s]
 12%|█▏        | 238/2000 [00:14<01:41, 17.44it/s]
 12%|█▏        | 240/2000 [00:14<01:40, 17.45it/s]
 12%|█▏        | 242/2000 [00:14<01:40, 17.51it/s]
 12%|█▏        | 244/2000 [00:14<01:40, 17.47it/s]
 12%|█▏        | 246/2000 [00:14<01:40, 17.44it/s]
 12%|█▏        | 248/2000 [00:14<01:40, 17.47it/s]
 12%|█▎        | 250/2000 [00:14<01:40, 17.48it/s]
 13%|█▎        | 252/2000 [00:14<01:40, 17.38it/s]
 13%|█▎        | 254/2000 [00:15<01:39, 17.46it/s]
 13%|█▎        | 256/2000 [00:15<01:39, 17.47it/s]
 13%|█▎        | 258/2000 [00:15<01:39, 17.51it/s]
 13%|█▎        | 260/2000 [00:15<01:39, 17.46it/s]
 13%|█▎        | 262/2000 [00:15<01:39, 17.43it/s]
 13%|█▎        | 264/2000 [00:15<01:39, 17.48it/s]
 13%|█▎        | 266/2000 [00:15<01:39, 17.47it/s]
 13%|█▎        | 268/2000 [00:15<01:39, 17.49it/s]
 14%|█▎        | 270/2000 [00:15<01:38, 17.53it/s]
 14%|█▎        | 272/2000 [00:16<01:38, 17.55it/s]
 14%|█▎        | 274/2000 [00:16<01:38, 17.54it/s]
 14%|█▍        | 276/2000 [00:16<01:38, 17.53it/s]
 14%|█▍        | 278/2000 [00:16<01:38, 17.42it/s]
 14%|█▍        | 280/2000 [00:16<01:38, 17.47it/s]
 14%|█▍        | 282/2000 [00:16<01:38, 17.48it/s]
 14%|█▍        | 284/2000 [00:16<01:38, 17.49it/s]
 14%|█▍        | 286/2000 [00:16<01:38, 17.48it/s]
 14%|█▍        | 288/2000 [00:17<01:37, 17.54it/s]
 14%|█▍        | 290/2000 [00:17<01:37, 17.53it/s]
 15%|█▍        | 292/2000 [00:17<01:37, 17.60it/s]
 15%|█▍        | 294/2000 [00:17<01:37, 17.58it/s]
 15%|█▍        | 296/2000 [00:17<01:36, 17.58it/s]
 15%|█▍        | 298/2000 [00:17<01:36, 17.57it/s]
 15%|█▌        | 300/2000 [00:17<01:36, 17.58it/s]
 15%|█▌        | 302/2000 [00:17<01:36, 17.60it/s]
 15%|█▌        | 304/2000 [00:17<01:37, 17.45it/s]
 15%|█▌        | 306/2000 [00:18<01:37, 17.44it/s]
 15%|█▌        | 308/2000 [00:18<01:36, 17.47it/s]
 16%|█▌        | 310/2000 [00:18<01:36, 17.48it/s]
 16%|█▌        | 312/2000 [00:18<01:36, 17.51it/s]
 16%|█▌        | 314/2000 [00:18<01:35, 17.58it/s]
 16%|█▌        | 316/2000 [00:18<01:35, 17.60it/s]
 16%|█▌        | 318/2000 [00:18<01:35, 17.58it/s]
 16%|█▌        | 320/2000 [00:18<01:35, 17.59it/s]
 16%|█▌        | 322/2000 [00:18<01:35, 17.56it/s]
 16%|█▌        | 324/2000 [00:19<01:35, 17.49it/s]
 16%|█▋        | 326/2000 [00:19<01:35, 17.52it/s]
 16%|█▋        | 328/2000 [00:19<01:35, 17.58it/s]
 16%|█▋        | 330/2000 [00:19<01:35, 17.46it/s]
 17%|█▋        | 332/2000 [00:19<01:35, 17.51it/s]
 17%|█▋        | 334/2000 [00:19<01:35, 17.49it/s]
 17%|█▋        | 336/2000 [00:19<01:34, 17.53it/s]
 17%|█▋        | 338/2000 [00:19<01:34, 17.53it/s]
 17%|█▋        | 340/2000 [00:19<01:34, 17.57it/s]
 17%|█▋        | 342/2000 [00:20<01:34, 17.55it/s]
 17%|█▋        | 344/2000 [00:20<01:34, 17.56it/s]
 17%|█▋        | 346/2000 [00:20<01:34, 17.49it/s]
 17%|█▋        | 348/2000 [00:20<01:34, 17.52it/s]
 18%|█▊        | 350/2000 [00:20<01:34, 17.50it/s]
 18%|█▊        | 352/2000 [00:20<01:34, 17.52it/s]
 18%|█▊        | 354/2000 [00:20<01:34, 17.49it/s]
 18%|█▊        | 356/2000 [00:20<01:34, 17.39it/s]
 18%|█▊        | 358/2000 [00:21<01:33, 17.49it/s]
 18%|█▊        | 360/2000 [00:21<01:33, 17.57it/s]
 18%|█▊        | 362/2000 [00:21<01:33, 17.61it/s]
 18%|█▊        | 364/2000 [00:21<01:32, 17.66it/s]
 18%|█▊        | 366/2000 [00:21<01:32, 17.67it/s]
 18%|█▊        | 368/2000 [00:21<01:32, 17.69it/s]
 18%|█▊        | 370/2000 [00:21<01:32, 17.67it/s]
 19%|█▊        | 372/2000 [00:21<01:32, 17.68it/s]
 19%|█▊        | 374/2000 [00:21<01:32, 17.66it/s]
 19%|█▉        | 376/2000 [00:22<01:32, 17.64it/s]
 19%|█▉        | 378/2000 [00:22<01:32, 17.55it/s]
 19%|█▉        | 380/2000 [00:22<01:32, 17.56it/s]
 19%|█▉        | 382/2000 [00:22<01:32, 17.44it/s]
 19%|█▉        | 384/2000 [00:22<01:32, 17.50it/s]
 19%|█▉        | 386/2000 [00:22<01:32, 17.51it/s]
 19%|█▉        | 388/2000 [00:22<01:31, 17.54it/s]
 20%|█▉        | 390/2000 [00:22<01:31, 17.53it/s]
 20%|█▉        | 392/2000 [00:22<01:31, 17.52it/s]
 20%|█▉        | 394/2000 [00:23<01:31, 17.51it/s]
 20%|█▉        | 396/2000 [00:23<01:31, 17.53it/s]
 20%|█▉        | 398/2000 [00:23<01:31, 17.57it/s]
 20%|██        | 400/2000 [00:23<01:30, 17.60it/s]
 20%|██        | 402/2000 [00:23<01:30, 17.62it/s]
 20%|██        | 404/2000 [00:23<01:30, 17.67it/s]
 20%|██        | 406/2000 [00:23<01:30, 17.52it/s]
 20%|██        | 408/2000 [00:23<01:31, 17.40it/s]
 20%|██        | 410/2000 [00:23<01:31, 17.37it/s]
 21%|██        | 412/2000 [00:24<01:31, 17.42it/s]
 21%|██        | 414/2000 [00:24<01:31, 17.41it/s]
 21%|██        | 416/2000 [00:24<01:30, 17.49it/s]
 21%|██        | 418/2000 [00:24<01:30, 17.40it/s]
 21%|██        | 420/2000 [00:24<01:30, 17.46it/s]
 21%|██        | 422/2000 [00:24<01:30, 17.44it/s]
 21%|██        | 424/2000 [00:24<01:30, 17.50it/s]
 21%|██▏       | 426/2000 [00:24<01:30, 17.36it/s]
 21%|██▏       | 428/2000 [00:25<01:30, 17.44it/s]
 22%|██▏       | 430/2000 [00:25<01:30, 17.36it/s]
 22%|██▏       | 432/2000 [00:25<01:30, 17.37it/s]
 22%|██▏       | 434/2000 [00:25<01:30, 17.26it/s]
 22%|██▏       | 436/2000 [00:25<01:30, 17.36it/s]
 22%|██▏       | 438/2000 [00:25<01:29, 17.43it/s]
 22%|██▏       | 440/2000 [00:25<01:29, 17.52it/s]
 22%|██▏       | 442/2000 [00:25<01:29, 17.51it/s]
 22%|██▏       | 444/2000 [00:25<01:28, 17.62it/s]
 22%|██▏       | 446/2000 [00:26<01:28, 17.64it/s]
 22%|██▏       | 448/2000 [00:26<01:27, 17.66it/s]
 22%|██▎       | 450/2000 [00:26<01:27, 17.69it/s]
 23%|██▎       | 452/2000 [00:26<01:27, 17.71it/s]
 23%|██▎       | 454/2000 [00:26<01:27, 17.73it/s]
 23%|██▎       | 456/2000 [00:26<01:26, 17.76it/s]
 23%|██▎       | 458/2000 [00:26<01:27, 17.67it/s]
 23%|██▎       | 460/2000 [00:26<01:27, 17.53it/s]
 23%|██▎       | 462/2000 [00:26<01:32, 16.69it/s]
 23%|██▎       | 464/2000 [00:27<01:30, 16.95it/s]
 23%|██▎       | 466/2000 [00:27<01:29, 17.15it/s]
 23%|██▎       | 468/2000 [00:27<01:47, 14.23it/s]
 24%|██▎       | 470/2000 [00:27<01:42, 14.88it/s]
 24%|██▎       | 472/2000 [00:27<01:38, 15.57it/s]
 24%|██▎       | 474/2000 [00:27<01:34, 16.15it/s]
 24%|██▍       | 476/2000 [00:27<01:32, 16.53it/s]
 24%|██▍       | 478/2000 [00:27<01:30, 16.83it/s]
 24%|██▍       | 480/2000 [00:28<01:29, 17.01it/s]
 24%|██▍       | 482/2000 [00:28<01:28, 17.09it/s]
 24%|██▍       | 484/2000 [00:28<01:27, 17.24it/s]
 24%|██▍       | 486/2000 [00:28<01:28, 17.19it/s]
 24%|██▍       | 488/2000 [00:28<01:27, 17.29it/s]
 24%|██▍       | 490/2000 [00:28<01:26, 17.38it/s]
 25%|██▍       | 492/2000 [00:28<01:26, 17.42it/s]
 25%|██▍       | 494/2000 [00:28<01:26, 17.50it/s]
 25%|██▍       | 496/2000 [00:28<01:26, 17.49it/s]
 25%|██▍       | 498/2000 [00:29<01:25, 17.48it/s]
 25%|██▌       | 500/2000 [00:29<01:25, 17.48it/s]
 25%|██▌       | 502/2000 [00:29<01:25, 17.47it/s]
 25%|██▌       | 504/2000 [00:29<01:25, 17.51it/s]
 25%|██▌       | 506/2000 [00:29<01:25, 17.53it/s]
 25%|██▌       | 508/2000 [00:29<01:25, 17.53it/s]
 26%|██▌       | 510/2000 [00:29<01:25, 17.50it/s]
 26%|██▌       | 512/2000 [00:29<01:25, 17.36it/s]
 26%|██▌       | 514/2000 [00:30<01:25, 17.43it/s]
 26%|██▌       | 516/2000 [00:30<01:24, 17.47it/s]
 26%|██▌       | 518/2000 [00:30<01:24, 17.48it/s]
 26%|██▌       | 520/2000 [00:30<01:24, 17.50it/s]
 26%|██▌       | 522/2000 [00:30<01:24, 17.53it/s]
 26%|██▌       | 524/2000 [00:30<01:24, 17.57it/s]
 26%|██▋       | 526/2000 [00:30<01:24, 17.46it/s]
 26%|██▋       | 528/2000 [00:30<01:24, 17.49it/s]
 26%|██▋       | 530/2000 [00:30<01:23, 17.57it/s]
 27%|██▋       | 532/2000 [00:31<01:23, 17.54it/s]
 27%|██▋       | 534/2000 [00:31<01:23, 17.59it/s]
 27%|██▋       | 536/2000 [00:31<01:22, 17.64it/s]
 27%|██▋       | 538/2000 [00:31<01:23, 17.52it/s]
 27%|██▋       | 540/2000 [00:31<01:23, 17.54it/s]
 27%|██▋       | 542/2000 [00:31<01:22, 17.61it/s]
 27%|██▋       | 544/2000 [00:31<01:22, 17.62it/s]
 27%|██▋       | 546/2000 [00:31<01:22, 17.64it/s]
 27%|██▋       | 548/2000 [00:31<01:22, 17.65it/s]
 28%|██▊       | 550/2000 [00:32<01:32, 15.65it/s]
 28%|██▊       | 552/2000 [00:32<01:30, 16.08it/s]
 28%|██▊       | 554/2000 [00:32<01:27, 16.55it/s]
 28%|██▊       | 556/2000 [00:32<01:25, 16.90it/s]
 28%|██▊       | 558/2000 [00:32<01:24, 17.15it/s]
 28%|██▊       | 560/2000 [00:32<01:23, 17.32it/s]
 28%|██▊       | 562/2000 [00:32<01:22, 17.47it/s]
 28%|██▊       | 564/2000 [00:32<01:22, 17.42it/s]
 28%|██▊       | 566/2000 [00:33<01:21, 17.49it/s]
 28%|██▊       | 568/2000 [00:33<01:22, 17.45it/s]
 28%|██▊       | 570/2000 [00:33<01:21, 17.56it/s]
 29%|██▊       | 572/2000 [00:33<01:21, 17.60it/s]
 29%|██▊       | 574/2000 [00:33<01:20, 17.65it/s]
 29%|██▉       | 576/2000 [00:33<01:20, 17.71it/s]
 29%|██▉       | 578/2000 [00:33<01:20, 17.68it/s]
 29%|██▉       | 580/2000 [00:33<01:20, 17.68it/s]
 29%|██▉       | 582/2000 [00:33<01:20, 17.68it/s]
 29%|██▉       | 584/2000 [00:34<01:20, 17.65it/s]
 29%|██▉       | 586/2000 [00:34<01:19, 17.69it/s]
 29%|██▉       | 588/2000 [00:34<01:19, 17.71it/s]
 30%|██▉       | 590/2000 [00:34<01:20, 17.45it/s]
 30%|██▉       | 592/2000 [00:34<01:20, 17.51it/s]
 30%|██▉       | 594/2000 [00:34<01:20, 17.55it/s]
 30%|██▉       | 596/2000 [00:34<01:19, 17.59it/s]
 30%|██▉       | 598/2000 [00:34<01:19, 17.63it/s]
 30%|███       | 600/2000 [00:34<01:19, 17.65it/s]
 30%|███       | 602/2000 [00:35<01:19, 17.65it/s]
 30%|███       | 604/2000 [00:35<01:19, 17.65it/s]
 30%|███       | 606/2000 [00:35<01:18, 17.66it/s]
 30%|███       | 608/2000 [00:35<01:18, 17.67it/s]
 30%|███       | 610/2000 [00:35<01:18, 17.68it/s]
 31%|███       | 612/2000 [00:35<01:18, 17.73it/s]
 31%|███       | 614/2000 [00:35<01:18, 17.74it/s]
 31%|███       | 616/2000 [00:35<01:18, 17.55it/s]
 31%|███       | 618/2000 [00:35<01:18, 17.58it/s]
 31%|███       | 620/2000 [00:36<01:18, 17.53it/s]
 31%|███       | 622/2000 [00:36<01:18, 17.54it/s]
 31%|███       | 624/2000 [00:36<01:18, 17.58it/s]
 31%|███▏      | 626/2000 [00:36<01:18, 17.49it/s]
 31%|███▏      | 628/2000 [00:36<01:18, 17.51it/s]
 32%|███▏      | 630/2000 [00:36<01:18, 17.53it/s]
 32%|███▏      | 632/2000 [00:36<01:18, 17.53it/s]
 32%|███▏      | 634/2000 [00:36<01:17, 17.56it/s]
 32%|███▏      | 636/2000 [00:37<01:17, 17.55it/s]
 32%|███▏      | 638/2000 [00:37<01:17, 17.55it/s]
 32%|███▏      | 640/2000 [00:37<01:17, 17.54it/s]
 32%|███▏      | 642/2000 [00:37<01:18, 17.40it/s]
 32%|███▏      | 644/2000 [00:37<01:17, 17.48it/s]
 32%|███▏      | 646/2000 [00:37<01:17, 17.50it/s]
 32%|███▏      | 648/2000 [00:37<01:17, 17.52it/s]
 32%|███▎      | 650/2000 [00:37<01:17, 17.53it/s]
 33%|███▎      | 652/2000 [00:37<01:16, 17.56it/s]
 33%|███▎      | 654/2000 [00:38<01:16, 17.55it/s]
 33%|███▎      | 656/2000 [00:38<01:16, 17.58it/s]
 33%|███▎      | 658/2000 [00:38<01:16, 17.59it/s]
 33%|███▎      | 660/2000 [00:38<01:16, 17.58it/s]
 33%|███▎      | 662/2000 [00:38<01:16, 17.59it/s]
 33%|███▎      | 664/2000 [00:38<01:15, 17.60it/s]
 33%|███▎      | 666/2000 [00:38<01:16, 17.51it/s]
 33%|███▎      | 668/2000 [00:38<01:16, 17.39it/s]
 34%|███▎      | 670/2000 [00:38<01:16, 17.44it/s]
 34%|███▎      | 672/2000 [00:39<01:16, 17.41it/s]
 34%|███▎      | 674/2000 [00:39<01:15, 17.50it/s]
 34%|███▍      | 676/2000 [00:39<01:15, 17.48it/s]
 34%|███▍      | 678/2000 [00:39<01:15, 17.42it/s]
 34%|███▍      | 680/2000 [00:39<01:15, 17.47it/s]
 34%|███▍      | 682/2000 [00:39<01:15, 17.44it/s]
 34%|███▍      | 684/2000 [00:39<01:15, 17.49it/s]
 34%|███▍      | 686/2000 [00:39<01:15, 17.50it/s]
 34%|███▍      | 688/2000 [00:39<01:15, 17.40it/s]
 34%|███▍      | 690/2000 [00:40<01:15, 17.32it/s]
 35%|███▍      | 692/2000 [00:40<01:15, 17.34it/s]
 35%|███▍      | 694/2000 [00:40<01:15, 17.22it/s]
 35%|███▍      | 696/2000 [00:40<01:15, 17.33it/s]
 35%|███▍      | 698/2000 [00:40<01:15, 17.35it/s]
 35%|███▌      | 700/2000 [00:40<01:14, 17.34it/s]
 35%|███▌      | 702/2000 [00:40<01:14, 17.36it/s]
 35%|███▌      | 704/2000 [00:40<01:14, 17.51it/s]
 35%|███▌      | 706/2000 [00:41<01:13, 17.57it/s]
 35%|███▌      | 708/2000 [00:41<01:13, 17.58it/s]
 36%|███▌      | 710/2000 [00:41<01:12, 17.68it/s]
 36%|███▌      | 712/2000 [00:41<01:12, 17.73it/s]
 36%|███▌      | 714/2000 [00:41<01:12, 17.75it/s]
 36%|███▌      | 716/2000 [00:41<01:12, 17.78it/s]
 36%|███▌      | 718/2000 [00:41<01:12, 17.74it/s]
 36%|███▌      | 720/2000 [00:41<01:12, 17.64it/s]
 36%|███▌      | 722/2000 [00:41<01:12, 17.72it/s]
 36%|███▌      | 724/2000 [00:42<01:11, 17.75it/s]
 36%|███▋      | 726/2000 [00:42<01:11, 17.79it/s]
 36%|███▋      | 728/2000 [00:42<01:11, 17.67it/s]
 36%|███▋      | 730/2000 [00:42<01:11, 17.69it/s]
 37%|███▋      | 732/2000 [00:42<01:11, 17.74it/s]
 37%|███▋      | 734/2000 [00:42<01:11, 17.73it/s]
 37%|███▋      | 736/2000 [00:42<01:11, 17.74it/s]
 37%|███▋      | 738/2000 [00:42<01:11, 17.72it/s]
 37%|███▋      | 740/2000 [00:42<01:11, 17.74it/s]
 37%|███▋      | 742/2000 [00:43<01:10, 17.74it/s]
 37%|███▋      | 744/2000 [00:43<01:10, 17.75it/s]
 37%|███▋      | 746/2000 [00:43<01:11, 17.61it/s]
 37%|███▋      | 748/2000 [00:43<01:11, 17.63it/s]
 38%|███▊      | 750/2000 [00:43<01:10, 17.64it/s]
 38%|███▊      | 752/2000 [00:43<01:10, 17.69it/s]
 38%|███▊      | 754/2000 [00:43<01:10, 17.62it/s]
 38%|███▊      | 756/2000 [00:43<01:10, 17.56it/s]
 38%|███▊      | 758/2000 [00:43<01:10, 17.59it/s]
 38%|███▊      | 760/2000 [00:44<01:10, 17.62it/s]
 38%|███▊      | 762/2000 [00:44<01:10, 17.59it/s]
 38%|███▊      | 764/2000 [00:44<01:10, 17.63it/s]
 38%|███▊      | 766/2000 [00:44<01:09, 17.66it/s]
 38%|███▊      | 768/2000 [00:44<01:09, 17.65it/s]
 38%|███▊      | 770/2000 [00:44<01:09, 17.68it/s]
 39%|███▊      | 772/2000 [00:44<01:10, 17.53it/s]
 39%|███▊      | 774/2000 [00:44<01:09, 17.53it/s]
 39%|███▉      | 776/2000 [00:44<01:09, 17.54it/s]
 39%|███▉      | 778/2000 [00:45<01:09, 17.58it/s]
 39%|███▉      | 780/2000 [00:45<01:09, 17.58it/s]
 39%|███▉      | 782/2000 [00:45<01:09, 17.58it/s]
 39%|███▉      | 784/2000 [00:45<01:09, 17.56it/s]
 39%|███▉      | 786/2000 [00:45<01:08, 17.63it/s]
 39%|███▉      | 788/2000 [00:45<01:08, 17.70it/s]
 40%|███▉      | 790/2000 [00:45<01:08, 17.74it/s]
 40%|███▉      | 792/2000 [00:45<01:08, 17.76it/s]
 40%|███▉      | 794/2000 [00:45<01:07, 17.76it/s]
 40%|███▉      | 796/2000 [00:46<01:07, 17.76it/s]
 40%|███▉      | 798/2000 [00:46<01:08, 17.65it/s]
 40%|████      | 800/2000 [00:46<01:07, 17.72it/s]
 40%|████      | 802/2000 [00:46<01:07, 17.73it/s]
 40%|████      | 804/2000 [00:46<01:07, 17.75it/s]
 40%|████      | 806/2000 [00:46<01:07, 17.79it/s]
 40%|████      | 808/2000 [00:46<01:07, 17.79it/s]
 40%|████      | 810/2000 [00:46<01:06, 17.83it/s]
 41%|████      | 812/2000 [00:47<01:06, 17.84it/s]
 41%|████      | 814/2000 [00:47<01:06, 17.83it/s]
 41%|████      | 816/2000 [00:47<01:06, 17.83it/s]
 41%|████      | 818/2000 [00:47<01:06, 17.76it/s]
 41%|████      | 820/2000 [00:47<01:06, 17.77it/s]
 41%|████      | 822/2000 [00:47<01:06, 17.79it/s]
 41%|████      | 824/2000 [00:47<01:06, 17.66it/s]
 41%|████▏     | 826/2000 [00:47<01:06, 17.72it/s]
 41%|████▏     | 828/2000 [00:47<01:05, 17.76it/s]
 42%|████▏     | 830/2000 [00:48<01:05, 17.77it/s]
 42%|████▏     | 832/2000 [00:48<01:05, 17.80it/s]
 42%|████▏     | 834/2000 [00:48<01:05, 17.80it/s]
 42%|████▏     | 836/2000 [00:48<01:05, 17.77it/s]
 42%|████▏     | 838/2000 [00:48<01:05, 17.78it/s]
 42%|████▏     | 840/2000 [00:48<01:05, 17.77it/s]
 42%|████▏     | 842/2000 [00:48<01:05, 17.78it/s]
 42%|████▏     | 844/2000 [00:48<01:04, 17.82it/s]
 42%|████▏     | 846/2000 [00:48<01:04, 17.87it/s]
 42%|████▏     | 848/2000 [00:49<01:04, 17.83it/s]
 42%|████▎     | 850/2000 [00:49<01:05, 17.67it/s]
 43%|████▎     | 852/2000 [00:49<01:04, 17.70it/s]
 43%|████▎     | 854/2000 [00:49<01:04, 17.72it/s]
 43%|████▎     | 856/2000 [00:49<01:04, 17.74it/s]
 43%|████▎     | 858/2000 [00:49<01:04, 17.78it/s]
 43%|████▎     | 860/2000 [00:49<01:04, 17.80it/s]
 43%|████▎     | 862/2000 [00:49<01:04, 17.75it/s]
 43%|████▎     | 864/2000 [00:49<01:03, 17.77it/s]
 43%|████▎     | 866/2000 [00:50<01:03, 17.80it/s]
 43%|████▎     | 868/2000 [00:50<01:03, 17.82it/s]
 44%|████▎     | 870/2000 [00:50<01:03, 17.82it/s]
 44%|████▎     | 872/2000 [00:50<01:03, 17.84it/s]
 44%|████▎     | 874/2000 [00:50<01:03, 17.82it/s]
 44%|████▍     | 876/2000 [00:50<01:03, 17.64it/s]
 44%|████▍     | 878/2000 [00:50<01:03, 17.69it/s]
 44%|████▍     | 880/2000 [00:50<01:03, 17.74it/s]
 44%|████▍     | 882/2000 [00:50<01:03, 17.72it/s]
 44%|████▍     | 884/2000 [00:51<01:02, 17.73it/s]
 44%|████▍     | 886/2000 [00:51<01:02, 17.74it/s]
 44%|████▍     | 888/2000 [00:51<01:02, 17.82it/s]
 44%|████▍     | 890/2000 [00:51<01:02, 17.78it/s]
 45%|████▍     | 892/2000 [00:51<01:02, 17.79it/s]
 45%|████▍     | 894/2000 [00:51<01:02, 17.79it/s]
 45%|████▍     | 896/2000 [00:51<01:02, 17.78it/s]
 45%|████▍     | 898/2000 [00:51<01:02, 17.76it/s]
 45%|████▌     | 900/2000 [00:51<01:01, 17.76it/s]
 45%|████▌     | 902/2000 [00:52<01:02, 17.60it/s]
 45%|████▌     | 904/2000 [00:52<01:02, 17.59it/s]
 45%|████▌     | 906/2000 [00:52<01:02, 17.58it/s]
 45%|████▌     | 908/2000 [00:52<01:02, 17.58it/s]
 46%|████▌     | 910/2000 [00:52<01:01, 17.61it/s]
 46%|████▌     | 912/2000 [00:52<01:01, 17.61it/s]
 46%|████▌     | 914/2000 [00:52<01:01, 17.69it/s]
 46%|████▌     | 916/2000 [00:52<01:01, 17.70it/s]
 46%|████▌     | 918/2000 [00:52<01:01, 17.72it/s]
 46%|████▌     | 920/2000 [00:53<01:00, 17.72it/s]
 46%|████▌     | 922/2000 [00:53<01:00, 17.78it/s]
 46%|████▌     | 924/2000 [00:53<01:00, 17.76it/s]
 46%|████▋     | 926/2000 [00:53<01:00, 17.78it/s]
 46%|████▋     | 928/2000 [00:53<01:00, 17.63it/s]
 46%|████▋     | 930/2000 [00:53<01:00, 17.59it/s]
 47%|████▋     | 932/2000 [00:53<01:00, 17.59it/s]
 47%|████▋     | 934/2000 [00:53<01:00, 17.56it/s]
 47%|████▋     | 936/2000 [00:54<01:00, 17.52it/s]
 47%|████▋     | 938/2000 [00:54<01:00, 17.51it/s]
 47%|████▋     | 940/2000 [00:54<01:00, 17.54it/s]
 47%|████▋     | 942/2000 [00:54<01:00, 17.54it/s]
 47%|████▋     | 944/2000 [00:54<01:00, 17.55it/s]
 47%|████▋     | 946/2000 [00:54<01:00, 17.56it/s]
 47%|████▋     | 948/2000 [00:54<00:59, 17.60it/s]
 48%|████▊     | 950/2000 [00:54<00:59, 17.63it/s]
 48%|████▊     | 952/2000 [00:54<00:59, 17.64it/s]
 48%|████▊     | 954/2000 [00:55<00:59, 17.49it/s]
 48%|████▊     | 956/2000 [00:55<00:59, 17.50it/s]
 48%|████▊     | 958/2000 [00:55<00:59, 17.53it/s]
 48%|████▊     | 960/2000 [00:55<00:59, 17.52it/s]
 48%|████▊     | 962/2000 [00:55<00:59, 17.57it/s]
 48%|████▊     | 964/2000 [00:55<00:58, 17.59it/s]
 48%|████▊     | 966/2000 [00:55<00:58, 17.66it/s]
 48%|████▊     | 968/2000 [00:55<00:58, 17.72it/s]
 48%|████▊     | 970/2000 [00:55<00:58, 17.73it/s]
 49%|████▊     | 972/2000 [00:56<00:57, 17.74it/s]
 49%|████▊     | 974/2000 [00:56<00:57, 17.75it/s]
 49%|████▉     | 976/2000 [00:56<00:57, 17.75it/s]
 49%|████▉     | 978/2000 [00:56<00:57, 17.75it/s]
 49%|████▉     | 980/2000 [00:56<00:57, 17.63it/s]
 49%|████▉     | 982/2000 [00:56<00:57, 17.70it/s]
 49%|████▉     | 984/2000 [00:56<00:57, 17.72it/s]
 49%|████▉     | 986/2000 [00:56<00:57, 17.75it/s]
 49%|████▉     | 988/2000 [00:56<00:56, 17.82it/s]
 50%|████▉     | 990/2000 [00:57<00:56, 17.73it/s]
 50%|████▉     | 992/2000 [00:57<00:56, 17.78it/s]
 50%|████▉     | 994/2000 [00:57<00:56, 17.77it/s]
 50%|████▉     | 996/2000 [00:57<00:56, 17.79it/s]
 50%|████▉     | 998/2000 [00:57<00:56, 17.73it/s]
 50%|█████     | 1000/2000 [00:57<00:56, 17.75it/s]
 50%|█████     | 1002/2000 [00:57<00:56, 17.76it/s]
 50%|█████     | 1004/2000 [00:57<00:56, 17.65it/s]
 50%|█████     | 1006/2000 [00:57<00:56, 17.50it/s]
 50%|█████     | 1008/2000 [00:58<00:56, 17.55it/s]
 50%|█████     | 1010/2000 [00:58<00:56, 17.58it/s]
 51%|█████     | 1012/2000 [00:58<00:56, 17.54it/s]
 51%|█████     | 1014/2000 [00:58<00:56, 17.55it/s]
 51%|█████     | 1016/2000 [00:58<00:56, 17.57it/s]
 51%|█████     | 1018/2000 [00:58<00:56, 17.49it/s]
 51%|█████     | 1020/2000 [00:58<00:55, 17.53it/s]
 51%|█████     | 1022/2000 [00:58<00:55, 17.54it/s]
 51%|█████     | 1024/2000 [00:58<00:55, 17.45it/s]
 51%|█████▏    | 1026/2000 [00:59<00:55, 17.48it/s]
 51%|█████▏    | 1028/2000 [00:59<00:55, 17.52it/s]
 52%|█████▏    | 1030/2000 [00:59<00:55, 17.52it/s]
 52%|█████▏    | 1032/2000 [00:59<00:55, 17.39it/s]
 52%|█████▏    | 1034/2000 [00:59<00:55, 17.43it/s]
 52%|█████▏    | 1036/2000 [00:59<00:55, 17.50it/s]
 52%|█████▏    | 1038/2000 [00:59<00:55, 17.45it/s]
 52%|█████▏    | 1040/2000 [00:59<00:54, 17.48it/s]
 52%|█████▏    | 1042/2000 [01:00<00:54, 17.54it/s]
 52%|█████▏    | 1044/2000 [01:00<00:54, 17.51it/s]
 52%|█████▏    | 1046/2000 [01:00<00:54, 17.54it/s]
 52%|█████▏    | 1048/2000 [01:00<00:54, 17.56it/s]
 52%|█████▎    | 1050/2000 [01:00<00:54, 17.53it/s]
 53%|█████▎    | 1052/2000 [01:00<00:54, 17.54it/s]
 53%|█████▎    | 1054/2000 [01:00<00:54, 17.51it/s]
 53%|█████▎    | 1056/2000 [01:00<00:53, 17.61it/s]
 53%|█████▎    | 1058/2000 [01:00<00:53, 17.50it/s]
 53%|█████▎    | 1060/2000 [01:01<00:53, 17.56it/s]
 53%|█████▎    | 1062/2000 [01:01<00:53, 17.63it/s]
 53%|█████▎    | 1064/2000 [01:01<00:53, 17.65it/s]
 53%|█████▎    | 1066/2000 [01:01<00:52, 17.68it/s]
 53%|█████▎    | 1068/2000 [01:01<00:52, 17.70it/s]
 54%|█████▎    | 1070/2000 [01:01<00:52, 17.59it/s]
 54%|█████▎    | 1072/2000 [01:01<00:52, 17.62it/s]
 54%|█████▎    | 1074/2000 [01:01<00:52, 17.64it/s]
 54%|█████▍    | 1076/2000 [01:01<00:52, 17.66it/s]
 54%|█████▍    | 1078/2000 [01:02<00:52, 17.66it/s]
 54%|█████▍    | 1080/2000 [01:02<00:52, 17.66it/s]
 54%|█████▍    | 1082/2000 [01:02<00:51, 17.69it/s]
 54%|█████▍    | 1084/2000 [01:02<00:52, 17.54it/s]
 54%|█████▍    | 1086/2000 [01:02<00:51, 17.62it/s]
 54%|█████▍    | 1088/2000 [01:02<00:51, 17.68it/s]
 55%|█████▍    | 1090/2000 [01:02<00:51, 17.70it/s]
 55%|█████▍    | 1092/2000 [01:02<00:51, 17.76it/s]
 55%|█████▍    | 1094/2000 [01:02<00:50, 17.78it/s]
 55%|█████▍    | 1096/2000 [01:03<00:50, 17.79it/s]
 55%|█████▍    | 1098/2000 [01:03<00:50, 17.80it/s]
 55%|█████▌    | 1100/2000 [01:03<00:50, 17.84it/s]
 55%|█████▌    | 1102/2000 [01:03<00:50, 17.79it/s]
 55%|█████▌    | 1104/2000 [01:03<00:50, 17.68it/s]
 55%|█████▌    | 1106/2000 [01:03<00:50, 17.61it/s]
 55%|█████▌    | 1108/2000 [01:03<00:50, 17.64it/s]
 56%|█████▌    | 1110/2000 [01:03<00:50, 17.53it/s]
 56%|█████▌    | 1112/2000 [01:03<00:50, 17.51it/s]
 56%|█████▌    | 1114/2000 [01:04<00:50, 17.51it/s]
 56%|█████▌    | 1116/2000 [01:04<00:50, 17.53it/s]
 56%|█████▌    | 1118/2000 [01:04<00:50, 17.58it/s]
 56%|█████▌    | 1120/2000 [01:04<00:50, 17.59it/s]
 56%|█████▌    | 1122/2000 [01:04<00:49, 17.59it/s]
 56%|█████▌    | 1124/2000 [01:04<00:49, 17.61it/s]
 56%|█████▋    | 1126/2000 [01:04<00:49, 17.60it/s]
 56%|█████▋    | 1128/2000 [01:04<00:49, 17.59it/s]
 56%|█████▋    | 1130/2000 [01:05<00:49, 17.58it/s]
 57%|█████▋    | 1132/2000 [01:05<00:49, 17.59it/s]
 57%|█████▋    | 1134/2000 [01:05<00:49, 17.59it/s]
 57%|█████▋    | 1136/2000 [01:05<00:49, 17.47it/s]
 57%|█████▋    | 1138/2000 [01:05<00:49, 17.54it/s]
 57%|█████▋    | 1140/2000 [01:05<00:48, 17.61it/s]
 57%|█████▋    | 1142/2000 [01:05<00:48, 17.64it/s]
 57%|█████▋    | 1144/2000 [01:05<00:48, 17.67it/s]
 57%|█████▋    | 1146/2000 [01:05<00:48, 17.71it/s]
 57%|█████▋    | 1148/2000 [01:06<00:48, 17.74it/s]
 57%|█████▊    | 1150/2000 [01:06<00:47, 17.73it/s]
 58%|█████▊    | 1152/2000 [01:06<00:47, 17.75it/s]
 58%|█████▊    | 1154/2000 [01:06<00:47, 17.79it/s]
 58%|█████▊    | 1156/2000 [01:06<00:47, 17.81it/s]
 58%|█████▊    | 1158/2000 [01:06<00:47, 17.84it/s]
 58%|█████▊    | 1160/2000 [01:06<00:47, 17.85it/s]
 58%|█████▊    | 1162/2000 [01:06<00:47, 17.70it/s]
 58%|█████▊    | 1164/2000 [01:06<00:47, 17.71it/s]
 58%|█████▊    | 1166/2000 [01:07<00:47, 17.71it/s]
 58%|█████▊    | 1168/2000 [01:07<00:46, 17.76it/s]
 58%|█████▊    | 1170/2000 [01:07<00:46, 17.82it/s]
 59%|█████▊    | 1172/2000 [01:07<00:46, 17.82it/s]
 59%|█████▊    | 1174/2000 [01:07<00:46, 17.81it/s]
 59%|█████▉    | 1176/2000 [01:07<00:46, 17.83it/s]
 59%|█████▉    | 1178/2000 [01:07<00:46, 17.83it/s]
 59%|█████▉    | 1180/2000 [01:07<00:46, 17.82it/s]
 59%|█████▉    | 1182/2000 [01:07<00:46, 17.74it/s]
 59%|█████▉    | 1184/2000 [01:08<00:45, 17.75it/s]
 59%|█████▉    | 1186/2000 [01:08<00:45, 17.79it/s]
 59%|█████▉    | 1188/2000 [01:08<00:45, 17.69it/s]
 60%|█████▉    | 1190/2000 [01:08<00:45, 17.74it/s]
 60%|█████▉    | 1192/2000 [01:08<00:45, 17.73it/s]
 60%|█████▉    | 1194/2000 [01:08<00:45, 17.73it/s]
 60%|█████▉    | 1196/2000 [01:08<00:45, 17.74it/s]
 60%|█████▉    | 1198/2000 [01:08<00:45, 17.78it/s]
 60%|██████    | 1200/2000 [01:08<00:45, 17.78it/s]
 60%|██████    | 1202/2000 [01:09<00:44, 17.79it/s]
 60%|██████    | 1204/2000 [01:09<00:44, 17.79it/s]
 60%|██████    | 1206/2000 [01:09<00:44, 17.79it/s]
 60%|██████    | 1208/2000 [01:09<00:44, 17.82it/s]
 60%|██████    | 1210/2000 [01:09<00:44, 17.78it/s]
 61%|██████    | 1212/2000 [01:09<00:44, 17.77it/s]
 61%|██████    | 1214/2000 [01:09<00:44, 17.63it/s]
 61%|██████    | 1216/2000 [01:09<00:44, 17.69it/s]
 61%|██████    | 1218/2000 [01:09<00:44, 17.70it/s]
 61%|██████    | 1220/2000 [01:10<00:43, 17.74it/s]
 61%|██████    | 1222/2000 [01:10<00:43, 17.74it/s]
 61%|██████    | 1224/2000 [01:10<00:43, 17.77it/s]
 61%|██████▏   | 1226/2000 [01:10<00:43, 17.82it/s]
 61%|██████▏   | 1228/2000 [01:10<00:43, 17.80it/s]
 62%|██████▏   | 1230/2000 [01:10<00:43, 17.85it/s]
 62%|██████▏   | 1232/2000 [01:10<00:43, 17.81it/s]
 62%|██████▏   | 1234/2000 [01:10<00:43, 17.80it/s]
 62%|██████▏   | 1236/2000 [01:10<00:42, 17.79it/s]
 62%|██████▏   | 1238/2000 [01:11<00:42, 17.79it/s]
 62%|██████▏   | 1240/2000 [01:11<00:42, 17.70it/s]
 62%|██████▏   | 1242/2000 [01:11<00:42, 17.73it/s]
 62%|██████▏   | 1244/2000 [01:11<00:42, 17.72it/s]
 62%|██████▏   | 1246/2000 [01:11<00:42, 17.75it/s]
 62%|██████▏   | 1248/2000 [01:11<00:42, 17.79it/s]
 62%|██████▎   | 1250/2000 [01:11<00:42, 17.82it/s]
 63%|██████▎   | 1252/2000 [01:11<00:41, 17.83it/s]
 63%|██████▎   | 1254/2000 [01:11<00:41, 17.81it/s]
 63%|██████▎   | 1256/2000 [01:12<00:41, 17.82it/s]
 63%|██████▎   | 1258/2000 [01:12<00:41, 17.80it/s]
 63%|██████▎   | 1260/2000 [01:12<00:41, 17.72it/s]
 63%|██████▎   | 1262/2000 [01:12<00:41, 17.66it/s]
 63%|██████▎   | 1264/2000 [01:12<00:41, 17.61it/s]
 63%|██████▎   | 1266/2000 [01:12<00:42, 17.47it/s]
 63%|██████▎   | 1268/2000 [01:12<00:41, 17.50it/s]
 64%|██████▎   | 1270/2000 [01:12<00:41, 17.59it/s]
 64%|██████▎   | 1272/2000 [01:13<00:43, 16.60it/s]
 64%|██████▎   | 1274/2000 [01:13<00:42, 16.95it/s]
 64%|██████▍   | 1276/2000 [01:13<00:42, 17.21it/s]
 64%|██████▍   | 1278/2000 [01:13<00:41, 17.38it/s]
 64%|██████▍   | 1280/2000 [01:13<00:41, 17.48it/s]
 64%|██████▍   | 1282/2000 [01:13<00:40, 17.57it/s]
 64%|██████▍   | 1284/2000 [01:13<00:40, 17.62it/s]
 64%|██████▍   | 1286/2000 [01:13<00:40, 17.66it/s]
 64%|██████▍   | 1288/2000 [01:13<00:40, 17.67it/s]
 64%|██████▍   | 1290/2000 [01:14<00:40, 17.67it/s]
 65%|██████▍   | 1292/2000 [01:14<00:40, 17.56it/s]
 65%|██████▍   | 1294/2000 [01:14<00:40, 17.59it/s]
 65%|██████▍   | 1296/2000 [01:14<00:39, 17.66it/s]
 65%|██████▍   | 1298/2000 [01:14<00:39, 17.73it/s]
 65%|██████▌   | 1300/2000 [01:14<00:39, 17.79it/s]
 65%|██████▌   | 1302/2000 [01:14<00:39, 17.78it/s]
 65%|██████▌   | 1304/2000 [01:14<00:39, 17.76it/s]
 65%|██████▌   | 1306/2000 [01:14<00:39, 17.78it/s]
 65%|██████▌   | 1308/2000 [01:15<00:38, 17.80it/s]
 66%|██████▌   | 1310/2000 [01:15<00:38, 17.80it/s]
 66%|██████▌   | 1312/2000 [01:15<00:38, 17.83it/s]
 66%|██████▌   | 1314/2000 [01:15<00:38, 17.79it/s]
 66%|██████▌   | 1316/2000 [01:15<00:38, 17.78it/s]
 66%|██████▌   | 1318/2000 [01:15<00:38, 17.61it/s]
 66%|██████▌   | 1320/2000 [01:15<00:38, 17.66it/s]
 66%|██████▌   | 1322/2000 [01:15<00:38, 17.70it/s]
 66%|██████▌   | 1324/2000 [01:15<00:38, 17.69it/s]
 66%|██████▋   | 1326/2000 [01:16<00:38, 17.68it/s]
 66%|██████▋   | 1328/2000 [01:16<00:37, 17.70it/s]
 66%|██████▋   | 1330/2000 [01:16<00:37, 17.72it/s]
 67%|██████▋   | 1332/2000 [01:16<00:37, 17.71it/s]
 67%|██████▋   | 1334/2000 [01:16<00:37, 17.70it/s]
 67%|██████▋   | 1336/2000 [01:16<00:37, 17.69it/s]
 67%|██████▋   | 1338/2000 [01:16<00:37, 17.65it/s]
 67%|██████▋   | 1340/2000 [01:16<00:37, 17.57it/s]
 67%|██████▋   | 1342/2000 [01:16<00:37, 17.54it/s]
 67%|██████▋   | 1344/2000 [01:17<00:37, 17.41it/s]
 67%|██████▋   | 1346/2000 [01:17<00:37, 17.47it/s]
 67%|██████▋   | 1348/2000 [01:17<00:37, 17.51it/s]
 68%|██████▊   | 1350/2000 [01:17<00:37, 17.52it/s]
 68%|██████▊   | 1352/2000 [01:17<00:36, 17.53it/s]
 68%|██████▊   | 1354/2000 [01:17<00:36, 17.55it/s]
 68%|██████▊   | 1356/2000 [01:17<00:36, 17.56it/s]
 68%|██████▊   | 1358/2000 [01:17<00:36, 17.54it/s]
 68%|██████▊   | 1360/2000 [01:18<00:36, 17.57it/s]
 68%|██████▊   | 1362/2000 [01:18<00:36, 17.62it/s]
 68%|██████▊   | 1364/2000 [01:18<00:36, 17.64it/s]
 68%|██████▊   | 1366/2000 [01:18<00:35, 17.68it/s]
 68%|██████▊   | 1368/2000 [01:18<00:35, 17.64it/s]
 68%|██████▊   | 1370/2000 [01:18<00:36, 17.47it/s]
 69%|██████▊   | 1372/2000 [01:18<00:35, 17.50it/s]
 69%|██████▊   | 1374/2000 [01:18<00:35, 17.52it/s]
 69%|██████▉   | 1376/2000 [01:18<00:35, 17.49it/s]
 69%|██████▉   | 1378/2000 [01:19<00:35, 17.47it/s]
 69%|██████▉   | 1380/2000 [01:19<00:35, 17.42it/s]
 69%|██████▉   | 1382/2000 [01:19<00:35, 17.35it/s]
 69%|██████▉   | 1384/2000 [01:19<00:35, 17.33it/s]
 69%|██████▉   | 1386/2000 [01:19<00:35, 17.37it/s]
 69%|██████▉   | 1388/2000 [01:19<00:35, 17.42it/s]
 70%|██████▉   | 1390/2000 [01:19<00:34, 17.44it/s]
 70%|██████▉   | 1392/2000 [01:19<00:34, 17.41it/s]
 70%|██████▉   | 1394/2000 [01:19<00:34, 17.45it/s]
 70%|██████▉   | 1396/2000 [01:20<00:34, 17.32it/s]
 70%|██████▉   | 1398/2000 [01:20<00:34, 17.36it/s]
 70%|███████   | 1400/2000 [01:20<00:34, 17.39it/s]
 70%|███████   | 1402/2000 [01:20<00:34, 17.42it/s]
 70%|███████   | 1404/2000 [01:20<00:34, 17.46it/s]
 70%|███████   | 1406/2000 [01:20<00:33, 17.51it/s]
 70%|███████   | 1408/2000 [01:20<00:33, 17.52it/s]
 70%|███████   | 1410/2000 [01:20<00:33, 17.50it/s]
 71%|███████   | 1412/2000 [01:21<00:33, 17.63it/s]
 71%|███████   | 1414/2000 [01:21<00:33, 17.69it/s]
 71%|███████   | 1416/2000 [01:21<00:32, 17.71it/s]
 71%|███████   | 1418/2000 [01:21<00:32, 17.65it/s]
 71%|███████   | 1420/2000 [01:21<00:32, 17.70it/s]
 71%|███████   | 1422/2000 [01:21<00:33, 17.50it/s]
 71%|███████   | 1424/2000 [01:21<00:32, 17.56it/s]
 71%|███████▏  | 1426/2000 [01:21<00:32, 17.58it/s]
 71%|███████▏  | 1428/2000 [01:21<00:32, 17.47it/s]
 72%|███████▏  | 1430/2000 [01:22<00:32, 17.53it/s]
 72%|███████▏  | 1432/2000 [01:22<00:32, 17.53it/s]
 72%|███████▏  | 1434/2000 [01:22<00:32, 17.57it/s]
 72%|███████▏  | 1436/2000 [01:22<00:32, 17.55it/s]
 72%|███████▏  | 1438/2000 [01:22<00:32, 17.53it/s]
 72%|███████▏  | 1440/2000 [01:22<00:31, 17.55it/s]
 72%|███████▏  | 1442/2000 [01:22<00:31, 17.55it/s]
 72%|███████▏  | 1444/2000 [01:22<00:31, 17.49it/s]
 72%|███████▏  | 1446/2000 [01:22<00:31, 17.41it/s]
 72%|███████▏  | 1448/2000 [01:23<00:31, 17.32it/s]
 72%|███████▎  | 1450/2000 [01:23<00:31, 17.37it/s]
 73%|███████▎  | 1452/2000 [01:23<00:31, 17.41it/s]
 73%|███████▎  | 1454/2000 [01:23<00:31, 17.31it/s]
 73%|███████▎  | 1456/2000 [01:23<00:31, 17.38it/s]
 73%|███████▎  | 1458/2000 [01:23<00:31, 17.44it/s]
 73%|███████▎  | 1460/2000 [01:23<00:30, 17.46it/s]
 73%|███████▎  | 1462/2000 [01:23<00:30, 17.43it/s]
 73%|███████▎  | 1464/2000 [01:23<00:30, 17.43it/s]
 73%|███████▎  | 1466/2000 [01:24<00:30, 17.49it/s]
 73%|███████▎  | 1468/2000 [01:24<00:30, 17.47it/s]
 74%|███████▎  | 1470/2000 [01:24<00:30, 17.41it/s]
 74%|███████▎  | 1472/2000 [01:24<00:30, 17.43it/s]
 74%|███████▎  | 1474/2000 [01:24<00:30, 17.34it/s]
 74%|███████▍  | 1476/2000 [01:24<00:30, 17.40it/s]
 74%|███████▍  | 1478/2000 [01:24<00:29, 17.43it/s]
 74%|███████▍  | 1480/2000 [01:24<00:29, 17.37it/s]
 74%|███████▍  | 1482/2000 [01:25<00:29, 17.40it/s]
 74%|███████▍  | 1484/2000 [01:25<00:29, 17.39it/s]
 74%|███████▍  | 1486/2000 [01:25<00:30, 16.82it/s]
 74%|███████▍  | 1488/2000 [01:25<00:30, 16.72it/s]
 74%|███████▍  | 1490/2000 [01:25<00:30, 16.85it/s]
 75%|███████▍  | 1492/2000 [01:25<00:29, 17.02it/s]
 75%|███████▍  | 1494/2000 [01:25<00:29, 17.15it/s]
 75%|███████▍  | 1496/2000 [01:25<00:29, 17.20it/s]
 75%|███████▍  | 1498/2000 [01:25<00:29, 17.31it/s]
 75%|███████▌  | 1500/2000 [01:26<00:29, 17.17it/s]
 75%|███████▌  | 1502/2000 [01:26<00:28, 17.27it/s]
 75%|███████▌  | 1504/2000 [01:26<00:28, 17.33it/s]
 75%|███████▌  | 1506/2000 [01:26<00:28, 17.41it/s]
 75%|███████▌  | 1508/2000 [01:26<00:28, 17.48it/s]
 76%|███████▌  | 1510/2000 [01:26<00:27, 17.52it/s]
 76%|███████▌  | 1512/2000 [01:26<00:27, 17.57it/s]
 76%|███████▌  | 1514/2000 [01:26<00:27, 17.49it/s]
 76%|███████▌  | 1516/2000 [01:26<00:27, 17.54it/s]
 76%|███████▌  | 1518/2000 [01:27<00:27, 17.55it/s]
 76%|███████▌  | 1520/2000 [01:27<00:27, 17.53it/s]
 76%|███████▌  | 1522/2000 [01:27<00:27, 17.47it/s]
 76%|███████▌  | 1524/2000 [01:27<00:27, 17.47it/s]
 76%|███████▋  | 1526/2000 [01:27<00:27, 17.33it/s]
 76%|███████▋  | 1528/2000 [01:27<00:27, 17.36it/s]
 76%|███████▋  | 1530/2000 [01:27<00:27, 17.34it/s]
 77%|███████▋  | 1532/2000 [01:27<00:26, 17.36it/s]
 77%|███████▋  | 1534/2000 [01:28<00:26, 17.39it/s]
 77%|███████▋  | 1536/2000 [01:28<00:26, 17.38it/s]
 77%|███████▋  | 1538/2000 [01:28<00:26, 17.39it/s]
 77%|███████▋  | 1540/2000 [01:28<00:26, 17.38it/s]
 77%|███████▋  | 1542/2000 [01:28<00:26, 17.37it/s]
 77%|███████▋  | 1544/2000 [01:28<00:26, 17.37it/s]
 77%|███████▋  | 1546/2000 [01:28<00:26, 17.37it/s]
 77%|███████▋  | 1548/2000 [01:28<00:26, 17.35it/s]
 78%|███████▊  | 1550/2000 [01:28<00:25, 17.33it/s]
 78%|███████▊  | 1552/2000 [01:29<00:26, 17.21it/s]
 78%|███████▊  | 1554/2000 [01:29<00:25, 17.33it/s]
 78%|███████▊  | 1556/2000 [01:29<00:25, 17.27it/s]
 78%|███████▊  | 1558/2000 [01:29<00:25, 17.20it/s]
 78%|███████▊  | 1560/2000 [01:29<00:25, 17.23it/s]
 78%|███████▊  | 1562/2000 [01:29<00:25, 17.27it/s]
 78%|███████▊  | 1564/2000 [01:29<00:25, 17.30it/s]
 78%|███████▊  | 1566/2000 [01:29<00:24, 17.36it/s]
 78%|███████▊  | 1568/2000 [01:29<00:24, 17.31it/s]
 78%|███████▊  | 1570/2000 [01:30<00:24, 17.31it/s]
 79%|███████▊  | 1572/2000 [01:30<00:24, 17.31it/s]
 79%|███████▊  | 1574/2000 [01:30<00:24, 17.28it/s]
 79%|███████▉  | 1576/2000 [01:30<00:24, 17.28it/s]
 79%|███████▉  | 1578/2000 [01:30<00:24, 17.12it/s]
 79%|███████▉  | 1580/2000 [01:30<00:24, 17.19it/s]
 79%|███████▉  | 1582/2000 [01:30<00:24, 17.21it/s]
 79%|███████▉  | 1584/2000 [01:30<00:24, 17.31it/s]
 79%|███████▉  | 1586/2000 [01:31<00:23, 17.38it/s]
 79%|███████▉  | 1588/2000 [01:31<00:23, 17.39it/s]
 80%|███████▉  | 1590/2000 [01:31<00:23, 17.45it/s]
 80%|███████▉  | 1592/2000 [01:31<00:23, 17.53it/s]
 80%|███████▉  | 1594/2000 [01:31<00:23, 17.55it/s]
 80%|███████▉  | 1596/2000 [01:31<00:22, 17.57it/s]
 80%|███████▉  | 1598/2000 [01:31<00:22, 17.55it/s]
 80%|████████  | 1600/2000 [01:31<00:22, 17.59it/s]
 80%|████████  | 1602/2000 [01:31<00:22, 17.61it/s]
 80%|████████  | 1604/2000 [01:32<00:22, 17.50it/s]
 80%|████████  | 1606/2000 [01:32<00:22, 17.50it/s]
 80%|████████  | 1608/2000 [01:32<00:22, 17.48it/s]
 80%|████████  | 1610/2000 [01:32<00:22, 17.45it/s]
 81%|████████  | 1612/2000 [01:32<00:22, 17.51it/s]
 81%|████████  | 1614/2000 [01:32<00:22, 17.50it/s]
 81%|████████  | 1616/2000 [01:32<00:21, 17.51it/s]
 81%|████████  | 1618/2000 [01:32<00:21, 17.53it/s]
 81%|████████  | 1620/2000 [01:32<00:21, 17.53it/s]
 81%|████████  | 1622/2000 [01:33<00:21, 17.54it/s]
 81%|████████  | 1624/2000 [01:33<00:21, 17.53it/s]
 81%|████████▏ | 1626/2000 [01:33<00:21, 17.55it/s]
 81%|████████▏ | 1628/2000 [01:33<00:21, 17.58it/s]
 82%|████████▏ | 1630/2000 [01:33<00:21, 17.42it/s]
 82%|████████▏ | 1632/2000 [01:33<00:21, 17.43it/s]
 82%|████████▏ | 1634/2000 [01:33<00:20, 17.46it/s]
 82%|████████▏ | 1636/2000 [01:33<00:20, 17.47it/s]
 82%|████████▏ | 1638/2000 [01:33<00:20, 17.51it/s]
 82%|████████▏ | 1640/2000 [01:34<00:20, 17.54it/s]
 82%|████████▏ | 1642/2000 [01:34<00:20, 17.59it/s]
 82%|████████▏ | 1644/2000 [01:34<00:20, 17.53it/s]
 82%|████████▏ | 1646/2000 [01:34<00:20, 17.53it/s]
 82%|████████▏ | 1648/2000 [01:34<00:20, 17.54it/s]
 82%|████████▎ | 1650/2000 [01:34<00:19, 17.54it/s]
 83%|████████▎ | 1652/2000 [01:34<00:19, 17.53it/s]
 83%|████████▎ | 1654/2000 [01:34<00:19, 17.54it/s]
 83%|████████▎ | 1656/2000 [01:35<00:19, 17.41it/s]
 83%|████████▎ | 1658/2000 [01:35<00:19, 17.47it/s]
 83%|████████▎ | 1660/2000 [01:35<00:19, 17.55it/s]
 83%|████████▎ | 1662/2000 [01:35<00:19, 17.57it/s]
 83%|████████▎ | 1664/2000 [01:35<00:19, 17.55it/s]
 83%|████████▎ | 1666/2000 [01:35<00:19, 17.57it/s]
 83%|████████▎ | 1668/2000 [01:35<00:18, 17.57it/s]
 84%|████████▎ | 1670/2000 [01:35<00:18, 17.54it/s]
 84%|████████▎ | 1672/2000 [01:35<00:18, 17.51it/s]
 84%|████████▎ | 1674/2000 [01:36<00:18, 17.51it/s]
 84%|████████▍ | 1676/2000 [01:36<00:18, 17.47it/s]
 84%|████████▍ | 1678/2000 [01:36<00:18, 17.47it/s]
 84%|████████▍ | 1680/2000 [01:36<00:18, 17.49it/s]
 84%|████████▍ | 1682/2000 [01:36<00:18, 17.36it/s]
 84%|████████▍ | 1684/2000 [01:36<00:18, 17.40it/s]
 84%|████████▍ | 1686/2000 [01:36<00:18, 17.44it/s]
 84%|████████▍ | 1688/2000 [01:36<00:17, 17.47it/s]
 84%|████████▍ | 1690/2000 [01:36<00:17, 17.47it/s]
 85%|████████▍ | 1692/2000 [01:37<00:17, 17.49it/s]
 85%|████████▍ | 1694/2000 [01:37<00:17, 17.51it/s]
 85%|████████▍ | 1696/2000 [01:37<00:17, 17.51it/s]
 85%|████████▍ | 1698/2000 [01:37<00:17, 17.47it/s]
 85%|████████▌ | 1700/2000 [01:37<00:17, 17.50it/s]
 85%|████████▌ | 1702/2000 [01:37<00:16, 17.54it/s]
 85%|████████▌ | 1704/2000 [01:37<00:16, 17.56it/s]
 85%|████████▌ | 1706/2000 [01:37<00:16, 17.52it/s]
 85%|████████▌ | 1708/2000 [01:37<00:16, 17.40it/s]
 86%|████████▌ | 1710/2000 [01:38<00:16, 17.43it/s]
 86%|████████▌ | 1712/2000 [01:38<00:16, 17.46it/s]
 86%|████████▌ | 1714/2000 [01:38<00:16, 17.46it/s]
 86%|████████▌ | 1716/2000 [01:38<00:16, 17.48it/s]
 86%|████████▌ | 1718/2000 [01:38<00:16, 17.47it/s]
 86%|████████▌ | 1720/2000 [01:38<00:16, 17.43it/s]
 86%|████████▌ | 1722/2000 [01:38<00:15, 17.44it/s]
 86%|████████▌ | 1724/2000 [01:38<00:15, 17.41it/s]
 86%|████████▋ | 1726/2000 [01:39<00:15, 17.39it/s]
 86%|████████▋ | 1728/2000 [01:39<00:15, 17.40it/s]
 86%|████████▋ | 1730/2000 [01:39<00:15, 17.40it/s]
 87%|████████▋ | 1732/2000 [01:39<00:15, 17.49it/s]
 87%|████████▋ | 1734/2000 [01:39<00:15, 17.37it/s]
 87%|████████▋ | 1736/2000 [01:39<00:15, 17.43it/s]
 87%|████████▋ | 1738/2000 [01:39<00:14, 17.49it/s]
 87%|████████▋ | 1740/2000 [01:39<00:14, 17.50it/s]
 87%|████████▋ | 1742/2000 [01:39<00:14, 17.50it/s]
 87%|████████▋ | 1744/2000 [01:40<00:14, 17.50it/s]
 87%|████████▋ | 1746/2000 [01:40<00:14, 17.53it/s]
 87%|████████▋ | 1748/2000 [01:40<00:14, 17.56it/s]
 88%|████████▊ | 1750/2000 [01:40<00:14, 17.55it/s]
 88%|████████▊ | 1752/2000 [01:40<00:14, 17.51it/s]
 88%|████████▊ | 1754/2000 [01:40<00:14, 17.52it/s]
 88%|████████▊ | 1756/2000 [01:40<00:13, 17.47it/s]
 88%|████████▊ | 1758/2000 [01:40<00:13, 17.47it/s]
 88%|████████▊ | 1760/2000 [01:40<00:13, 17.35it/s]
 88%|████████▊ | 1762/2000 [01:41<00:13, 17.32it/s]
 88%|████████▊ | 1764/2000 [01:41<00:13, 17.37it/s]
 88%|████████▊ | 1766/2000 [01:41<00:13, 17.37it/s]
 88%|████████▊ | 1768/2000 [01:41<00:13, 17.41it/s]
 88%|████████▊ | 1770/2000 [01:41<00:13, 17.46it/s]
 89%|████████▊ | 1772/2000 [01:41<00:13, 17.49it/s]
 89%|████████▊ | 1774/2000 [01:41<00:12, 17.45it/s]
 89%|████████▉ | 1776/2000 [01:41<00:12, 17.46it/s]
 89%|████████▉ | 1778/2000 [01:41<00:12, 17.47it/s]
 89%|████████▉ | 1780/2000 [01:42<00:12, 17.52it/s]
 89%|████████▉ | 1782/2000 [01:42<00:12, 17.52it/s]
 89%|████████▉ | 1784/2000 [01:42<00:12, 17.46it/s]
 89%|████████▉ | 1786/2000 [01:42<00:12, 17.34it/s]
 89%|████████▉ | 1788/2000 [01:42<00:12, 17.44it/s]
 90%|████████▉ | 1790/2000 [01:42<00:11, 17.52it/s]
 90%|████████▉ | 1792/2000 [01:42<00:11, 17.53it/s]
 90%|████████▉ | 1794/2000 [01:42<00:11, 17.52it/s]
 90%|████████▉ | 1796/2000 [01:43<00:11, 17.55it/s]
 90%|████████▉ | 1798/2000 [01:43<00:11, 17.57it/s]
 90%|█████████ | 1800/2000 [01:43<00:11, 17.58it/s]
 90%|█████████ | 1802/2000 [01:43<00:11, 17.59it/s]
 90%|█████████ | 1804/2000 [01:43<00:11, 17.60it/s]
 90%|█████████ | 1806/2000 [01:43<00:11, 17.60it/s]
 90%|█████████ | 1808/2000 [01:43<00:10, 17.62it/s]
 90%|█████████ | 1810/2000 [01:43<00:10, 17.62it/s]
 91%|█████████ | 1812/2000 [01:43<00:10, 17.55it/s]
 91%|█████████ | 1814/2000 [01:44<00:10, 17.56it/s]
 91%|█████████ | 1816/2000 [01:44<00:10, 17.54it/s]
 91%|█████████ | 1818/2000 [01:44<00:10, 17.57it/s]
 91%|█████████ | 1820/2000 [01:44<00:10, 17.57it/s]
 91%|█████████ | 1822/2000 [01:44<00:10, 17.58it/s]
 91%|█████████ | 1824/2000 [01:44<00:10, 17.59it/s]
 91%|█████████▏| 1826/2000 [01:44<00:09, 17.60it/s]
 91%|█████████▏| 1828/2000 [01:44<00:09, 17.55it/s]
 92%|█████████▏| 1830/2000 [01:44<00:09, 17.52it/s]
 92%|█████████▏| 1832/2000 [01:45<00:09, 17.53it/s]
 92%|█████████▏| 1834/2000 [01:45<00:09, 17.49it/s]
 92%|█████████▏| 1836/2000 [01:45<00:09, 17.50it/s]
 92%|█████████▏| 1838/2000 [01:45<00:09, 17.25it/s]
 92%|█████████▏| 1840/2000 [01:45<00:09, 17.31it/s]
 92%|█████████▏| 1842/2000 [01:45<00:09, 17.36it/s]
 92%|█████████▏| 1844/2000 [01:45<00:08, 17.43it/s]
 92%|█████████▏| 1846/2000 [01:45<00:08, 17.48it/s]
 92%|█████████▏| 1848/2000 [01:45<00:08, 17.50it/s]
 92%|█████████▎| 1850/2000 [01:46<00:08, 17.32it/s]
 93%|█████████▎| 1852/2000 [01:46<00:08, 17.06it/s]
 93%|█████████▎| 1854/2000 [01:46<00:08, 17.16it/s]
 93%|█████████▎| 1856/2000 [01:46<00:08, 17.22it/s]
 93%|█████████▎| 1858/2000 [01:46<00:08, 17.27it/s]
 93%|█████████▎| 1860/2000 [01:46<00:08, 17.30it/s]
 93%|█████████▎| 1862/2000 [01:46<00:07, 17.31it/s]
 93%|█████████▎| 1864/2000 [01:46<00:07, 17.22it/s]
 93%|█████████▎| 1866/2000 [01:47<00:07, 17.29it/s]
 93%|█████████▎| 1868/2000 [01:47<00:07, 17.36it/s]
 94%|█████████▎| 1870/2000 [01:47<00:07, 17.36it/s]
 94%|█████████▎| 1872/2000 [01:47<00:07, 17.38it/s]
 94%|█████████▎| 1874/2000 [01:47<00:07, 17.40it/s]
 94%|█████████▍| 1876/2000 [01:47<00:07, 17.40it/s]
 94%|█████████▍| 1878/2000 [01:47<00:07, 17.40it/s]
 94%|█████████▍| 1880/2000 [01:47<00:06, 17.39it/s]
 94%|█████████▍| 1882/2000 [01:47<00:06, 17.36it/s]
 94%|█████████▍| 1884/2000 [01:48<00:06, 17.41it/s]
 94%|█████████▍| 1886/2000 [01:48<00:06, 17.40it/s]
 94%|█████████▍| 1888/2000 [01:48<00:06, 17.41it/s]
 94%|█████████▍| 1890/2000 [01:48<00:06, 17.26it/s]
 95%|█████████▍| 1892/2000 [01:48<00:06, 17.32it/s]
 95%|█████████▍| 1894/2000 [01:48<00:06, 17.36it/s]
 95%|█████████▍| 1896/2000 [01:48<00:05, 17.38it/s]
 95%|█████████▍| 1898/2000 [01:48<00:05, 17.38it/s]
 95%|█████████▌| 1900/2000 [01:48<00:05, 17.38it/s]
 95%|█████████▌| 1902/2000 [01:49<00:05, 17.36it/s]
 95%|█████████▌| 1904/2000 [01:49<00:06, 13.75it/s]
 95%|█████████▌| 1906/2000 [01:49<00:06, 14.71it/s]
 95%|█████████▌| 1908/2000 [01:49<00:05, 15.44it/s]
 96%|█████████▌| 1910/2000 [01:49<00:05, 16.00it/s]
 96%|█████████▌| 1912/2000 [01:49<00:05, 16.41it/s]
 96%|█████████▌| 1914/2000 [01:49<00:05, 16.74it/s]
 96%|█████████▌| 1916/2000 [01:50<00:04, 16.87it/s]
 96%|█████████▌| 1918/2000 [01:50<00:04, 17.09it/s]
 96%|█████████▌| 1920/2000 [01:50<00:04, 17.25it/s]
 96%|█████████▌| 1922/2000 [01:50<00:04, 17.37it/s]
 96%|█████████▌| 1924/2000 [01:50<00:04, 17.45it/s]
 96%|█████████▋| 1926/2000 [01:50<00:04, 17.51it/s]
 96%|█████████▋| 1928/2000 [01:50<00:04, 17.52it/s]
 96%|█████████▋| 1930/2000 [01:50<00:03, 17.53it/s]
 97%|█████████▋| 1932/2000 [01:50<00:03, 17.55it/s]
 97%|█████████▋| 1934/2000 [01:51<00:03, 17.53it/s]
 97%|█████████▋| 1936/2000 [01:51<00:03, 17.57it/s]
 97%|█████████▋| 1938/2000 [01:51<00:03, 17.64it/s]
 97%|█████████▋| 1940/2000 [01:51<00:03, 17.68it/s]
 97%|█████████▋| 1942/2000 [01:51<00:03, 17.58it/s]
 97%|█████████▋| 1944/2000 [01:51<00:03, 17.57it/s]
 97%|█████████▋| 1946/2000 [01:51<00:03, 17.62it/s]
 97%|█████████▋| 1948/2000 [01:51<00:02, 17.67it/s]
 98%|█████████▊| 1950/2000 [01:51<00:02, 17.72it/s]
 98%|█████████▊| 1952/2000 [01:52<00:02, 17.74it/s]
 98%|█████████▊| 1954/2000 [01:52<00:02, 17.74it/s]
 98%|█████████▊| 1956/2000 [01:52<00:02, 17.61it/s]
 98%|█████████▊| 1958/2000 [01:52<00:02, 17.60it/s]
 98%|█████████▊| 1960/2000 [01:52<00:02, 17.59it/s]
 98%|█████████▊| 1962/2000 [01:52<00:02, 17.58it/s]
 98%|█████████▊| 1964/2000 [01:52<00:02, 17.58it/s]
 98%|█████████▊| 1966/2000 [01:52<00:01, 17.53it/s]
 98%|█████████▊| 1968/2000 [01:52<00:01, 17.31it/s]
 98%|█████████▊| 1970/2000 [01:53<00:01, 17.35it/s]
 99%|█████████▊| 1972/2000 [01:53<00:01, 17.41it/s]
 99%|█████████▊| 1974/2000 [01:53<00:01, 17.44it/s]
 99%|█████████▉| 1976/2000 [01:53<00:01, 17.43it/s]
 99%|█████████▉| 1978/2000 [01:53<00:01, 17.32it/s]
 99%|█████████▉| 1980/2000 [01:53<00:01, 17.34it/s]
 99%|█████████▉| 1982/2000 [01:53<00:01, 17.36it/s]
 99%|█████████▉| 1984/2000 [01:53<00:00, 17.34it/s]
 99%|█████████▉| 1986/2000 [01:54<00:00, 17.36it/s]
 99%|█████████▉| 1988/2000 [01:54<00:00, 17.31it/s]
100%|█████████▉| 1990/2000 [01:54<00:00, 17.27it/s]
100%|█████████▉| 1992/2000 [01:54<00:00, 17.32it/s]
100%|█████████▉| 1994/2000 [01:54<00:00, 17.18it/s]
100%|█████████▉| 1996/2000 [01:54<00:00, 17.24it/s]
100%|█████████▉| 1998/2000 [01:54<00:00, 17.30it/s]
100%|██████████| 2000/2000 [01:54<00:00, 17.35it/s]
100%|██████████| 2000/2000 [01:54<00:00, 17.41it/s]
  P(true) judge for gemma-longform (729 rows)...

  0%|          | 0/729 [00:00<?, ?it/s]
  0%|          | 2/729 [00:00<01:32,  7.86it/s]
  1%|          | 4/729 [00:00<01:07, 10.68it/s]
  1%|          | 6/729 [00:00<01:25,  8.42it/s]
  1%|          | 7/729 [00:00<01:50,  6.56it/s]
  1%|          | 8/729 [00:01<01:49,  6.57it/s]
  1%|          | 9/729 [00:01<02:10,  5.51it/s]
  1%|▏         | 10/729 [00:01<02:22,  5.04it/s]
  2%|▏         | 11/729 [00:01<02:32,  4.71it/s]
  2%|▏         | 13/729 [00:02<02:13,  5.38it/s]
  2%|▏         | 14/729 [00:02<02:25,  4.90it/s]
  2%|▏         | 16/729 [00:02<01:45,  6.76it/s]
  2%|▏         | 17/729 [00:02<01:57,  6.04it/s]
  2%|▏         | 18/729 [00:03<02:12,  5.38it/s]
  3%|▎         | 19/729 [00:03<02:24,  4.91it/s]
  3%|▎         | 20/729 [00:03<02:50,  4.16it/s]
  3%|▎         | 21/729 [00:03<03:06,  3.81it/s]
  3%|▎         | 22/729 [00:04<02:59,  3.95it/s]
  3%|▎         | 23/729 [00:04<02:53,  4.07it/s]
  3%|▎         | 25/729 [00:04<02:05,  5.60it/s]
  4%|▎         | 26/729 [00:04<02:12,  5.29it/s]
  4%|▍         | 28/729 [00:05<01:47,  6.53it/s]
  4%|▍         | 30/729 [00:05<01:35,  7.33it/s]
  4%|▍         | 32/729 [00:05<01:38,  7.08it/s]
  5%|▍         | 33/729 [00:05<01:50,  6.30it/s]
  5%|▍         | 34/729 [00:06<02:08,  5.41it/s]
  5%|▍         | 36/729 [00:06<01:35,  7.27it/s]
  5%|▌         | 37/729 [00:06<01:48,  6.39it/s]
  5%|▌         | 38/729 [00:06<02:08,  5.36it/s]
  5%|▌         | 40/729 [00:06<01:45,  6.54it/s]
  6%|▌         | 42/729 [00:07<01:42,  6.69it/s]
  6%|▌         | 43/729 [00:07<01:43,  6.63it/s]
  6%|▌         | 44/729 [00:07<01:42,  6.65it/s]
  6%|▌         | 45/729 [00:07<02:05,  5.47it/s]
  6%|▋         | 46/729 [00:08<02:27,  4.63it/s]
  7%|▋         | 48/729 [00:08<02:06,  5.38it/s]
  7%|▋         | 50/729 [00:08<01:54,  5.92it/s]
  7%|▋         | 52/729 [00:08<01:52,  6.01it/s]
  7%|▋         | 53/729 [00:09<02:15,  5.00it/s]
  8%|▊         | 55/729 [00:09<01:51,  6.03it/s]
  8%|▊         | 56/729 [00:09<01:49,  6.14it/s]
  8%|▊         | 57/729 [00:09<01:48,  6.19it/s]
  8%|▊         | 58/729 [00:10<02:01,  5.53it/s]
  8%|▊         | 59/729 [00:10<02:14,  4.97it/s]
  8%|▊         | 60/729 [00:10<02:23,  4.66it/s]
  9%|▊         | 62/729 [00:10<02:02,  5.43it/s]
  9%|▊         | 63/729 [00:11<02:11,  5.06it/s]
  9%|▉         | 64/729 [00:11<02:05,  5.32it/s]
  9%|▉         | 66/729 [00:11<01:54,  5.81it/s]
  9%|▉         | 68/729 [00:11<01:48,  6.07it/s]
  9%|▉         | 69/729 [00:11<01:44,  6.32it/s]
 10%|▉         | 70/729 [00:12<01:55,  5.72it/s]
 10%|▉         | 71/729 [00:12<02:05,  5.25it/s]
 10%|▉         | 72/729 [00:12<01:57,  5.61it/s]
 10%|█         | 73/729 [00:12<02:05,  5.21it/s]
 10%|█         | 74/729 [00:13<02:13,  4.91it/s]
 10%|█         | 75/729 [00:13<02:04,  5.23it/s]
 10%|█         | 76/729 [00:13<01:55,  5.66it/s]
 11%|█         | 77/729 [00:13<02:07,  5.13it/s]
 11%|█         | 79/729 [00:13<01:53,  5.74it/s]
 11%|█         | 80/729 [00:14<02:05,  5.17it/s]
 11%|█         | 81/729 [00:14<02:14,  4.81it/s]
 11%|█         | 82/729 [00:14<02:05,  5.15it/s]
 12%|█▏        | 84/729 [00:14<01:28,  7.27it/s]
 12%|█▏        | 86/729 [00:14<01:10,  9.09it/s]
 12%|█▏        | 88/729 [00:15<01:31,  6.99it/s]
 12%|█▏        | 89/729 [00:15<01:32,  6.95it/s]
 12%|█▏        | 91/729 [00:15<01:13,  8.65it/s]
 13%|█▎        | 93/729 [00:15<01:20,  7.91it/s]
 13%|█▎        | 95/729 [00:16<01:23,  7.57it/s]
 13%|█▎        | 96/729 [00:16<01:38,  6.45it/s]
 13%|█▎        | 97/729 [00:16<01:49,  5.78it/s]
 13%|█▎        | 98/729 [00:16<02:04,  5.06it/s]
 14%|█▎        | 100/729 [00:17<01:52,  5.60it/s]
 14%|█▍        | 102/729 [00:17<01:45,  5.97it/s]
 14%|█▍        | 103/729 [00:17<01:52,  5.58it/s]
 14%|█▍        | 105/729 [00:18<01:48,  5.76it/s]
 15%|█▍        | 106/729 [00:18<02:06,  4.91it/s]
 15%|█▍        | 107/729 [00:18<01:51,  5.56it/s]
 15%|█▍        | 108/729 [00:18<01:45,  5.90it/s]
 15%|█▌        | 110/729 [00:18<01:44,  5.94it/s]
 15%|█▌        | 111/729 [00:19<01:55,  5.34it/s]
 15%|█▌        | 112/729 [00:19<01:50,  5.57it/s]
 16%|█▌        | 113/729 [00:19<02:02,  5.02it/s]
 16%|█▌        | 114/729 [00:19<02:06,  4.88it/s]
 16%|█▌        | 115/729 [00:19<01:54,  5.38it/s]
 16%|█▌        | 116/729 [00:20<01:44,  5.84it/s]
 16%|█▌        | 118/729 [00:20<01:39,  6.17it/s]
 16%|█▋        | 120/729 [00:20<01:15,  8.04it/s]
 17%|█▋        | 122/729 [00:20<01:21,  7.40it/s]
 17%|█▋        | 123/729 [00:20<01:21,  7.46it/s]
 17%|█▋        | 125/729 [00:21<01:25,  7.04it/s]
 17%|█▋        | 127/729 [00:21<01:25,  7.00it/s]
 18%|█▊        | 128/729 [00:21<01:26,  6.95it/s]
 18%|█▊        | 130/729 [00:21<01:29,  6.73it/s]
 18%|█▊        | 131/729 [00:22<01:27,  6.85it/s]
 18%|█▊        | 133/729 [00:22<01:31,  6.51it/s]
 19%|█▊        | 135/729 [00:22<01:27,  6.78it/s]
 19%|█▊        | 136/729 [00:23<01:44,  5.70it/s]
 19%|█▉        | 137/729 [00:23<01:43,  5.71it/s]
 19%|█▉        | 139/729 [00:23<01:20,  7.35it/s]
 19%|█▉        | 140/729 [00:23<01:31,  6.42it/s]
 19%|█▉        | 141/729 [00:23<01:45,  5.55it/s]
 20%|█▉        | 143/729 [00:24<01:38,  5.95it/s]
 20%|█▉        | 144/729 [00:24<01:47,  5.45it/s]
 20%|█▉        | 145/729 [00:24<01:43,  5.63it/s]
 20%|██        | 147/729 [00:24<01:36,  6.06it/s]
 20%|██        | 148/729 [00:25<01:54,  5.06it/s]
 21%|██        | 150/729 [00:25<01:46,  5.42it/s]
 21%|██        | 152/729 [00:25<01:31,  6.29it/s]
 21%|██        | 153/729 [00:25<01:39,  5.78it/s]
 21%|██▏       | 155/729 [00:26<01:37,  5.88it/s]
 22%|██▏       | 157/729 [00:26<01:19,  7.22it/s]
 22%|██▏       | 158/729 [00:26<01:31,  6.24it/s]
 22%|██▏       | 160/729 [00:26<01:21,  6.98it/s]
 22%|██▏       | 161/729 [00:27<01:29,  6.31it/s]
 22%|██▏       | 162/729 [00:27<01:38,  5.76it/s]
 22%|██▏       | 163/729 [00:27<01:46,  5.29it/s]
 22%|██▏       | 164/729 [00:27<01:42,  5.53it/s]
 23%|██▎       | 165/729 [00:27<01:52,  5.01it/s]
 23%|██▎       | 167/729 [00:28<01:27,  6.39it/s]
 23%|██▎       | 169/729 [00:28<01:09,  8.08it/s]
 23%|██▎       | 171/729 [00:28<00:59,  9.44it/s]
 24%|██▎       | 173/729 [00:28<01:20,  6.89it/s]
 24%|██▍       | 174/729 [00:29<01:28,  6.26it/s]
 24%|██▍       | 175/729 [00:29<01:27,  6.33it/s]
 24%|██▍       | 176/729 [00:29<01:38,  5.60it/s]
 24%|██▍       | 178/729 [00:29<01:16,  7.16it/s]
 25%|██▍       | 180/729 [00:29<01:03,  8.68it/s]
 25%|██▍       | 182/729 [00:30<01:14,  7.39it/s]
 25%|██▌       | 184/729 [00:30<01:04,  8.44it/s]
 26%|██▌       | 186/729 [00:30<00:53, 10.09it/s]
 26%|██▌       | 188/729 [00:30<01:15,  7.18it/s]
 26%|██▌       | 190/729 [00:31<01:05,  8.29it/s]
 26%|██▋       | 192/729 [00:31<01:11,  7.49it/s]
 26%|██▋       | 193/729 [00:31<01:11,  7.53it/s]
 27%|██▋       | 195/729 [00:31<01:14,  7.19it/s]
 27%|██▋       | 196/729 [00:32<01:24,  6.29it/s]
 27%|██▋       | 198/729 [00:32<01:09,  7.69it/s]
 27%|██▋       | 199/729 [00:32<01:22,  6.43it/s]
 27%|██▋       | 200/729 [00:32<01:43,  5.13it/s]
 28%|██▊       | 202/729 [00:33<01:42,  5.13it/s]
 28%|██▊       | 204/729 [00:33<01:38,  5.35it/s]
 28%|██▊       | 206/729 [00:33<01:31,  5.69it/s]
 29%|██▊       | 208/729 [00:34<01:28,  5.86it/s]
 29%|██▊       | 209/729 [00:34<01:27,  5.92it/s]
 29%|██▉       | 210/729 [00:34<01:34,  5.50it/s]
 29%|██▉       | 211/729 [00:34<01:40,  5.15it/s]
 29%|██▉       | 213/729 [00:34<01:13,  6.99it/s]
 29%|██▉       | 215/729 [00:35<00:57,  8.93it/s]
 30%|██▉       | 217/729 [00:35<01:00,  8.46it/s]
 30%|██▉       | 218/729 [00:35<01:03,  8.01it/s]
 30%|███       | 220/729 [00:35<01:17,  6.53it/s]
 30%|███       | 222/729 [00:36<01:05,  7.78it/s]
 31%|███       | 223/729 [00:36<01:16,  6.62it/s]
 31%|███       | 224/729 [00:36<01:28,  5.73it/s]
 31%|███       | 225/729 [00:36<01:38,  5.11it/s]
 31%|███       | 226/729 [00:37<01:51,  4.53it/s]
 31%|███▏      | 228/729 [00:37<01:35,  5.26it/s]
 31%|███▏      | 229/729 [00:37<01:39,  5.00it/s]
 32%|███▏      | 230/729 [00:37<01:44,  4.79it/s]
 32%|███▏      | 231/729 [00:38<01:52,  4.44it/s]
 32%|███▏      | 232/729 [00:38<01:44,  4.76it/s]
 32%|███▏      | 233/729 [00:38<01:48,  4.57it/s]
 32%|███▏      | 234/729 [00:38<01:51,  4.44it/s]
 32%|███▏      | 236/729 [00:39<01:33,  5.25it/s]
 33%|███▎      | 238/729 [00:39<01:26,  5.65it/s]
 33%|███▎      | 239/729 [00:39<01:25,  5.72it/s]
 33%|███▎      | 241/729 [00:39<01:04,  7.52it/s]
 33%|███▎      | 242/729 [00:39<01:14,  6.57it/s]
 33%|███▎      | 244/729 [00:40<00:57,  8.50it/s]
 34%|███▎      | 245/729 [00:40<01:10,  6.91it/s]
 34%|███▍      | 247/729 [00:40<00:56,  8.56it/s]
 34%|███▍      | 249/729 [00:40<00:48,  9.89it/s]
 34%|███▍      | 251/729 [00:40<00:55,  8.63it/s]
 35%|███▍      | 252/729 [00:41<01:06,  7.21it/s]
 35%|███▍      | 253/729 [00:41<01:18,  6.06it/s]
 35%|███▍      | 254/729 [00:41<01:27,  5.41it/s]
 35%|███▌      | 256/729 [00:41<01:25,  5.51it/s]
 35%|███▌      | 257/729 [00:42<01:22,  5.71it/s]
 35%|███▌      | 258/729 [00:42<01:30,  5.18it/s]
 36%|███▌      | 260/729 [00:42<01:15,  6.20it/s]
 36%|███▌      | 262/729 [00:42<00:58,  8.04it/s]
 36%|███▌      | 264/729 [00:42<00:49,  9.41it/s]
 36%|███▋      | 266/729 [00:43<00:58,  7.93it/s]
 37%|███▋      | 268/729 [00:43<00:53,  8.65it/s]
 37%|███▋      | 270/729 [00:43<00:52,  8.80it/s]
 37%|███▋      | 272/729 [00:43<00:56,  8.06it/s]
 38%|███▊      | 274/729 [00:44<00:48,  9.44it/s]
 38%|███▊      | 276/729 [00:44<00:43, 10.51it/s]
 38%|███▊      | 278/729 [00:44<00:55,  8.19it/s]
 38%|███▊      | 280/729 [00:44<00:51,  8.70it/s]
 39%|███▊      | 281/729 [00:44<01:02,  7.21it/s]
 39%|███▉      | 283/729 [00:45<01:04,  6.94it/s]
 39%|███▉      | 284/729 [00:45<01:15,  5.87it/s]
 39%|███▉      | 286/729 [00:45<01:12,  6.08it/s]
 40%|███▉      | 288/729 [00:46<01:04,  6.82it/s]
 40%|███▉      | 289/729 [00:46<01:12,  6.09it/s]
 40%|███▉      | 291/729 [00:46<01:00,  7.21it/s]
 40%|████      | 292/729 [00:46<01:09,  6.30it/s]
 40%|████      | 294/729 [00:46<01:01,  7.04it/s]
 40%|████      | 295/729 [00:47<01:09,  6.28it/s]
 41%|████      | 297/729 [00:47<00:55,  7.83it/s]
 41%|████      | 298/729 [00:47<00:55,  7.82it/s]
 41%|████      | 299/729 [00:47<01:11,  5.98it/s]
 41%|████▏     | 301/729 [00:47<00:58,  7.26it/s]
 41%|████▏     | 302/729 [00:48<00:57,  7.41it/s]
 42%|████▏     | 304/729 [00:48<00:47,  9.03it/s]
 42%|████▏     | 306/729 [00:48<00:52,  8.02it/s]
 42%|████▏     | 307/729 [00:48<01:00,  6.96it/s]
 42%|████▏     | 309/729 [00:48<00:52,  7.93it/s]
 43%|████▎     | 311/729 [00:49<00:42,  9.73it/s]
 43%|████▎     | 313/729 [00:49<00:48,  8.57it/s]
 43%|████▎     | 314/729 [00:49<00:59,  6.98it/s]
 43%|████▎     | 316/729 [00:49<01:04,  6.38it/s]
 43%|████▎     | 317/729 [00:50<01:04,  6.38it/s]
 44%|████▎     | 318/729 [00:50<01:11,  5.74it/s]
 44%|████▍     | 320/729 [00:50<01:01,  6.69it/s]
 44%|████▍     | 322/729 [00:50<00:51,  7.86it/s]
 44%|████▍     | 323/729 [00:50<01:01,  6.65it/s]
 44%|████▍     | 324/729 [00:51<01:11,  5.65it/s]
 45%|████▍     | 325/729 [00:51<01:08,  5.89it/s]
 45%|████▍     | 326/729 [00:51<01:24,  4.78it/s]
 45%|████▍     | 328/729 [00:52<01:21,  4.92it/s]
 45%|████▌     | 330/729 [00:52<00:59,  6.69it/s]
 46%|████▌     | 332/729 [00:52<00:47,  8.38it/s]
 46%|████▌     | 334/729 [00:52<00:51,  7.60it/s]
 46%|████▌     | 335/729 [00:52<01:01,  6.39it/s]
 46%|████▌     | 336/729 [00:53<01:07,  5.80it/s]
 46%|████▌     | 337/729 [00:53<01:18,  5.00it/s]
 47%|████▋     | 339/729 [00:53<00:59,  6.59it/s]
 47%|████▋     | 341/729 [00:53<00:48,  8.08it/s]
 47%|████▋     | 343/729 [00:53<00:39,  9.86it/s]
 47%|████▋     | 345/729 [00:54<00:52,  7.36it/s]
 48%|████▊     | 347/729 [00:54<00:53,  7.19it/s]
 48%|████▊     | 349/729 [00:54<00:45,  8.40it/s]
 48%|████▊     | 351/729 [00:54<00:43,  8.71it/s]
 48%|████▊     | 352/729 [00:55<00:44,  8.40it/s]
 48%|████▊     | 353/729 [00:55<00:47,  7.96it/s]
 49%|████▊     | 355/729 [00:55<00:50,  7.40it/s]
 49%|████▉     | 357/729 [00:55<00:48,  7.66it/s]
 49%|████▉     | 359/729 [00:55<00:43,  8.50it/s]
 49%|████▉     | 360/729 [00:56<00:50,  7.25it/s]
 50%|████▉     | 362/729 [00:56<00:41,  8.88it/s]
 50%|████▉     | 363/729 [00:56<00:50,  7.31it/s]
 50%|█████     | 365/729 [00:56<00:41,  8.72it/s]
 50%|█████     | 367/729 [00:56<00:34, 10.43it/s]
 51%|█████     | 369/729 [00:57<00:35, 10.15it/s]
 51%|█████     | 371/729 [00:57<00:30, 11.61it/s]
 51%|█████     | 373/729 [00:57<00:29, 12.21it/s]
 51%|█████▏    | 375/729 [00:57<00:26, 13.37it/s]
 52%|█████▏    | 377/729 [00:57<00:38,  9.04it/s]
 52%|█████▏    | 379/729 [00:57<00:35,  9.99it/s]
 52%|█████▏    | 381/729 [00:58<00:31, 10.96it/s]
 53%|█████▎    | 383/729 [00:58<00:32, 10.57it/s]
 53%|█████▎    | 385/729 [00:58<00:49,  6.91it/s]
 53%|█████▎    | 387/729 [00:58<00:40,  8.34it/s]
 53%|█████▎    | 389/729 [00:59<00:55,  6.16it/s]
 53%|█████▎    | 390/729 [00:59<01:01,  5.50it/s]
 54%|█████▍    | 392/729 [00:59<00:49,  6.80it/s]
 54%|█████▍    | 393/729 [01:00<00:48,  6.94it/s]
 54%|█████▍    | 395/729 [01:00<00:40,  8.32it/s]
 54%|█████▍    | 396/729 [01:00<00:49,  6.67it/s]
 54%|█████▍    | 397/729 [01:00<00:56,  5.86it/s]
 55%|█████▍    | 399/729 [01:01<00:54,  6.03it/s]
 55%|█████▍    | 400/729 [01:01<00:59,  5.51it/s]
 55%|█████▌    | 401/729 [01:01<01:04,  5.09it/s]
 55%|█████▌    | 403/729 [01:01<00:48,  6.67it/s]
 55%|█████▌    | 404/729 [01:01<00:47,  6.90it/s]
 56%|█████▌    | 406/729 [01:02<00:42,  7.59it/s]
 56%|█████▌    | 408/729 [01:02<00:37,  8.48it/s]
 56%|█████▌    | 409/729 [01:02<00:38,  8.25it/s]
 56%|█████▌    | 410/729 [01:02<00:39,  8.02it/s]
 56%|█████▋    | 411/729 [01:02<00:40,  7.79it/s]
 57%|█████▋    | 413/729 [01:02<00:46,  6.83it/s]
 57%|█████▋    | 414/729 [01:03<00:45,  6.87it/s]
 57%|█████▋    | 415/729 [01:03<00:51,  6.09it/s]
 57%|█████▋    | 416/729 [01:03<00:57,  5.40it/s]
 57%|█████▋    | 418/729 [01:03<00:43,  7.10it/s]
 58%|█████▊    | 420/729 [01:03<00:39,  7.80it/s]
 58%|█████▊    | 422/729 [01:04<00:31,  9.63it/s]
 58%|█████▊    | 424/729 [01:04<00:40,  7.53it/s]
 58%|█████▊    | 426/729 [01:04<00:37,  8.12it/s]
 59%|█████▊    | 428/729 [01:04<00:40,  7.45it/s]
 59%|█████▉    | 429/729 [01:05<00:47,  6.32it/s]
 59%|█████▉    | 430/729 [01:05<00:44,  6.69it/s]
 59%|█████▉    | 432/729 [01:05<00:34,  8.63it/s]
 60%|█████▉    | 434/729 [01:05<00:37,  7.94it/s]
 60%|█████▉    | 436/729 [01:05<00:30,  9.63it/s]
 60%|██████    | 438/729 [01:06<00:37,  7.68it/s]
 60%|██████    | 439/729 [01:06<00:44,  6.56it/s]
 60%|██████    | 440/729 [01:06<00:49,  5.85it/s]
 60%|██████    | 441/729 [01:06<00:55,  5.22it/s]
 61%|██████    | 442/729 [01:07<00:57,  4.98it/s]
 61%|██████    | 443/729 [01:07<01:01,  4.66it/s]
 61%|██████    | 445/729 [01:07<00:44,  6.38it/s]
 61%|██████    | 446/729 [01:07<00:48,  5.83it/s]
 61%|██████▏   | 447/729 [01:08<01:01,  4.60it/s]
 62%|██████▏   | 449/729 [01:08<00:51,  5.42it/s]
 62%|██████▏   | 450/729 [01:08<00:50,  5.56it/s]
 62%|██████▏   | 452/729 [01:08<00:40,  6.82it/s]
 62%|██████▏   | 454/729 [01:09<00:37,  7.28it/s]
 63%|██████▎   | 456/729 [01:09<00:30,  9.07it/s]
 63%|██████▎   | 458/729 [01:09<00:44,  6.08it/s]
 63%|██████▎   | 459/729 [01:09<00:48,  5.60it/s]
 63%|██████▎   | 460/729 [01:10<00:57,  4.68it/s]
 63%|██████▎   | 461/729 [01:10<01:17,  3.46it/s]
 63%|██████▎   | 462/729 [01:11<01:13,  3.63it/s]
 64%|██████▎   | 464/729 [01:11<00:52,  5.07it/s]
 64%|██████▍   | 466/729 [01:11<00:47,  5.59it/s]
 64%|██████▍   | 468/729 [01:11<00:43,  6.02it/s]
 64%|██████▍   | 470/729 [01:12<00:42,  6.06it/s]
 65%|██████▍   | 471/729 [01:12<00:41,  6.27it/s]
 65%|██████▍   | 473/729 [01:12<00:42,  6.03it/s]
 65%|██████▌   | 475/729 [01:12<00:36,  7.05it/s]
 65%|██████▌   | 476/729 [01:13<00:47,  5.33it/s]
 65%|██████▌   | 477/729 [01:13<00:42,  5.90it/s]
 66%|██████▌   | 478/729 [01:13<00:41,  6.11it/s]
 66%|██████▌   | 480/729 [01:13<00:34,  7.12it/s]
 66%|██████▌   | 482/729 [01:13<00:27,  9.08it/s]
 66%|██████▋   | 484/729 [01:14<00:31,  7.85it/s]
 67%|██████▋   | 485/729 [01:14<00:31,  7.78it/s]
 67%|██████▋   | 487/729 [01:14<00:26,  9.24it/s]
 67%|██████▋   | 489/729 [01:14<00:36,  6.56it/s]
 67%|██████▋   | 491/729 [01:15<00:35,  6.72it/s]
 68%|██████▊   | 493/729 [01:15<00:29,  7.87it/s]
 68%|██████▊   | 495/729 [01:15<00:24,  9.42it/s]
 68%|██████▊   | 497/729 [01:15<00:30,  7.73it/s]
 68%|██████▊   | 498/729 [01:15<00:29,  7.92it/s]
 68%|██████▊   | 499/729 [01:16<00:35,  6.57it/s]
 69%|██████▊   | 501/729 [01:16<00:28,  8.08it/s]
 69%|██████▉   | 502/729 [01:16<00:33,  6.79it/s]
 69%|██████▉   | 504/729 [01:16<00:25,  8.72it/s]
 69%|██████▉   | 506/729 [01:17<00:34,  6.50it/s]
 70%|██████▉   | 507/729 [01:17<00:41,  5.39it/s]
 70%|██████▉   | 509/729 [01:17<00:31,  7.01it/s]
 70%|███████   | 511/729 [01:17<00:28,  7.56it/s]
 70%|███████   | 513/729 [01:17<00:23,  9.13it/s]
 71%|███████   | 515/729 [01:18<00:27,  7.75it/s]
 71%|███████   | 517/729 [01:18<00:23,  8.91it/s]
 71%|███████   | 519/729 [01:18<00:28,  7.40it/s]
 71%|███████▏  | 520/729 [01:18<00:28,  7.45it/s]
 72%|███████▏  | 522/729 [01:19<00:29,  7.02it/s]
 72%|███████▏  | 523/729 [01:19<00:29,  7.01it/s]
 72%|███████▏  | 524/729 [01:19<00:36,  5.64it/s]
 72%|███████▏  | 526/729 [01:19<00:34,  5.96it/s]
 72%|███████▏  | 527/729 [01:20<00:38,  5.25it/s]
 73%|███████▎  | 529/729 [01:20<00:35,  5.70it/s]
 73%|███████▎  | 530/729 [01:20<00:40,  4.88it/s]
 73%|███████▎  | 532/729 [01:21<00:29,  6.60it/s]
 73%|███████▎  | 534/729 [01:21<00:28,  6.74it/s]
 73%|███████▎  | 535/729 [01:21<00:28,  6.89it/s]
 74%|███████▎  | 537/729 [01:21<00:27,  6.99it/s]
 74%|███████▍  | 538/729 [01:21<00:30,  6.17it/s]
 74%|███████▍  | 539/729 [01:22<00:37,  5.12it/s]
 74%|███████▍  | 541/729 [01:22<00:32,  5.82it/s]
 74%|███████▍  | 543/729 [01:22<00:27,  6.89it/s]
 75%|███████▍  | 544/729 [01:22<00:31,  5.91it/s]
 75%|███████▍  | 545/729 [01:23<00:32,  5.68it/s]
 75%|███████▍  | 546/729 [01:23<00:30,  6.06it/s]
 75%|███████▌  | 548/729 [01:23<00:23,  7.84it/s]
 75%|███████▌  | 550/729 [01:23<00:25,  7.11it/s]
 76%|███████▌  | 552/729 [01:23<00:21,  8.20it/s]
 76%|███████▌  | 553/729 [01:24<00:22,  7.79it/s]
 76%|███████▌  | 555/729 [01:24<00:24,  7.14it/s]
 76%|███████▋  | 556/729 [01:24<00:24,  7.15it/s]
 76%|███████▋  | 557/729 [01:24<00:28,  6.02it/s]
 77%|███████▋  | 559/729 [01:24<00:22,  7.59it/s]
 77%|███████▋  | 560/729 [01:25<00:27,  6.11it/s]
 77%|███████▋  | 561/729 [01:25<00:33,  5.07it/s]
 77%|███████▋  | 563/729 [01:25<00:31,  5.34it/s]
 77%|███████▋  | 564/729 [01:26<00:30,  5.34it/s]
 78%|███████▊  | 565/729 [01:26<00:27,  6.02it/s]
 78%|███████▊  | 566/729 [01:26<00:26,  6.23it/s]
 78%|███████▊  | 568/729 [01:26<00:19,  8.37it/s]
 78%|███████▊  | 570/729 [01:26<00:20,  7.66it/s]
 78%|███████▊  | 572/729 [01:27<00:21,  7.34it/s]
 79%|███████▊  | 574/729 [01:27<00:22,  6.88it/s]
 79%|███████▉  | 575/729 [01:27<00:25,  5.96it/s]
 79%|███████▉  | 577/729 [01:27<00:19,  7.68it/s]
 79%|███████▉  | 579/729 [01:28<00:19,  7.58it/s]
 80%|███████▉  | 580/729 [01:28<00:23,  6.42it/s]
 80%|███████▉  | 581/729 [01:28<00:23,  6.39it/s]
 80%|███████▉  | 583/729 [01:28<00:23,  6.29it/s]
 80%|████████  | 584/729 [01:28<00:23,  6.25it/s]
 80%|████████  | 586/729 [01:29<00:18,  7.77it/s]
 81%|████████  | 587/729 [01:29<00:18,  7.70it/s]
 81%|████████  | 588/729 [01:29<00:17,  7.92it/s]
 81%|████████  | 589/729 [01:29<00:17,  7.86it/s]
 81%|████████  | 591/729 [01:29<00:14,  9.46it/s]
 81%|████████  | 592/729 [01:29<00:19,  7.12it/s]
 81%|████████▏ | 594/729 [01:30<00:19,  7.10it/s]
 82%|████████▏ | 596/729 [01:30<00:19,  6.86it/s]
 82%|████████▏ | 598/729 [01:30<00:17,  7.42it/s]
 82%|████████▏ | 599/729 [01:30<00:19,  6.54it/s]
 82%|████████▏ | 600/729 [01:31<00:22,  5.62it/s]
 83%|████████▎ | 602/729 [01:31<00:22,  5.71it/s]
 83%|████████▎ | 603/729 [01:31<00:24,  5.20it/s]
 83%|████████▎ | 604/729 [01:32<00:25,  4.97it/s]
 83%|████████▎ | 605/729 [01:32<00:29,  4.28it/s]
 83%|████████▎ | 607/729 [01:32<00:19,  6.18it/s]
 84%|████████▎ | 609/729 [01:32<00:18,  6.35it/s]
 84%|████████▍ | 611/729 [01:32<00:14,  8.01it/s]
 84%|████████▍ | 613/729 [01:33<00:15,  7.58it/s]
 84%|████████▍ | 614/729 [01:33<00:15,  7.34it/s]
 84%|████████▍ | 616/729 [01:33<00:12,  9.02it/s]
 85%|████████▍ | 618/729 [01:33<00:10, 10.54it/s]
 85%|████████▌ | 620/729 [01:34<00:15,  6.88it/s]
 85%|████████▌ | 622/729 [01:34<00:13,  8.15it/s]
 86%|████████▌ | 624/729 [01:34<00:15,  6.88it/s]
 86%|████████▌ | 625/729 [01:34<00:15,  6.89it/s]
 86%|████████▌ | 627/729 [01:35<00:13,  7.39it/s]
 86%|████████▋ | 629/729 [01:35<00:12,  7.94it/s]
 86%|████████▋ | 630/729 [01:35<00:15,  6.31it/s]
 87%|████████▋ | 631/729 [01:35<00:17,  5.52it/s]
 87%|████████▋ | 632/729 [01:35<00:17,  5.65it/s]
 87%|████████▋ | 634/729 [01:36<00:13,  7.21it/s]
 87%|████████▋ | 635/729 [01:36<00:16,  5.79it/s]
 87%|████████▋ | 636/729 [01:36<00:17,  5.27it/s]
 87%|████████▋ | 637/729 [01:36<00:16,  5.43it/s]
 88%|████████▊ | 638/729 [01:37<00:18,  4.93it/s]
 88%|████████▊ | 639/729 [01:37<00:19,  4.65it/s]
 88%|████████▊ | 641/729 [01:37<00:13,  6.67it/s]
 88%|████████▊ | 643/729 [01:37<00:10,  8.35it/s]
 88%|████████▊ | 644/729 [01:37<00:10,  8.18it/s]
 89%|████████▊ | 646/729 [01:38<00:10,  7.67it/s]
 89%|████████▉ | 647/729 [01:38<00:10,  7.50it/s]
 89%|████████▉ | 649/729 [01:38<00:08,  8.93it/s]
 89%|████████▉ | 651/729 [01:38<00:07, 10.70it/s]
 90%|████████▉ | 653/729 [01:38<00:06, 12.17it/s]
 90%|████████▉ | 655/729 [01:38<00:08,  9.11it/s]
 90%|█████████ | 657/729 [01:39<00:09,  7.98it/s]
 90%|█████████ | 658/729 [01:39<00:10,  6.59it/s]
 90%|█████████ | 659/729 [01:39<00:09,  7.08it/s]
 91%|█████████ | 660/729 [01:39<00:11,  6.11it/s]
 91%|█████████ | 662/729 [01:40<00:09,  7.02it/s]
 91%|█████████ | 663/729 [01:40<00:09,  6.93it/s]
 91%|█████████ | 664/729 [01:40<00:08,  7.46it/s]
 91%|█████████▏| 666/729 [01:40<00:06,  9.12it/s]
 91%|█████████▏| 667/729 [01:40<00:08,  7.15it/s]
 92%|█████████▏| 669/729 [01:41<00:08,  6.89it/s]
 92%|█████████▏| 671/729 [01:41<00:09,  6.06it/s]
 92%|█████████▏| 673/729 [01:41<00:07,  7.44it/s]
 92%|█████████▏| 674/729 [01:41<00:07,  7.27it/s]
 93%|█████████▎| 676/729 [01:41<00:06,  7.79it/s]
 93%|█████████▎| 678/729 [01:42<00:07,  7.13it/s]
 93%|█████████▎| 680/729 [01:42<00:07,  6.51it/s]
 94%|█████████▎| 682/729 [01:42<00:06,  7.76it/s]
 94%|█████████▎| 683/729 [01:43<00:07,  5.75it/s]
 94%|█████████▍| 684/729 [01:43<00:08,  5.13it/s]
 94%|█████████▍| 685/729 [01:43<00:09,  4.76it/s]
 94%|█████████▍| 687/729 [01:43<00:07,  5.76it/s]
 95%|█████████▍| 689/729 [01:44<00:06,  5.77it/s]
 95%|█████████▍| 691/729 [01:44<00:05,  7.06it/s]
 95%|█████████▍| 692/729 [01:44<00:06,  5.88it/s]
 95%|█████████▌| 694/729 [01:44<00:04,  7.63it/s]
 95%|█████████▌| 696/729 [01:45<00:04,  7.17it/s]
 96%|█████████▌| 698/729 [01:45<00:03,  8.40it/s]
 96%|█████████▌| 700/729 [01:45<00:02,  9.96it/s]
 96%|█████████▋| 702/729 [01:45<00:03,  8.70it/s]
 97%|█████████▋| 704/729 [01:45<00:02, 10.14it/s]
 97%|█████████▋| 706/729 [01:46<00:02,  8.47it/s]
 97%|█████████▋| 708/729 [01:46<00:02,  9.24it/s]
 97%|█████████▋| 710/729 [01:46<00:02,  7.66it/s]
 98%|█████████▊| 711/729 [01:46<00:02,  7.58it/s]
 98%|█████████▊| 713/729 [01:47<00:01,  8.14it/s]
 98%|█████████▊| 715/729 [01:47<00:01,  8.70it/s]
 98%|█████████▊| 717/729 [01:47<00:01, 10.12it/s]
 99%|█████████▊| 719/729 [01:47<00:01,  8.33it/s]
 99%|█████████▉| 720/729 [01:47<00:01,  8.16it/s]
 99%|█████████▉| 721/729 [01:48<00:01,  6.98it/s]
 99%|█████████▉| 722/729 [01:48<00:01,  6.05it/s]
 99%|█████████▉| 723/729 [01:48<00:01,  5.82it/s]
 99%|█████████▉| 725/729 [01:48<00:00,  6.55it/s]
100%|█████████▉| 727/729 [01:49<00:00,  6.35it/s]
100%|██████████| 729/729 [01:49<00:00,  6.97it/s]
100%|██████████| 729/729 [01:49<00:00,  6.65it/s]
  P(true) judge for gemma-math (1000 rows)...

  0%|          | 0/1000 [00:00<?, ?it/s]
  0%|          | 3/1000 [00:00<00:45, 22.00it/s]
  1%|          | 6/1000 [00:00<00:52, 18.93it/s]
  1%|          | 8/1000 [00:00<00:54, 18.35it/s]
  1%|          | 10/1000 [00:00<00:54, 18.07it/s]
  1%|          | 12/1000 [00:00<00:55, 17.92it/s]
  1%|▏         | 14/1000 [00:00<00:55, 17.72it/s]
  2%|▏         | 16/1000 [00:00<00:55, 17.58it/s]
  2%|▏         | 18/1000 [00:01<00:57, 17.16it/s]
  2%|▏         | 20/1000 [00:01<00:57, 17.05it/s]
  2%|▏         | 22/1000 [00:01<00:57, 17.07it/s]
  2%|▏         | 24/1000 [00:01<00:56, 17.17it/s]
  3%|▎         | 26/1000 [00:01<00:56, 17.21it/s]
  3%|▎         | 28/1000 [00:01<00:56, 17.32it/s]
  3%|▎         | 30/1000 [00:01<00:55, 17.37it/s]
  3%|▎         | 32/1000 [00:01<00:55, 17.41it/s]
  3%|▎         | 34/1000 [00:01<00:55, 17.40it/s]
  4%|▎         | 36/1000 [00:02<00:55, 17.34it/s]
  4%|▍         | 38/1000 [00:02<00:55, 17.42it/s]
  4%|▍         | 40/1000 [00:02<00:55, 17.20it/s]
  4%|▍         | 42/1000 [00:02<00:55, 17.16it/s]
  4%|▍         | 44/1000 [00:02<00:55, 17.19it/s]
  5%|▍         | 46/1000 [00:02<00:55, 17.06it/s]
  5%|▍         | 48/1000 [00:02<00:55, 17.25it/s]
  5%|▌         | 50/1000 [00:02<00:55, 17.26it/s]
  5%|▌         | 52/1000 [00:02<00:55, 17.14it/s]
  5%|▌         | 54/1000 [00:03<00:55, 17.10it/s]
  6%|▌         | 56/1000 [00:03<00:54, 17.20it/s]
  6%|▌         | 58/1000 [00:03<00:54, 17.28it/s]
  6%|▌         | 60/1000 [00:03<00:54, 17.31it/s]
  6%|▌         | 62/1000 [00:03<00:54, 17.36it/s]
  6%|▋         | 64/1000 [00:03<00:53, 17.42it/s]
  7%|▋         | 66/1000 [00:03<00:53, 17.50it/s]
  7%|▋         | 68/1000 [00:03<00:53, 17.56it/s]
  7%|▋         | 70/1000 [00:04<00:52, 17.55it/s]
  7%|▋         | 72/1000 [00:04<00:53, 17.33it/s]
  7%|▋         | 74/1000 [00:04<00:53, 17.40it/s]
  8%|▊         | 76/1000 [00:04<00:53, 17.37it/s]
  8%|▊         | 78/1000 [00:04<00:52, 17.42it/s]
  8%|▊         | 80/1000 [00:04<00:53, 17.33it/s]
  8%|▊         | 82/1000 [00:04<00:52, 17.40it/s]
  8%|▊         | 84/1000 [00:04<00:52, 17.43it/s]
  9%|▊         | 86/1000 [00:04<00:52, 17.34it/s]
  9%|▉         | 88/1000 [00:05<00:52, 17.35it/s]
  9%|▉         | 90/1000 [00:05<00:52, 17.45it/s]
  9%|▉         | 92/1000 [00:05<00:52, 17.38it/s]
  9%|▉         | 94/1000 [00:05<00:51, 17.45it/s]
 10%|▉         | 96/1000 [00:05<00:51, 17.42it/s]
 10%|▉         | 98/1000 [00:05<00:51, 17.52it/s]
 10%|█         | 100/1000 [00:05<00:51, 17.31it/s]
 10%|█         | 102/1000 [00:05<00:51, 17.32it/s]
 10%|█         | 104/1000 [00:05<00:51, 17.43it/s]
 11%|█         | 106/1000 [00:06<00:51, 17.41it/s]
 11%|█         | 108/1000 [00:06<00:51, 17.34it/s]
 11%|█         | 110/1000 [00:06<00:51, 17.34it/s]
 11%|█         | 112/1000 [00:06<00:51, 17.41it/s]
 11%|█▏        | 114/1000 [00:06<00:50, 17.40it/s]
 12%|█▏        | 116/1000 [00:06<00:50, 17.41it/s]
 12%|█▏        | 118/1000 [00:06<00:50, 17.45it/s]
 12%|█▏        | 120/1000 [00:06<00:50, 17.52it/s]
 12%|█▏        | 122/1000 [00:06<00:50, 17.54it/s]
 12%|█▏        | 124/1000 [00:07<00:50, 17.44it/s]
 13%|█▎        | 126/1000 [00:07<00:50, 17.40it/s]
 13%|█▎        | 128/1000 [00:07<00:50, 17.28it/s]
 13%|█▎        | 130/1000 [00:07<00:50, 17.30it/s]
 13%|█▎        | 132/1000 [00:07<00:50, 17.27it/s]
 13%|█▎        | 134/1000 [00:07<00:50, 17.07it/s]
 14%|█▎        | 136/1000 [00:07<00:50, 17.26it/s]
 14%|█▍        | 138/1000 [00:07<00:49, 17.28it/s]
 14%|█▍        | 140/1000 [00:08<00:49, 17.41it/s]
 14%|█▍        | 142/1000 [00:08<00:49, 17.42it/s]
 14%|█▍        | 144/1000 [00:08<00:49, 17.41it/s]
 15%|█▍        | 146/1000 [00:08<00:49, 17.38it/s]
 15%|█▍        | 148/1000 [00:08<00:48, 17.48it/s]
 15%|█▌        | 150/1000 [00:08<00:48, 17.50it/s]
 15%|█▌        | 152/1000 [00:08<00:48, 17.56it/s]
 15%|█▌        | 154/1000 [00:08<00:48, 17.56it/s]
 16%|█▌        | 156/1000 [00:08<00:48, 17.30it/s]
 16%|█▌        | 158/1000 [00:09<00:58, 14.33it/s]
 16%|█▌        | 160/1000 [00:09<00:55, 15.12it/s]
 16%|█▌        | 162/1000 [00:09<00:53, 15.69it/s]
 16%|█▋        | 164/1000 [00:09<00:51, 16.21it/s]
 17%|█▋        | 166/1000 [00:09<00:50, 16.53it/s]
 17%|█▋        | 168/1000 [00:09<00:49, 16.74it/s]
 17%|█▋        | 170/1000 [00:09<00:48, 16.98it/s]
 17%|█▋        | 172/1000 [00:09<00:48, 17.16it/s]
 17%|█▋        | 174/1000 [00:10<00:47, 17.24it/s]
 18%|█▊        | 176/1000 [00:10<00:47, 17.28it/s]
 18%|█▊        | 178/1000 [00:10<00:47, 17.34it/s]
 18%|█▊        | 180/1000 [00:10<00:47, 17.31it/s]
 18%|█▊        | 182/1000 [00:10<00:47, 17.34it/s]
 18%|█▊        | 184/1000 [00:10<00:47, 17.28it/s]
 19%|█▊        | 186/1000 [00:10<00:47, 17.22it/s]
 19%|█▉        | 188/1000 [00:10<00:47, 17.18it/s]
 19%|█▉        | 190/1000 [00:11<00:47, 17.13it/s]
 19%|█▉        | 192/1000 [00:11<00:46, 17.21it/s]
 19%|█▉        | 194/1000 [00:11<00:46, 17.29it/s]
 20%|█▉        | 196/1000 [00:11<00:46, 17.40it/s]
 20%|█▉        | 198/1000 [00:11<00:45, 17.50it/s]
 20%|██        | 200/1000 [00:11<00:45, 17.54it/s]
 20%|██        | 202/1000 [00:11<00:45, 17.57it/s]
 20%|██        | 204/1000 [00:11<00:45, 17.58it/s]
 21%|██        | 206/1000 [00:11<00:45, 17.54it/s]
 21%|██        | 208/1000 [00:12<00:45, 17.44it/s]
 21%|██        | 210/1000 [00:12<00:45, 17.31it/s]
 21%|██        | 212/1000 [00:12<00:45, 17.22it/s]
 21%|██▏       | 214/1000 [00:12<00:45, 17.25it/s]
 22%|██▏       | 216/1000 [00:12<00:45, 17.25it/s]
 22%|██▏       | 218/1000 [00:12<00:45, 17.24it/s]
 22%|██▏       | 220/1000 [00:12<00:45, 17.30it/s]
 22%|██▏       | 222/1000 [00:12<00:45, 17.29it/s]
 22%|██▏       | 224/1000 [00:12<00:44, 17.33it/s]
 23%|██▎       | 226/1000 [00:13<00:44, 17.39it/s]
 23%|██▎       | 228/1000 [00:13<00:44, 17.40it/s]
 23%|██▎       | 230/1000 [00:13<00:44, 17.47it/s]
 23%|██▎       | 232/1000 [00:13<00:43, 17.48it/s]
 23%|██▎       | 234/1000 [00:13<00:44, 17.37it/s]
 24%|██▎       | 236/1000 [00:13<00:43, 17.40it/s]
 24%|██▍       | 238/1000 [00:13<00:44, 17.14it/s]
 24%|██▍       | 240/1000 [00:13<00:44, 17.06it/s]
 24%|██▍       | 242/1000 [00:14<00:44, 17.06it/s]
 24%|██▍       | 244/1000 [00:14<00:44, 16.99it/s]
 25%|██▍       | 246/1000 [00:14<00:44, 17.04it/s]
 25%|██▍       | 248/1000 [00:14<00:44, 17.07it/s]
 25%|██▌       | 250/1000 [00:14<00:43, 17.05it/s]
 25%|██▌       | 252/1000 [00:14<00:44, 16.92it/s]
 25%|██▌       | 254/1000 [00:14<00:43, 17.02it/s]
 26%|██▌       | 256/1000 [00:14<00:43, 17.14it/s]
 26%|██▌       | 258/1000 [00:14<00:43, 17.14it/s]
 26%|██▌       | 260/1000 [00:15<00:42, 17.21it/s]
 26%|██▌       | 262/1000 [00:15<00:42, 17.26it/s]
 26%|██▋       | 264/1000 [00:15<00:42, 17.23it/s]
 27%|██▋       | 266/1000 [00:15<00:42, 17.29it/s]
 27%|██▋       | 268/1000 [00:15<00:42, 17.15it/s]
 27%|██▋       | 270/1000 [00:15<00:42, 17.22it/s]
 27%|██▋       | 272/1000 [00:15<00:42, 17.29it/s]
 27%|██▋       | 274/1000 [00:15<00:41, 17.31it/s]
 28%|██▊       | 276/1000 [00:15<00:41, 17.31it/s]
 28%|██▊       | 278/1000 [00:16<00:41, 17.31it/s]
 28%|██▊       | 280/1000 [00:16<00:41, 17.22it/s]
 28%|██▊       | 282/1000 [00:16<00:41, 17.25it/s]
 28%|██▊       | 284/1000 [00:16<00:41, 17.26it/s]
 29%|██▊       | 286/1000 [00:16<00:41, 17.33it/s]
 29%|██▉       | 288/1000 [00:16<00:41, 17.33it/s]
 29%|██▉       | 290/1000 [00:16<00:41, 17.21it/s]
 29%|██▉       | 292/1000 [00:16<00:40, 17.28it/s]
 29%|██▉       | 294/1000 [00:17<00:40, 17.34it/s]
 30%|██▉       | 296/1000 [00:17<00:40, 17.27it/s]
 30%|██▉       | 298/1000 [00:17<00:40, 17.36it/s]
 30%|███       | 300/1000 [00:17<00:40, 17.41it/s]
 30%|███       | 302/1000 [00:17<00:39, 17.46it/s]
 30%|███       | 304/1000 [00:17<00:39, 17.49it/s]
 31%|███       | 306/1000 [00:17<00:39, 17.46it/s]
 31%|███       | 308/1000 [00:17<00:39, 17.41it/s]
 31%|███       | 310/1000 [00:17<00:39, 17.40it/s]
 31%|███       | 312/1000 [00:18<00:39, 17.30it/s]
 31%|███▏      | 314/1000 [00:18<00:39, 17.36it/s]
 32%|███▏      | 316/1000 [00:18<00:39, 17.29it/s]
 32%|███▏      | 318/1000 [00:18<00:39, 17.34it/s]
 32%|███▏      | 320/1000 [00:18<00:39, 17.40it/s]
 32%|███▏      | 322/1000 [00:18<00:38, 17.39it/s]
 32%|███▏      | 324/1000 [00:18<00:39, 17.30it/s]
 33%|███▎      | 326/1000 [00:18<00:38, 17.41it/s]
 33%|███▎      | 328/1000 [00:18<00:38, 17.48it/s]
 33%|███▎      | 330/1000 [00:19<00:38, 17.36it/s]
 33%|███▎      | 332/1000 [00:19<00:38, 17.19it/s]
 33%|███▎      | 334/1000 [00:19<00:38, 17.21it/s]
 34%|███▎      | 336/1000 [00:19<00:38, 17.33it/s]
 34%|███▍      | 338/1000 [00:19<00:38, 17.35it/s]
 34%|███▍      | 340/1000 [00:19<00:37, 17.38it/s]
 34%|███▍      | 342/1000 [00:19<00:37, 17.44it/s]
 34%|███▍      | 344/1000 [00:19<00:37, 17.37it/s]
 35%|███▍      | 346/1000 [00:20<00:37, 17.45it/s]
 35%|███▍      | 348/1000 [00:20<00:37, 17.48it/s]
 35%|███▌      | 350/1000 [00:20<00:37, 17.41it/s]
 35%|███▌      | 352/1000 [00:20<00:37, 17.34it/s]
 35%|███▌      | 354/1000 [00:20<00:36, 17.48it/s]
 36%|███▌      | 356/1000 [00:20<00:37, 17.40it/s]
 36%|███▌      | 358/1000 [00:20<00:36, 17.48it/s]
 36%|███▌      | 360/1000 [00:20<00:36, 17.48it/s]
 36%|███▌      | 362/1000 [00:20<00:36, 17.54it/s]
 36%|███▋      | 364/1000 [00:21<00:36, 17.48it/s]
 37%|███▋      | 366/1000 [00:21<00:36, 17.22it/s]
 37%|███▋      | 368/1000 [00:21<00:36, 17.34it/s]
 37%|███▋      | 370/1000 [00:21<00:36, 17.34it/s]
 37%|███▋      | 372/1000 [00:21<00:36, 17.41it/s]
 37%|███▋      | 374/1000 [00:21<00:35, 17.49it/s]
 38%|███▊      | 376/1000 [00:21<00:35, 17.57it/s]
 38%|███▊      | 378/1000 [00:21<00:35, 17.53it/s]
 38%|███▊      | 380/1000 [00:22<00:42, 14.53it/s]
 38%|███▊      | 382/1000 [00:22<00:41, 15.03it/s]
 38%|███▊      | 384/1000 [00:22<00:39, 15.69it/s]
 39%|███▊      | 386/1000 [00:22<00:37, 16.19it/s]
 39%|███▉      | 388/1000 [00:22<00:36, 16.59it/s]
 39%|███▉      | 390/1000 [00:22<00:36, 16.88it/s]
 39%|███▉      | 392/1000 [00:22<00:35, 17.09it/s]
 39%|███▉      | 394/1000 [00:22<00:35, 17.23it/s]
 40%|███▉      | 396/1000 [00:22<00:34, 17.35it/s]
 40%|███▉      | 398/1000 [00:23<00:34, 17.39it/s]
 40%|████      | 400/1000 [00:23<00:34, 17.44it/s]
 40%|████      | 402/1000 [00:23<00:34, 17.34it/s]
 40%|████      | 404/1000 [00:23<00:34, 17.36it/s]
 41%|████      | 406/1000 [00:23<00:34, 17.26it/s]
 41%|████      | 408/1000 [00:23<00:34, 17.15it/s]
 41%|████      | 410/1000 [00:23<00:34, 17.28it/s]
 41%|████      | 412/1000 [00:23<00:33, 17.36it/s]
 41%|████▏     | 414/1000 [00:23<00:33, 17.38it/s]
 42%|████▏     | 416/1000 [00:24<00:33, 17.42it/s]
 42%|████▏     | 418/1000 [00:24<00:33, 17.46it/s]
 42%|████▏     | 420/1000 [00:24<00:33, 17.51it/s]
 42%|████▏     | 422/1000 [00:24<00:32, 17.56it/s]
 42%|████▏     | 424/1000 [00:24<00:32, 17.54it/s]
 43%|████▎     | 426/1000 [00:24<00:32, 17.54it/s]
 43%|████▎     | 428/1000 [00:24<00:32, 17.59it/s]
 43%|████▎     | 430/1000 [00:24<00:32, 17.56it/s]
 43%|████▎     | 432/1000 [00:25<00:32, 17.52it/s]
 43%|████▎     | 434/1000 [00:25<00:32, 17.51it/s]
 44%|████▎     | 436/1000 [00:25<00:32, 17.35it/s]
 44%|████▍     | 438/1000 [00:25<00:32, 17.43it/s]
 44%|████▍     | 440/1000 [00:25<00:32, 17.45it/s]
 44%|████▍     | 442/1000 [00:25<00:31, 17.52it/s]
 44%|████▍     | 444/1000 [00:25<00:31, 17.50it/s]
 45%|████▍     | 446/1000 [00:25<00:31, 17.50it/s]
 45%|████▍     | 448/1000 [00:25<00:31, 17.48it/s]
 45%|████▌     | 450/1000 [00:26<00:31, 17.52it/s]
 45%|████▌     | 452/1000 [00:26<00:31, 17.52it/s]
 45%|████▌     | 454/1000 [00:26<00:31, 17.48it/s]
 46%|████▌     | 456/1000 [00:26<00:31, 17.46it/s]
 46%|████▌     | 458/1000 [00:26<00:30, 17.49it/s]
 46%|████▌     | 460/1000 [00:26<00:31, 17.28it/s]
 46%|████▌     | 462/1000 [00:26<00:31, 17.22it/s]
 46%|████▋     | 464/1000 [00:26<00:31, 17.15it/s]
 47%|████▋     | 466/1000 [00:26<00:31, 17.22it/s]
 47%|████▋     | 468/1000 [00:27<00:30, 17.23it/s]
 47%|████▋     | 470/1000 [00:27<00:30, 17.24it/s]
 47%|████▋     | 472/1000 [00:27<00:30, 17.28it/s]
 47%|████▋     | 474/1000 [00:27<00:30, 17.32it/s]
 48%|████▊     | 476/1000 [00:27<00:30, 17.37it/s]
 48%|████▊     | 478/1000 [00:27<00:29, 17.45it/s]
 48%|████▊     | 480/1000 [00:27<00:35, 14.60it/s]
 48%|████▊     | 482/1000 [00:27<00:33, 15.26it/s]
 48%|████▊     | 484/1000 [00:28<00:32, 15.89it/s]
 49%|████▊     | 486/1000 [00:28<00:31, 16.38it/s]
 49%|████▉     | 488/1000 [00:28<00:30, 16.67it/s]
 49%|████▉     | 490/1000 [00:28<00:30, 16.97it/s]
 49%|████▉     | 492/1000 [00:28<00:29, 17.01it/s]
 49%|████▉     | 494/1000 [00:28<00:29, 17.02it/s]
 50%|████▉     | 496/1000 [00:28<00:29, 17.10it/s]
 50%|████▉     | 498/1000 [00:28<00:29, 17.22it/s]
 50%|█████     | 500/1000 [00:29<00:28, 17.26it/s]
 50%|█████     | 502/1000 [00:29<00:28, 17.32it/s]
 50%|█████     | 504/1000 [00:29<00:28, 17.19it/s]
 51%|█████     | 506/1000 [00:29<00:28, 17.29it/s]
 51%|█████     | 508/1000 [00:29<00:28, 17.35it/s]
 51%|█████     | 510/1000 [00:29<00:28, 17.39it/s]
 51%|█████     | 512/1000 [00:29<00:28, 17.34it/s]
 51%|█████▏    | 514/1000 [00:29<00:28, 17.27it/s]
 52%|█████▏    | 516/1000 [00:29<00:28, 17.27it/s]
 52%|█████▏    | 518/1000 [00:30<00:27, 17.30it/s]
 52%|█████▏    | 520/1000 [00:30<00:28, 17.13it/s]
 52%|█████▏    | 522/1000 [00:30<00:27, 17.13it/s]
 52%|█████▏    | 524/1000 [00:30<00:27, 17.17it/s]
 53%|█████▎    | 526/1000 [00:30<00:27, 17.25it/s]
 53%|█████▎    | 528/1000 [00:30<00:27, 17.32it/s]
 53%|█████▎    | 530/1000 [00:30<00:27, 17.35it/s]
 53%|█████▎    | 532/1000 [00:30<00:27, 17.22it/s]
 53%|█████▎    | 534/1000 [00:30<00:27, 17.19it/s]
 54%|█████▎    | 536/1000 [00:31<00:26, 17.20it/s]
 54%|█████▍    | 538/1000 [00:31<00:26, 17.26it/s]
 54%|█████▍    | 540/1000 [00:31<00:26, 17.32it/s]
 54%|█████▍    | 542/1000 [00:31<00:26, 17.39it/s]
 54%|█████▍    | 544/1000 [00:31<00:26, 17.34it/s]
 55%|█████▍    | 546/1000 [00:31<00:26, 17.33it/s]
 55%|█████▍    | 548/1000 [00:31<00:26, 17.27it/s]
 55%|█████▌    | 550/1000 [00:31<00:25, 17.37it/s]
 55%|█████▌    | 552/1000 [00:32<00:25, 17.42it/s]
 55%|█████▌    | 554/1000 [00:32<00:25, 17.46it/s]
 56%|█████▌    | 556/1000 [00:32<00:25, 17.39it/s]
 56%|█████▌    | 558/1000 [00:32<00:25, 17.43it/s]
 56%|█████▌    | 560/1000 [00:32<00:25, 17.46it/s]
 56%|█████▌    | 562/1000 [00:32<00:25, 17.41it/s]
 56%|█████▋    | 564/1000 [00:32<00:25, 17.32it/s]
 57%|█████▋    | 566/1000 [00:32<00:25, 17.35it/s]
 57%|█████▋    | 568/1000 [00:32<00:24, 17.42it/s]
 57%|█████▋    | 570/1000 [00:33<00:24, 17.47it/s]
 57%|█████▋    | 572/1000 [00:33<00:24, 17.49it/s]
 57%|█████▋    | 574/1000 [00:33<00:24, 17.39it/s]
 58%|█████▊    | 576/1000 [00:33<00:24, 17.17it/s]
 58%|█████▊    | 578/1000 [00:33<00:24, 17.26it/s]
 58%|█████▊    | 580/1000 [00:33<00:24, 17.25it/s]
 58%|█████▊    | 582/1000 [00:33<00:24, 17.23it/s]
 58%|█████▊    | 584/1000 [00:33<00:24, 17.29it/s]
 59%|█████▊    | 586/1000 [00:33<00:23, 17.33it/s]
 59%|█████▉    | 588/1000 [00:34<00:23, 17.38it/s]
 59%|█████▉    | 590/1000 [00:34<00:23, 17.38it/s]
 59%|█████▉    | 592/1000 [00:34<00:23, 17.42it/s]
 59%|█████▉    | 594/1000 [00:34<00:23, 17.44it/s]
 60%|█████▉    | 596/1000 [00:34<00:23, 17.45it/s]
 60%|█████▉    | 598/1000 [00:34<00:23, 17.45it/s]
 60%|██████    | 600/1000 [00:34<00:22, 17.46it/s]
 60%|██████    | 602/1000 [00:34<00:22, 17.34it/s]
 60%|██████    | 604/1000 [00:35<00:22, 17.27it/s]
 61%|██████    | 606/1000 [00:35<00:22, 17.26it/s]
 61%|██████    | 608/1000 [00:35<00:22, 17.30it/s]
 61%|██████    | 610/1000 [00:35<00:22, 17.35it/s]
 61%|██████    | 612/1000 [00:35<00:22, 17.35it/s]
 61%|██████▏   | 614/1000 [00:35<00:22, 17.39it/s]
 62%|██████▏   | 616/1000 [00:35<00:22, 17.40it/s]
 62%|██████▏   | 618/1000 [00:35<00:21, 17.43it/s]
 62%|██████▏   | 620/1000 [00:35<00:21, 17.48it/s]
 62%|██████▏   | 622/1000 [00:36<00:21, 17.48it/s]
 62%|██████▏   | 624/1000 [00:36<00:21, 17.50it/s]
 63%|██████▎   | 626/1000 [00:36<00:21, 17.44it/s]
 63%|██████▎   | 628/1000 [00:36<00:21, 17.51it/s]
 63%|██████▎   | 630/1000 [00:36<00:21, 17.48it/s]
 63%|██████▎   | 632/1000 [00:36<00:21, 17.35it/s]
 63%|██████▎   | 634/1000 [00:36<00:20, 17.44it/s]
 64%|██████▎   | 636/1000 [00:36<00:20, 17.51it/s]
 64%|██████▍   | 638/1000 [00:36<00:20, 17.53it/s]
 64%|██████▍   | 640/1000 [00:37<00:20, 17.56it/s]
 64%|██████▍   | 642/1000 [00:37<00:20, 17.59it/s]
 64%|██████▍   | 644/1000 [00:37<00:20, 17.46it/s]
 65%|██████▍   | 646/1000 [00:37<00:20, 17.55it/s]
 65%|██████▍   | 648/1000 [00:37<00:20, 17.54it/s]
 65%|██████▌   | 650/1000 [00:37<00:20, 17.47it/s]
 65%|██████▌   | 652/1000 [00:37<00:19, 17.54it/s]
 65%|██████▌   | 654/1000 [00:37<00:19, 17.58it/s]
 66%|██████▌   | 656/1000 [00:37<00:19, 17.64it/s]
 66%|██████▌   | 658/1000 [00:38<00:19, 17.64it/s]
 66%|██████▌   | 660/1000 [00:38<00:19, 17.49it/s]
 66%|██████▌   | 662/1000 [00:38<00:19, 17.34it/s]
 66%|██████▋   | 664/1000 [00:38<00:19, 17.48it/s]
 67%|██████▋   | 666/1000 [00:38<00:18, 17.58it/s]
 67%|██████▋   | 668/1000 [00:38<00:18, 17.59it/s]
 67%|██████▋   | 670/1000 [00:38<00:18, 17.64it/s]
 67%|██████▋   | 672/1000 [00:38<00:18, 17.62it/s]
 67%|██████▋   | 674/1000 [00:39<00:18, 17.55it/s]
 68%|██████▊   | 676/1000 [00:39<00:18, 17.55it/s]
 68%|██████▊   | 678/1000 [00:39<00:18, 17.59it/s]
 68%|██████▊   | 680/1000 [00:39<00:18, 17.46it/s]
 68%|██████▊   | 682/1000 [00:39<00:18, 17.52it/s]
 68%|██████▊   | 684/1000 [00:39<00:18, 17.45it/s]
 69%|██████▊   | 686/1000 [00:39<00:17, 17.49it/s]
 69%|██████▉   | 688/1000 [00:39<00:17, 17.35it/s]
 69%|██████▉   | 690/1000 [00:39<00:17, 17.42it/s]
 69%|██████▉   | 692/1000 [00:40<00:17, 17.37it/s]
 69%|██████▉   | 694/1000 [00:40<00:17, 17.34it/s]
 70%|██████▉   | 696/1000 [00:40<00:17, 17.33it/s]
 70%|██████▉   | 698/1000 [00:40<00:17, 17.32it/s]
 70%|███████   | 700/1000 [00:40<00:17, 17.44it/s]
 70%|███████   | 702/1000 [00:40<00:17, 17.45it/s]
 70%|███████   | 704/1000 [00:40<00:16, 17.54it/s]
 71%|███████   | 706/1000 [00:40<00:16, 17.58it/s]
 71%|███████   | 708/1000 [00:40<00:16, 17.62it/s]
 71%|███████   | 710/1000 [00:41<00:16, 17.57it/s]
 71%|███████   | 712/1000 [00:41<00:16, 17.52it/s]
 71%|███████▏  | 714/1000 [00:41<00:16, 17.57it/s]
 72%|███████▏  | 716/1000 [00:41<00:16, 17.45it/s]
 72%|███████▏  | 718/1000 [00:41<00:16, 17.50it/s]
 72%|███████▏  | 720/1000 [00:41<00:15, 17.54it/s]
 72%|███████▏  | 722/1000 [00:41<00:15, 17.55it/s]
 72%|███████▏  | 724/1000 [00:41<00:15, 17.57it/s]
 73%|███████▎  | 726/1000 [00:41<00:15, 17.61it/s]
 73%|███████▎  | 728/1000 [00:42<00:15, 17.55it/s]
 73%|███████▎  | 730/1000 [00:42<00:18, 14.52it/s]
 73%|███████▎  | 732/1000 [00:42<00:17, 15.19it/s]
 73%|███████▎  | 734/1000 [00:42<00:16, 15.78it/s]
 74%|███████▎  | 736/1000 [00:42<00:16, 16.30it/s]
 74%|███████▍  | 738/1000 [00:42<00:15, 16.69it/s]
 74%|███████▍  | 740/1000 [00:42<00:15, 16.94it/s]
 74%|███████▍  | 742/1000 [00:42<00:15, 17.09it/s]
 74%|███████▍  | 744/1000 [00:43<00:15, 17.06it/s]
 75%|███████▍  | 746/1000 [00:43<00:14, 17.21it/s]
 75%|███████▍  | 748/1000 [00:43<00:14, 17.34it/s]
 75%|███████▌  | 750/1000 [00:43<00:14, 17.40it/s]
 75%|███████▌  | 752/1000 [00:43<00:14, 17.35it/s]
 75%|███████▌  | 754/1000 [00:43<00:14, 17.37it/s]
 76%|███████▌  | 756/1000 [00:43<00:13, 17.46it/s]
 76%|███████▌  | 758/1000 [00:43<00:13, 17.53it/s]
 76%|███████▌  | 760/1000 [00:44<00:13, 17.54it/s]
 76%|███████▌  | 762/1000 [00:44<00:13, 17.55it/s]
 76%|███████▋  | 764/1000 [00:44<00:13, 17.55it/s]
 77%|███████▋  | 766/1000 [00:44<00:13, 17.60it/s]
 77%|███████▋  | 768/1000 [00:44<00:13, 17.36it/s]
 77%|███████▋  | 770/1000 [00:44<00:13, 17.44it/s]
 77%|███████▋  | 772/1000 [00:44<00:13, 17.31it/s]
 77%|███████▋  | 774/1000 [00:44<00:13, 17.37it/s]
 78%|███████▊  | 776/1000 [00:44<00:12, 17.45it/s]
 78%|███████▊  | 778/1000 [00:45<00:12, 17.46it/s]
 78%|███████▊  | 780/1000 [00:45<00:12, 17.52it/s]
 78%|███████▊  | 782/1000 [00:45<00:12, 17.51it/s]
 78%|███████▊  | 784/1000 [00:45<00:12, 17.39it/s]
 79%|███████▊  | 786/1000 [00:45<00:12, 17.44it/s]
 79%|███████▉  | 788/1000 [00:45<00:12, 17.41it/s]
 79%|███████▉  | 790/1000 [00:45<00:12, 17.42it/s]
 79%|███████▉  | 792/1000 [00:45<00:11, 17.42it/s]
 79%|███████▉  | 794/1000 [00:45<00:11, 17.25it/s]
 80%|███████▉  | 796/1000 [00:46<00:11, 17.32it/s]
 80%|███████▉  | 798/1000 [00:46<00:11, 17.33it/s]
 80%|████████  | 800/1000 [00:46<00:11, 17.14it/s]
 80%|████████  | 802/1000 [00:46<00:11, 17.28it/s]
 80%|████████  | 804/1000 [00:46<00:11, 17.26it/s]
 81%|████████  | 806/1000 [00:46<00:11, 17.22it/s]
 81%|████████  | 808/1000 [00:46<00:11, 17.28it/s]
 81%|████████  | 810/1000 [00:46<00:11, 17.23it/s]
 81%|████████  | 812/1000 [00:47<00:10, 17.23it/s]
 81%|████████▏ | 814/1000 [00:47<00:10, 17.24it/s]
 82%|████████▏ | 816/1000 [00:47<00:10, 17.16it/s]
 82%|████████▏ | 818/1000 [00:47<00:10, 17.23it/s]
 82%|████████▏ | 820/1000 [00:47<00:10, 17.21it/s]
 82%|████████▏ | 822/1000 [00:47<00:10, 17.29it/s]
 82%|████████▏ | 824/1000 [00:47<00:10, 17.27it/s]
 83%|████████▎ | 826/1000 [00:47<00:10, 17.30it/s]
 83%|████████▎ | 828/1000 [00:47<00:09, 17.24it/s]
 83%|████████▎ | 830/1000 [00:48<00:09, 17.29it/s]
 83%|████████▎ | 832/1000 [00:48<00:09, 17.28it/s]
 83%|████████▎ | 834/1000 [00:48<00:09, 17.31it/s]
 84%|████████▎ | 836/1000 [00:48<00:09, 17.35it/s]
 84%|████████▍ | 838/1000 [00:48<00:09, 17.39it/s]
 84%|████████▍ | 840/1000 [00:48<00:09, 17.41it/s]
 84%|████████▍ | 842/1000 [00:48<00:09, 17.46it/s]
 84%|████████▍ | 844/1000 [00:48<00:08, 17.45it/s]
 85%|████████▍ | 846/1000 [00:48<00:08, 17.43it/s]
 85%|████████▍ | 848/1000 [00:49<00:08, 17.50it/s]
 85%|████████▌ | 850/1000 [00:49<00:08, 17.51it/s]
 85%|████████▌ | 852/1000 [00:49<00:08, 17.51it/s]
 85%|████████▌ | 854/1000 [00:49<00:08, 17.52it/s]
 86%|████████▌ | 856/1000 [00:49<00:08, 17.38it/s]
 86%|████████▌ | 858/1000 [00:49<00:08, 17.37it/s]
 86%|████████▌ | 860/1000 [00:49<00:08, 17.38it/s]
 86%|████████▌ | 862/1000 [00:49<00:07, 17.38it/s]
 86%|████████▋ | 864/1000 [00:49<00:07, 17.38it/s]
 87%|████████▋ | 866/1000 [00:50<00:07, 17.35it/s]
 87%|████████▋ | 868/1000 [00:50<00:07, 17.40it/s]
 87%|████████▋ | 870/1000 [00:50<00:07, 17.32it/s]
 87%|████████▋ | 872/1000 [00:50<00:07, 17.39it/s]
 87%|████████▋ | 874/1000 [00:50<00:07, 17.44it/s]
 88%|████████▊ | 876/1000 [00:50<00:07, 17.43it/s]
 88%|████████▊ | 878/1000 [00:50<00:07, 17.42it/s]
 88%|████████▊ | 880/1000 [00:50<00:06, 17.42it/s]
 88%|████████▊ | 882/1000 [00:51<00:06, 17.37it/s]
 88%|████████▊ | 884/1000 [00:51<00:06, 17.32it/s]
 89%|████████▊ | 886/1000 [00:51<00:06, 17.43it/s]
 89%|████████▉ | 888/1000 [00:51<00:06, 17.50it/s]
 89%|████████▉ | 890/1000 [00:51<00:06, 17.58it/s]
 89%|████████▉ | 892/1000 [00:51<00:06, 17.60it/s]
 89%|████████▉ | 894/1000 [00:51<00:06, 17.59it/s]
 90%|████████▉ | 896/1000 [00:51<00:05, 17.58it/s]
 90%|████████▉ | 898/1000 [00:51<00:05, 17.48it/s]
 90%|█████████ | 900/1000 [00:52<00:05, 17.57it/s]
 90%|█████████ | 902/1000 [00:52<00:05, 17.63it/s]
 90%|█████████ | 904/1000 [00:52<00:05, 17.65it/s]
 91%|█████████ | 906/1000 [00:52<00:05, 17.70it/s]
 91%|█████████ | 908/1000 [00:52<00:05, 17.66it/s]
 91%|█████████ | 910/1000 [00:52<00:05, 17.69it/s]
 91%|█████████ | 912/1000 [00:52<00:05, 17.52it/s]
 91%|█████████▏| 914/1000 [00:52<00:04, 17.49it/s]
 92%|█████████▏| 916/1000 [00:52<00:04, 17.54it/s]
 92%|█████████▏| 918/1000 [00:53<00:04, 17.58it/s]
 92%|█████████▏| 920/1000 [00:53<00:04, 17.56it/s]
 92%|█████████▏| 922/1000 [00:53<00:04, 17.60it/s]
 92%|█████████▏| 924/1000 [00:53<00:04, 17.58it/s]
 93%|█████████▎| 926/1000 [00:53<00:04, 17.61it/s]
 93%|█████████▎| 928/1000 [00:53<00:04, 17.61it/s]
 93%|█████████▎| 930/1000 [00:53<00:03, 17.62it/s]
 93%|█████████▎| 932/1000 [00:53<00:03, 17.62it/s]
 93%|█████████▎| 934/1000 [00:53<00:03, 17.63it/s]
 94%|█████████▎| 936/1000 [00:54<00:03, 17.65it/s]
 94%|█████████▍| 938/1000 [00:54<00:03, 17.61it/s]
 94%|█████████▍| 940/1000 [00:54<00:03, 17.30it/s]
 94%|█████████▍| 942/1000 [00:54<00:03, 17.37it/s]
 94%|█████████▍| 944/1000 [00:54<00:03, 17.43it/s]
 95%|█████████▍| 946/1000 [00:54<00:03, 17.51it/s]
 95%|█████████▍| 948/1000 [00:54<00:02, 17.55it/s]
 95%|█████████▌| 950/1000 [00:54<00:02, 17.48it/s]
 95%|█████████▌| 952/1000 [00:55<00:02, 17.51it/s]
 95%|█████████▌| 954/1000 [00:55<00:02, 17.55it/s]
 96%|█████████▌| 956/1000 [00:55<00:02, 17.55it/s]
 96%|█████████▌| 958/1000 [00:55<00:02, 17.55it/s]
 96%|█████████▌| 960/1000 [00:55<00:02, 17.42it/s]
 96%|█████████▌| 962/1000 [00:55<00:02, 17.36it/s]
 96%|█████████▋| 964/1000 [00:55<00:02, 17.35it/s]
 97%|█████████▋| 966/1000 [00:55<00:01, 17.42it/s]
 97%|█████████▋| 968/1000 [00:55<00:01, 17.30it/s]
 97%|█████████▋| 970/1000 [00:56<00:01, 17.30it/s]
 97%|█████████▋| 972/1000 [00:56<00:01, 17.34it/s]
 97%|█████████▋| 974/1000 [00:56<00:01, 17.32it/s]
 98%|█████████▊| 976/1000 [00:56<00:01, 17.39it/s]
 98%|█████████▊| 978/1000 [00:56<00:01, 17.28it/s]
 98%|█████████▊| 980/1000 [00:56<00:01, 17.33it/s]
 98%|█████████▊| 982/1000 [00:56<00:01, 17.44it/s]
 98%|█████████▊| 984/1000 [00:56<00:00, 17.55it/s]
 99%|█████████▊| 986/1000 [00:56<00:00, 17.58it/s]
 99%|█████████▉| 988/1000 [00:57<00:00, 17.61it/s]
 99%|█████████▉| 990/1000 [00:57<00:00, 17.60it/s]
 99%|█████████▉| 992/1000 [00:57<00:00, 17.54it/s]
 99%|█████████▉| 994/1000 [00:57<00:00, 17.55it/s]
100%|█████████▉| 996/1000 [00:57<00:00, 17.45it/s]
100%|█████████▉| 998/1000 [00:57<00:00, 17.44it/s]
100%|██████████| 1000/1000 [00:57<00:00, 17.47it/s]
100%|██████████| 1000/1000 [00:57<00:00, 17.29it/s]
  P(true) judge for gemma-triviaqa (2000 rows)...

  0%|          | 0/2000 [00:00<?, ?it/s]
  0%|          | 3/2000 [00:00<01:24, 23.57it/s]
  0%|          | 6/2000 [00:00<01:41, 19.62it/s]
  0%|          | 9/2000 [00:00<01:47, 18.54it/s]
  1%|          | 11/2000 [00:00<01:49, 18.18it/s]
  1%|          | 13/2000 [00:00<01:50, 17.98it/s]
  1%|          | 15/2000 [00:00<01:51, 17.85it/s]
  1%|          | 17/2000 [00:00<01:51, 17.76it/s]
  1%|          | 19/2000 [00:01<01:52, 17.68it/s]
  1%|          | 21/2000 [00:01<01:53, 17.48it/s]
  1%|          | 23/2000 [00:01<01:53, 17.44it/s]
  1%|▏         | 25/2000 [00:01<01:53, 17.43it/s]
  1%|▏         | 27/2000 [00:01<01:53, 17.46it/s]
  1%|▏         | 29/2000 [00:01<01:52, 17.47it/s]
  2%|▏         | 31/2000 [00:01<01:52, 17.49it/s]
  2%|▏         | 33/2000 [00:01<01:52, 17.48it/s]
  2%|▏         | 35/2000 [00:01<01:52, 17.53it/s]
  2%|▏         | 37/2000 [00:02<01:51, 17.56it/s]
  2%|▏         | 39/2000 [00:02<01:51, 17.58it/s]
  2%|▏         | 41/2000 [00:02<01:51, 17.59it/s]
  2%|▏         | 43/2000 [00:02<01:51, 17.58it/s]
  2%|▏         | 45/2000 [00:02<01:51, 17.59it/s]
  2%|▏         | 47/2000 [00:02<01:51, 17.59it/s]
  2%|▏         | 49/2000 [00:02<01:52, 17.42it/s]
  3%|▎         | 51/2000 [00:02<01:51, 17.44it/s]
  3%|▎         | 53/2000 [00:02<01:51, 17.48it/s]
  3%|▎         | 55/2000 [00:03<01:51, 17.51it/s]
  3%|▎         | 57/2000 [00:03<01:50, 17.52it/s]
  3%|▎         | 59/2000 [00:03<01:50, 17.58it/s]
  3%|▎         | 61/2000 [00:03<01:50, 17.58it/s]
  3%|▎         | 63/2000 [00:03<01:50, 17.54it/s]
  3%|▎         | 65/2000 [00:03<01:50, 17.56it/s]
  3%|▎         | 67/2000 [00:03<01:50, 17.55it/s]
  3%|▎         | 69/2000 [00:03<01:49, 17.60it/s]
  4%|▎         | 71/2000 [00:04<01:49, 17.60it/s]
  4%|▎         | 73/2000 [00:04<01:49, 17.58it/s]
  4%|▍         | 75/2000 [00:04<01:49, 17.57it/s]
  4%|▍         | 77/2000 [00:04<01:50, 17.41it/s]
  4%|▍         | 79/2000 [00:04<01:50, 17.43it/s]
  4%|▍         | 81/2000 [00:04<01:49, 17.46it/s]
  4%|▍         | 83/2000 [00:04<01:49, 17.51it/s]
  4%|▍         | 85/2000 [00:04<01:49, 17.47it/s]
  4%|▍         | 87/2000 [00:04<01:49, 17.50it/s]
  4%|▍         | 89/2000 [00:05<01:49, 17.50it/s]
  5%|▍         | 91/2000 [00:05<01:49, 17.50it/s]
  5%|▍         | 93/2000 [00:05<01:48, 17.52it/s]
  5%|▍         | 95/2000 [00:05<01:48, 17.49it/s]
  5%|▍         | 97/2000 [00:05<01:48, 17.53it/s]
  5%|▍         | 99/2000 [00:05<01:48, 17.55it/s]
  5%|▌         | 101/2000 [00:05<01:48, 17.57it/s]
  5%|▌         | 103/2000 [00:05<01:48, 17.55it/s]
  5%|▌         | 105/2000 [00:05<01:48, 17.39it/s]
  5%|▌         | 107/2000 [00:06<01:48, 17.43it/s]
  5%|▌         | 109/2000 [00:06<01:48, 17.49it/s]
  6%|▌         | 111/2000 [00:06<01:48, 17.49it/s]
  6%|▌         | 113/2000 [00:06<01:47, 17.51it/s]
  6%|▌         | 115/2000 [00:06<01:47, 17.53it/s]
  6%|▌         | 117/2000 [00:06<01:47, 17.51it/s]
  6%|▌         | 119/2000 [00:06<01:47, 17.51it/s]
  6%|▌         | 121/2000 [00:06<01:46, 17.58it/s]
  6%|▌         | 123/2000 [00:06<01:46, 17.59it/s]
  6%|▋         | 125/2000 [00:07<01:46, 17.61it/s]
  6%|▋         | 127/2000 [00:07<01:46, 17.61it/s]
  6%|▋         | 129/2000 [00:07<01:46, 17.60it/s]
  7%|▋         | 131/2000 [00:07<01:46, 17.59it/s]
  7%|▋         | 133/2000 [00:07<01:47, 17.45it/s]
  7%|▋         | 135/2000 [00:07<01:46, 17.47it/s]
  7%|▋         | 137/2000 [00:07<01:46, 17.44it/s]
  7%|▋         | 139/2000 [00:07<01:46, 17.47it/s]
  7%|▋         | 141/2000 [00:08<01:46, 17.47it/s]
  7%|▋         | 143/2000 [00:08<01:46, 17.50it/s]
  7%|▋         | 145/2000 [00:08<01:45, 17.51it/s]
  7%|▋         | 147/2000 [00:08<01:45, 17.53it/s]
  7%|▋         | 149/2000 [00:08<01:45, 17.48it/s]
  8%|▊         | 151/2000 [00:08<01:45, 17.51it/s]
  8%|▊         | 153/2000 [00:08<01:45, 17.51it/s]
  8%|▊         | 155/2000 [00:08<01:45, 17.50it/s]
  8%|▊         | 157/2000 [00:08<01:45, 17.52it/s]
  8%|▊         | 159/2000 [00:09<01:44, 17.54it/s]
  8%|▊         | 161/2000 [00:09<01:45, 17.39it/s]
  8%|▊         | 163/2000 [00:09<01:45, 17.44it/s]
  8%|▊         | 165/2000 [00:09<01:45, 17.45it/s]
  8%|▊         | 167/2000 [00:09<01:44, 17.47it/s]
  8%|▊         | 169/2000 [00:09<01:44, 17.51it/s]
  9%|▊         | 171/2000 [00:09<01:44, 17.51it/s]
  9%|▊         | 173/2000 [00:09<01:44, 17.52it/s]
  9%|▉         | 175/2000 [00:09<01:44, 17.52it/s]
  9%|▉         | 177/2000 [00:10<01:43, 17.55it/s]
  9%|▉         | 179/2000 [00:10<01:43, 17.54it/s]
  9%|▉         | 181/2000 [00:10<01:43, 17.56it/s]
  9%|▉         | 183/2000 [00:10<01:43, 17.57it/s]
  9%|▉         | 185/2000 [00:10<01:43, 17.56it/s]
  9%|▉         | 187/2000 [00:10<01:43, 17.54it/s]
  9%|▉         | 189/2000 [00:10<01:44, 17.31it/s]
 10%|▉         | 191/2000 [00:10<01:44, 17.34it/s]
 10%|▉         | 193/2000 [00:10<01:43, 17.42it/s]
 10%|▉         | 195/2000 [00:11<01:43, 17.46it/s]
 10%|▉         | 197/2000 [00:11<01:43, 17.48it/s]
 10%|▉         | 199/2000 [00:11<01:43, 17.48it/s]
 10%|█         | 201/2000 [00:11<01:42, 17.53it/s]
 10%|█         | 203/2000 [00:11<01:42, 17.52it/s]
 10%|█         | 205/2000 [00:11<01:42, 17.57it/s]
 10%|█         | 207/2000 [00:11<01:41, 17.58it/s]
 10%|█         | 209/2000 [00:11<01:41, 17.57it/s]
 11%|█         | 211/2000 [00:12<01:41, 17.56it/s]
 11%|█         | 213/2000 [00:12<01:41, 17.57it/s]
 11%|█         | 215/2000 [00:12<01:41, 17.58it/s]
 11%|█         | 217/2000 [00:12<01:42, 17.42it/s]
 11%|█         | 219/2000 [00:12<01:41, 17.49it/s]
 11%|█         | 221/2000 [00:12<01:41, 17.45it/s]
 11%|█         | 223/2000 [00:12<01:41, 17.48it/s]
 11%|█▏        | 225/2000 [00:12<01:41, 17.46it/s]
 11%|█▏        | 227/2000 [00:12<01:41, 17.49it/s]
 11%|█▏        | 229/2000 [00:13<01:41, 17.48it/s]
 12%|█▏        | 231/2000 [00:13<01:41, 17.43it/s]
 12%|█▏        | 233/2000 [00:13<01:41, 17.49it/s]
 12%|█▏        | 235/2000 [00:13<01:40, 17.52it/s]
 12%|█▏        | 237/2000 [00:13<01:40, 17.52it/s]
 12%|█▏        | 239/2000 [00:13<01:40, 17.54it/s]
 12%|█▏        | 241/2000 [00:13<01:40, 17.47it/s]
 12%|█▏        | 243/2000 [00:13<01:40, 17.46it/s]
 12%|█▏        | 245/2000 [00:13<01:41, 17.34it/s]
 12%|█▏        | 247/2000 [00:14<01:40, 17.37it/s]
 12%|█▏        | 249/2000 [00:14<01:40, 17.45it/s]
 13%|█▎        | 251/2000 [00:14<01:40, 17.46it/s]
 13%|█▎        | 253/2000 [00:14<01:39, 17.49it/s]
 13%|█▎        | 255/2000 [00:14<01:39, 17.49it/s]
 13%|█▎        | 257/2000 [00:14<01:39, 17.51it/s]
 13%|█▎        | 259/2000 [00:14<01:39, 17.50it/s]
 13%|█▎        | 261/2000 [00:14<01:39, 17.46it/s]
 13%|█▎        | 263/2000 [00:14<01:39, 17.44it/s]
 13%|█▎        | 265/2000 [00:15<01:39, 17.49it/s]
 13%|█▎        | 267/2000 [00:15<01:39, 17.50it/s]
 13%|█▎        | 269/2000 [00:15<01:38, 17.51it/s]
 14%|█▎        | 271/2000 [00:15<01:38, 17.51it/s]
 14%|█▎        | 273/2000 [00:15<01:39, 17.36it/s]
 14%|█▍        | 275/2000 [00:15<01:39, 17.42it/s]
 14%|█▍        | 277/2000 [00:15<01:38, 17.50it/s]
 14%|█▍        | 279/2000 [00:15<01:38, 17.54it/s]
 14%|█▍        | 281/2000 [00:16<01:40, 17.10it/s]
 14%|█▍        | 283/2000 [00:16<01:40, 17.15it/s]
 14%|█▍        | 285/2000 [00:16<01:39, 17.23it/s]
 14%|█▍        | 287/2000 [00:16<01:39, 17.30it/s]
 14%|█▍        | 289/2000 [00:16<01:38, 17.31it/s]
 15%|█▍        | 291/2000 [00:16<01:38, 17.30it/s]
 15%|█▍        | 293/2000 [00:16<01:38, 17.28it/s]
 15%|█▍        | 295/2000 [00:16<01:38, 17.29it/s]
 15%|█▍        | 297/2000 [00:16<01:38, 17.31it/s]
 15%|█▍        | 299/2000 [00:17<01:38, 17.30it/s]
 15%|█▌        | 301/2000 [00:17<01:38, 17.19it/s]
 15%|█▌        | 303/2000 [00:17<01:38, 17.24it/s]
 15%|█▌        | 305/2000 [00:17<01:38, 17.25it/s]
 15%|█▌        | 307/2000 [00:17<01:37, 17.30it/s]
 15%|█▌        | 309/2000 [00:17<01:37, 17.31it/s]
 16%|█▌        | 311/2000 [00:17<01:37, 17.32it/s]
 16%|█▌        | 313/2000 [00:17<01:37, 17.32it/s]
 16%|█▌        | 315/2000 [00:17<01:37, 17.37it/s]
 16%|█▌        | 317/2000 [00:18<01:36, 17.38it/s]
 16%|█▌        | 319/2000 [00:18<01:36, 17.38it/s]
 16%|█▌        | 321/2000 [00:18<01:36, 17.40it/s]
 16%|█▌        | 323/2000 [00:18<01:36, 17.34it/s]
 16%|█▋        | 325/2000 [00:18<01:36, 17.32it/s]
 16%|█▋        | 327/2000 [00:18<01:36, 17.36it/s]
 16%|█▋        | 329/2000 [00:18<01:37, 17.21it/s]
 17%|█▋        | 331/2000 [00:18<01:36, 17.26it/s]
 17%|█▋        | 333/2000 [00:19<01:36, 17.34it/s]
 17%|█▋        | 335/2000 [00:19<01:36, 17.31it/s]
 17%|█▋        | 337/2000 [00:19<01:35, 17.37it/s]
 17%|█▋        | 339/2000 [00:19<01:35, 17.37it/s]
 17%|█▋        | 341/2000 [00:19<01:35, 17.34it/s]
 17%|█▋        | 343/2000 [00:19<01:35, 17.38it/s]
 17%|█▋        | 345/2000 [00:19<01:35, 17.33it/s]
 17%|█▋        | 347/2000 [00:19<01:35, 17.35it/s]
 17%|█▋        | 349/2000 [00:19<01:35, 17.36it/s]
 18%|█▊        | 351/2000 [00:20<01:34, 17.39it/s]
 18%|█▊        | 353/2000 [00:20<01:34, 17.36it/s]
 18%|█▊        | 355/2000 [00:20<01:34, 17.35it/s]
 18%|█▊        | 357/2000 [00:20<01:35, 17.24it/s]
 18%|█▊        | 359/2000 [00:20<01:35, 17.26it/s]
 18%|█▊        | 361/2000 [00:20<01:34, 17.31it/s]
 18%|█▊        | 363/2000 [00:20<01:34, 17.34it/s]
 18%|█▊        | 365/2000 [00:20<01:34, 17.33it/s]
 18%|█▊        | 367/2000 [00:20<01:34, 17.36it/s]
 18%|█▊        | 369/2000 [00:21<01:33, 17.35it/s]
 19%|█▊        | 371/2000 [00:21<01:33, 17.35it/s]
 19%|█▊        | 373/2000 [00:21<01:33, 17.41it/s]
 19%|█▉        | 375/2000 [00:21<01:33, 17.38it/s]
 19%|█▉        | 377/2000 [00:21<01:33, 17.36it/s]
 19%|█▉        | 379/2000 [00:21<01:33, 17.38it/s]
 19%|█▉        | 381/2000 [00:21<01:33, 17.39it/s]
 19%|█▉        | 383/2000 [00:21<01:33, 17.38it/s]
 19%|█▉        | 385/2000 [00:22<01:33, 17.25it/s]
 19%|█▉        | 387/2000 [00:22<01:33, 17.31it/s]
 19%|█▉        | 389/2000 [00:22<01:32, 17.35it/s]
 20%|█▉        | 391/2000 [00:22<01:32, 17.37it/s]
 20%|█▉        | 393/2000 [00:22<01:32, 17.37it/s]
 20%|█▉        | 395/2000 [00:22<01:32, 17.37it/s]
 20%|█▉        | 397/2000 [00:22<01:32, 17.42it/s]
 20%|█▉        | 399/2000 [00:22<01:31, 17.40it/s]
 20%|██        | 401/2000 [00:22<01:32, 17.37it/s]
 20%|██        | 403/2000 [00:23<01:31, 17.41it/s]
 20%|██        | 405/2000 [00:23<01:31, 17.41it/s]
 20%|██        | 407/2000 [00:23<01:31, 17.44it/s]
 20%|██        | 409/2000 [00:23<01:31, 17.47it/s]
 21%|██        | 411/2000 [00:23<01:30, 17.50it/s]
 21%|██        | 413/2000 [00:23<01:31, 17.38it/s]
 21%|██        | 415/2000 [00:23<01:30, 17.42it/s]
 21%|██        | 417/2000 [00:23<01:30, 17.44it/s]
 21%|██        | 419/2000 [00:23<01:30, 17.49it/s]
 21%|██        | 421/2000 [00:24<01:30, 17.53it/s]
 21%|██        | 423/2000 [00:24<01:29, 17.55it/s]
 21%|██▏       | 425/2000 [00:24<01:29, 17.59it/s]
 21%|██▏       | 427/2000 [00:24<01:29, 17.51it/s]
 21%|██▏       | 429/2000 [00:24<01:29, 17.52it/s]
 22%|██▏       | 431/2000 [00:24<01:29, 17.51it/s]
 22%|██▏       | 433/2000 [00:24<01:29, 17.53it/s]
 22%|██▏       | 435/2000 [00:24<01:29, 17.55it/s]
 22%|██▏       | 437/2000 [00:25<01:29, 17.54it/s]
 22%|██▏       | 439/2000 [00:25<01:29, 17.46it/s]
 22%|██▏       | 441/2000 [00:25<01:29, 17.37it/s]
 22%|██▏       | 443/2000 [00:25<01:29, 17.47it/s]
 22%|██▏       | 445/2000 [00:25<01:28, 17.50it/s]
 22%|██▏       | 447/2000 [00:25<01:28, 17.58it/s]
 22%|██▏       | 449/2000 [00:25<01:29, 17.40it/s]
 23%|██▎       | 451/2000 [00:25<01:28, 17.45it/s]
 23%|██▎       | 453/2000 [00:25<01:28, 17.45it/s]
 23%|██▎       | 455/2000 [00:26<01:28, 17.42it/s]
 23%|██▎       | 457/2000 [00:26<01:28, 17.43it/s]
 23%|██▎       | 459/2000 [00:26<01:28, 17.32it/s]
 23%|██▎       | 461/2000 [00:26<01:28, 17.33it/s]
 23%|██▎       | 463/2000 [00:26<01:28, 17.33it/s]
 23%|██▎       | 465/2000 [00:26<01:28, 17.36it/s]
 23%|██▎       | 467/2000 [00:26<01:28, 17.35it/s]
 23%|██▎       | 469/2000 [00:26<01:29, 17.10it/s]
 24%|██▎       | 471/2000 [00:26<01:29, 17.14it/s]
 24%|██▎       | 473/2000 [00:27<01:28, 17.24it/s]
 24%|██▍       | 475/2000 [00:27<01:28, 17.27it/s]
 24%|██▍       | 477/2000 [00:27<01:28, 17.28it/s]
 24%|██▍       | 479/2000 [00:27<01:28, 17.23it/s]
 24%|██▍       | 481/2000 [00:27<01:28, 17.23it/s]
 24%|██▍       | 483/2000 [00:27<01:27, 17.24it/s]
 24%|██▍       | 485/2000 [00:27<01:27, 17.26it/s]
 24%|██▍       | 487/2000 [00:27<01:27, 17.26it/s]
 24%|██▍       | 489/2000 [00:28<01:27, 17.28it/s]
 25%|██▍       | 491/2000 [00:28<01:27, 17.31it/s]
 25%|██▍       | 493/2000 [00:28<01:27, 17.31it/s]
 25%|██▍       | 495/2000 [00:28<01:26, 17.33it/s]
 25%|██▍       | 497/2000 [00:28<01:27, 17.19it/s]
 25%|██▍       | 499/2000 [00:28<01:26, 17.34it/s]
 25%|██▌       | 501/2000 [00:28<01:26, 17.43it/s]
 25%|██▌       | 503/2000 [00:28<01:25, 17.48it/s]
 25%|██▌       | 505/2000 [00:28<01:25, 17.51it/s]
 25%|██▌       | 507/2000 [00:29<01:25, 17.52it/s]
 25%|██▌       | 509/2000 [00:29<01:24, 17.55it/s]
 26%|██▌       | 511/2000 [00:29<01:24, 17.55it/s]
 26%|██▌       | 513/2000 [00:29<01:24, 17.58it/s]
 26%|██▌       | 515/2000 [00:29<01:24, 17.57it/s]
 26%|██▌       | 517/2000 [00:29<01:24, 17.57it/s]
 26%|██▌       | 519/2000 [00:29<01:24, 17.57it/s]
 26%|██▌       | 521/2000 [00:29<01:24, 17.52it/s]
 26%|██▌       | 523/2000 [00:29<01:24, 17.54it/s]
 26%|██▋       | 525/2000 [00:30<01:24, 17.44it/s]
 26%|██▋       | 527/2000 [00:30<01:24, 17.50it/s]
 26%|██▋       | 529/2000 [00:30<01:23, 17.55it/s]
 27%|██▋       | 531/2000 [00:30<01:23, 17.59it/s]
 27%|██▋       | 533/2000 [00:30<01:23, 17.57it/s]
 27%|██▋       | 535/2000 [00:30<01:23, 17.57it/s]
 27%|██▋       | 537/2000 [00:30<01:23, 17.61it/s]
 27%|██▋       | 539/2000 [00:30<01:23, 17.57it/s]
 27%|██▋       | 541/2000 [00:30<01:23, 17.57it/s]
 27%|██▋       | 543/2000 [00:31<01:23, 17.53it/s]
 27%|██▋       | 545/2000 [00:31<01:22, 17.55it/s]
 27%|██▋       | 547/2000 [00:31<01:22, 17.59it/s]
 27%|██▋       | 549/2000 [00:31<01:22, 17.59it/s]
 28%|██▊       | 551/2000 [00:31<01:22, 17.59it/s]
 28%|██▊       | 553/2000 [00:31<01:22, 17.44it/s]
 28%|██▊       | 555/2000 [00:31<01:22, 17.48it/s]
 28%|██▊       | 557/2000 [00:31<01:22, 17.53it/s]
 28%|██▊       | 559/2000 [00:31<01:22, 17.55it/s]
 28%|██▊       | 561/2000 [00:32<01:21, 17.56it/s]
 28%|██▊       | 563/2000 [00:32<01:22, 17.45it/s]
 28%|██▊       | 565/2000 [00:32<01:21, 17.54it/s]
 28%|██▊       | 567/2000 [00:32<01:21, 17.54it/s]
 28%|██▊       | 569/2000 [00:32<01:21, 17.57it/s]
 29%|██▊       | 571/2000 [00:32<01:21, 17.58it/s]
 29%|██▊       | 573/2000 [00:32<01:20, 17.62it/s]
 29%|██▉       | 575/2000 [00:32<01:20, 17.61it/s]
 29%|██▉       | 577/2000 [00:33<01:20, 17.63it/s]
 29%|██▉       | 579/2000 [00:33<01:20, 17.57it/s]
 29%|██▉       | 581/2000 [00:33<01:21, 17.45it/s]
 29%|██▉       | 583/2000 [00:33<01:21, 17.45it/s]
 29%|██▉       | 585/2000 [00:33<01:20, 17.50it/s]
 29%|██▉       | 587/2000 [00:33<01:20, 17.51it/s]
 29%|██▉       | 589/2000 [00:33<01:20, 17.54it/s]
 30%|██▉       | 591/2000 [00:33<01:20, 17.55it/s]
 30%|██▉       | 593/2000 [00:33<01:20, 17.56it/s]
 30%|██▉       | 595/2000 [00:34<01:20, 17.50it/s]
 30%|██▉       | 597/2000 [00:34<01:20, 17.52it/s]
 30%|██▉       | 599/2000 [00:34<01:19, 17.53it/s]
 30%|███       | 601/2000 [00:34<01:19, 17.57it/s]
 30%|███       | 603/2000 [00:34<01:19, 17.63it/s]
 30%|███       | 605/2000 [00:34<01:19, 17.50it/s]
 30%|███       | 607/2000 [00:34<01:19, 17.52it/s]
 30%|███       | 609/2000 [00:34<01:19, 17.39it/s]
 31%|███       | 611/2000 [00:34<01:19, 17.44it/s]
 31%|███       | 613/2000 [00:35<01:19, 17.45it/s]
 31%|███       | 615/2000 [00:35<01:19, 17.46it/s]
 31%|███       | 617/2000 [00:35<01:19, 17.50it/s]
 31%|███       | 619/2000 [00:35<01:18, 17.49it/s]
 31%|███       | 621/2000 [00:35<01:18, 17.52it/s]
 31%|███       | 623/2000 [00:35<01:18, 17.54it/s]
 31%|███▏      | 625/2000 [00:35<01:18, 17.56it/s]
 31%|███▏      | 627/2000 [00:35<01:18, 17.55it/s]
 31%|███▏      | 629/2000 [00:35<01:18, 17.54it/s]
 32%|███▏      | 631/2000 [00:36<01:18, 17.54it/s]
 32%|███▏      | 633/2000 [00:36<01:17, 17.57it/s]
 32%|███▏      | 635/2000 [00:36<01:17, 17.59it/s]
 32%|███▏      | 637/2000 [00:36<01:18, 17.42it/s]
 32%|███▏      | 639/2000 [00:36<01:17, 17.48it/s]
 32%|███▏      | 641/2000 [00:36<01:17, 17.50it/s]
 32%|███▏      | 643/2000 [00:36<01:17, 17.49it/s]
 32%|███▏      | 645/2000 [00:36<01:17, 17.54it/s]
 32%|███▏      | 647/2000 [00:37<01:17, 17.38it/s]
 32%|███▏      | 649/2000 [00:37<01:17, 17.41it/s]
 33%|███▎      | 651/2000 [00:37<01:17, 17.38it/s]
 33%|███▎      | 653/2000 [00:37<01:17, 17.41it/s]
 33%|███▎      | 655/2000 [00:37<01:17, 17.39it/s]
 33%|███▎      | 657/2000 [00:37<01:17, 17.38it/s]
 33%|███▎      | 659/2000 [00:37<01:17, 17.40it/s]
 33%|███▎      | 661/2000 [00:37<01:17, 17.37it/s]
 33%|███▎      | 663/2000 [00:37<01:17, 17.36it/s]
 33%|███▎      | 665/2000 [00:38<01:17, 17.24it/s]
 33%|███▎      | 667/2000 [00:38<01:17, 17.25it/s]
 33%|███▎      | 669/2000 [00:38<01:16, 17.30it/s]
 34%|███▎      | 671/2000 [00:38<01:16, 17.30it/s]
 34%|███▎      | 673/2000 [00:38<01:16, 17.32it/s]
 34%|███▍      | 675/2000 [00:38<01:15, 17.44it/s]
 34%|███▍      | 677/2000 [00:38<01:15, 17.46it/s]
 34%|███▍      | 679/2000 [00:38<01:15, 17.49it/s]
 34%|███▍      | 681/2000 [00:38<01:15, 17.52it/s]
 34%|███▍      | 683/2000 [00:39<01:15, 17.53it/s]
 34%|███▍      | 685/2000 [00:39<01:15, 17.52it/s]
 34%|███▍      | 687/2000 [00:39<01:14, 17.52it/s]
 34%|███▍      | 689/2000 [00:39<01:14, 17.54it/s]
 35%|███▍      | 691/2000 [00:39<01:14, 17.58it/s]
 35%|███▍      | 693/2000 [00:39<01:14, 17.50it/s]
 35%|███▍      | 695/2000 [00:39<01:14, 17.56it/s]
 35%|███▍      | 697/2000 [00:39<01:14, 17.57it/s]
 35%|███▍      | 699/2000 [00:40<01:14, 17.53it/s]
 35%|███▌      | 701/2000 [00:40<01:13, 17.56it/s]
 35%|███▌      | 703/2000 [00:40<01:13, 17.56it/s]
 35%|███▌      | 705/2000 [00:40<01:13, 17.57it/s]
 35%|███▌      | 707/2000 [00:40<01:13, 17.51it/s]
 35%|███▌      | 709/2000 [00:40<01:13, 17.45it/s]
 36%|███▌      | 711/2000 [00:40<01:13, 17.49it/s]
 36%|███▌      | 713/2000 [00:40<01:13, 17.52it/s]
 36%|███▌      | 715/2000 [00:40<01:13, 17.55it/s]
 36%|███▌      | 717/2000 [00:41<01:13, 17.54it/s]
 36%|███▌      | 719/2000 [00:41<01:13, 17.50it/s]
 36%|███▌      | 721/2000 [00:41<01:13, 17.31it/s]
 36%|███▌      | 723/2000 [00:41<01:13, 17.35it/s]
 36%|███▋      | 725/2000 [00:41<01:13, 17.35it/s]
 36%|███▋      | 727/2000 [00:41<01:13, 17.37it/s]
 36%|███▋      | 729/2000 [00:41<01:13, 17.39it/s]
 37%|███▋      | 731/2000 [00:41<01:12, 17.41it/s]
 37%|███▋      | 733/2000 [00:41<01:12, 17.45it/s]
 37%|███▋      | 735/2000 [00:42<01:12, 17.47it/s]
 37%|███▋      | 737/2000 [00:42<01:12, 17.48it/s]
 37%|███▋      | 739/2000 [00:42<01:12, 17.47it/s]
 37%|███▋      | 741/2000 [00:42<01:12, 17.45it/s]
 37%|███▋      | 743/2000 [00:42<01:12, 17.44it/s]
 37%|███▋      | 745/2000 [00:42<01:11, 17.47it/s]
 37%|███▋      | 747/2000 [00:42<01:11, 17.50it/s]
 37%|███▋      | 749/2000 [00:42<01:12, 17.34it/s]
 38%|███▊      | 751/2000 [00:42<01:11, 17.41it/s]
 38%|███▊      | 753/2000 [00:43<01:11, 17.45it/s]
 38%|███▊      | 755/2000 [00:43<01:11, 17.43it/s]
 38%|███▊      | 757/2000 [00:43<01:11, 17.49it/s]
 38%|███▊      | 759/2000 [00:43<01:10, 17.50it/s]
 38%|███▊      | 761/2000 [00:43<01:10, 17.50it/s]
 38%|███▊      | 763/2000 [00:43<01:10, 17.51it/s]
 38%|███▊      | 765/2000 [00:43<01:10, 17.50it/s]
 38%|███▊      | 767/2000 [00:43<01:10, 17.48it/s]
 38%|███▊      | 769/2000 [00:44<01:10, 17.49it/s]
 39%|███▊      | 771/2000 [00:44<01:10, 17.46it/s]
 39%|███▊      | 773/2000 [00:44<01:10, 17.49it/s]
 39%|███▉      | 775/2000 [00:44<01:10, 17.48it/s]
 39%|███▉      | 777/2000 [00:44<01:10, 17.33it/s]
 39%|███▉      | 779/2000 [00:44<01:10, 17.35it/s]
 39%|███▉      | 781/2000 [00:44<01:10, 17.40it/s]
 39%|███▉      | 783/2000 [00:44<01:09, 17.43it/s]
 39%|███▉      | 785/2000 [00:44<01:09, 17.43it/s]
 39%|███▉      | 787/2000 [00:45<01:09, 17.48it/s]
 39%|███▉      | 789/2000 [00:45<01:09, 17.51it/s]
 40%|███▉      | 791/2000 [00:45<01:09, 17.51it/s]
 40%|███▉      | 793/2000 [00:45<01:08, 17.51it/s]
 40%|███▉      | 795/2000 [00:45<01:08, 17.49it/s]
 40%|███▉      | 797/2000 [00:45<01:08, 17.51it/s]
 40%|███▉      | 799/2000 [00:45<01:08, 17.51it/s]
 40%|████      | 801/2000 [00:45<01:08, 17.50it/s]
 40%|████      | 803/2000 [00:45<01:08, 17.53it/s]
 40%|████      | 805/2000 [00:46<01:08, 17.43it/s]
 40%|████      | 807/2000 [00:46<01:08, 17.47it/s]
 40%|████      | 809/2000 [00:46<01:07, 17.52it/s]
 41%|████      | 811/2000 [00:46<01:07, 17.54it/s]
 41%|████      | 813/2000 [00:46<01:07, 17.53it/s]
 41%|████      | 815/2000 [00:46<01:07, 17.57it/s]
 41%|████      | 817/2000 [00:46<01:07, 17.59it/s]
 41%|████      | 819/2000 [00:46<01:07, 17.59it/s]
 41%|████      | 821/2000 [00:46<01:07, 17.59it/s]
 41%|████      | 823/2000 [00:47<01:07, 17.55it/s]
 41%|████▏     | 825/2000 [00:47<01:06, 17.55it/s]
 41%|████▏     | 827/2000 [00:47<01:06, 17.57it/s]
 41%|████▏     | 829/2000 [00:47<01:06, 17.56it/s]
 42%|████▏     | 831/2000 [00:47<01:06, 17.56it/s]
 42%|████▏     | 833/2000 [00:47<01:06, 17.46it/s]
 42%|████▏     | 835/2000 [00:47<01:06, 17.47it/s]
 42%|████▏     | 837/2000 [00:47<01:06, 17.48it/s]
 42%|████▏     | 839/2000 [00:48<01:06, 17.51it/s]
 42%|████▏     | 841/2000 [00:48<01:06, 17.53it/s]
 42%|████▏     | 843/2000 [00:48<01:05, 17.56it/s]
 42%|████▏     | 845/2000 [00:48<01:05, 17.55it/s]
 42%|████▏     | 847/2000 [00:48<01:05, 17.51it/s]
 42%|████▏     | 849/2000 [00:48<01:05, 17.50it/s]
 43%|████▎     | 851/2000 [00:48<01:05, 17.53it/s]
 43%|████▎     | 853/2000 [00:48<01:05, 17.52it/s]
 43%|████▎     | 855/2000 [00:48<01:05, 17.48it/s]
 43%|████▎     | 857/2000 [00:49<01:05, 17.51it/s]
 43%|████▎     | 859/2000 [00:49<01:05, 17.54it/s]
 43%|████▎     | 861/2000 [00:49<01:05, 17.41it/s]
 43%|████▎     | 863/2000 [00:49<01:05, 17.45it/s]
 43%|████▎     | 865/2000 [00:49<01:05, 17.44it/s]
 43%|████▎     | 867/2000 [00:49<01:04, 17.50it/s]
 43%|████▎     | 869/2000 [00:49<01:04, 17.55it/s]
 44%|████▎     | 871/2000 [00:49<01:04, 17.56it/s]
 44%|████▎     | 873/2000 [00:49<01:04, 17.58it/s]
 44%|████▍     | 875/2000 [00:50<01:03, 17.58it/s]
 44%|████▍     | 877/2000 [00:50<01:03, 17.62it/s]
 44%|████▍     | 879/2000 [00:50<01:03, 17.62it/s]
 44%|████▍     | 881/2000 [00:50<01:03, 17.58it/s]
 44%|████▍     | 883/2000 [00:50<01:03, 17.58it/s]
 44%|████▍     | 885/2000 [00:50<01:03, 17.56it/s]
 44%|████▍     | 887/2000 [00:50<01:03, 17.55it/s]
 44%|████▍     | 889/2000 [00:50<01:25, 12.96it/s]
 45%|████▍     | 891/2000 [00:51<01:20, 13.85it/s]
 45%|████▍     | 893/2000 [00:51<01:15, 14.75it/s]
 45%|████▍     | 895/2000 [00:51<01:11, 15.48it/s]
 45%|████▍     | 897/2000 [00:51<01:08, 16.00it/s]
 45%|████▍     | 899/2000 [00:51<01:07, 16.42it/s]
 45%|████▌     | 901/2000 [00:51<01:05, 16.72it/s]
 45%|████▌     | 903/2000 [00:51<01:04, 16.98it/s]
 45%|████▌     | 905/2000 [00:51<01:04, 17.10it/s]
 45%|████▌     | 907/2000 [00:52<01:03, 17.22it/s]
 45%|████▌     | 909/2000 [00:52<01:03, 17.30it/s]
 46%|████▌     | 911/2000 [00:52<01:02, 17.40it/s]
 46%|████▌     | 913/2000 [00:52<01:02, 17.42it/s]
 46%|████▌     | 915/2000 [00:52<01:02, 17.43it/s]
 46%|████▌     | 917/2000 [00:52<01:02, 17.24it/s]
 46%|████▌     | 919/2000 [00:52<01:02, 17.30it/s]
 46%|████▌     | 921/2000 [00:52<01:02, 17.32it/s]
 46%|████▌     | 923/2000 [00:52<01:01, 17.38it/s]
 46%|████▋     | 925/2000 [00:53<01:01, 17.37it/s]
 46%|████▋     | 927/2000 [00:53<01:01, 17.37it/s]
 46%|████▋     | 929/2000 [00:53<01:01, 17.42it/s]
 47%|████▋     | 931/2000 [00:53<01:01, 17.46it/s]
 47%|████▋     | 933/2000 [00:53<01:01, 17.48it/s]
 47%|████▋     | 935/2000 [00:53<01:00, 17.50it/s]
 47%|████▋     | 937/2000 [00:53<01:00, 17.48it/s]
 47%|████▋     | 939/2000 [00:53<01:00, 17.47it/s]
 47%|████▋     | 941/2000 [00:53<01:00, 17.50it/s]
 47%|████▋     | 943/2000 [00:54<01:00, 17.50it/s]
 47%|████▋     | 945/2000 [00:54<01:00, 17.37it/s]
 47%|████▋     | 947/2000 [00:54<01:00, 17.42it/s]
 47%|████▋     | 949/2000 [00:54<01:00, 17.43it/s]
 48%|████▊     | 951/2000 [00:54<01:00, 17.45it/s]
 48%|████▊     | 953/2000 [00:54<00:59, 17.46it/s]
 48%|████▊     | 955/2000 [00:54<00:59, 17.46it/s]
 48%|████▊     | 957/2000 [00:54<00:59, 17.40it/s]
 48%|████▊     | 959/2000 [00:55<00:59, 17.39it/s]
 48%|████▊     | 961/2000 [00:55<00:59, 17.38it/s]
 48%|████▊     | 963/2000 [00:55<00:59, 17.37it/s]
 48%|████▊     | 965/2000 [00:55<00:59, 17.37it/s]
 48%|████▊     | 967/2000 [00:55<00:59, 17.33it/s]
 48%|████▊     | 969/2000 [00:55<00:59, 17.33it/s]
 49%|████▊     | 971/2000 [00:55<00:59, 17.34it/s]
 49%|████▊     | 973/2000 [00:55<00:59, 17.23it/s]
 49%|████▉     | 975/2000 [00:55<00:59, 17.29it/s]
 49%|████▉     | 977/2000 [00:56<00:59, 17.29it/s]
 49%|████▉     | 979/2000 [00:56<00:59, 17.29it/s]
 49%|████▉     | 981/2000 [00:56<00:58, 17.34it/s]
 49%|████▉     | 983/2000 [00:56<00:58, 17.35it/s]
 49%|████▉     | 985/2000 [00:56<00:58, 17.33it/s]
 49%|████▉     | 987/2000 [00:56<00:58, 17.34it/s]
 49%|████▉     | 989/2000 [00:56<00:58, 17.38it/s]
 50%|████▉     | 991/2000 [00:56<00:58, 17.35it/s]
 50%|████▉     | 993/2000 [00:57<01:01, 16.30it/s]
 50%|████▉     | 995/2000 [00:57<01:00, 16.63it/s]
 50%|████▉     | 997/2000 [00:57<00:59, 16.87it/s]
 50%|████▉     | 999/2000 [00:57<00:58, 17.09it/s]
 50%|█████     | 1001/2000 [00:57<00:58, 17.09it/s]
 50%|█████     | 1003/2000 [00:57<00:57, 17.24it/s]
 50%|█████     | 1005/2000 [00:57<00:57, 17.32it/s]
 50%|█████     | 1007/2000 [00:57<00:57, 17.39it/s]
 50%|█████     | 1009/2000 [00:57<00:56, 17.40it/s]
 51%|█████     | 1011/2000 [00:58<00:56, 17.42it/s]
 51%|█████     | 1013/2000 [00:58<00:56, 17.46it/s]
 51%|█████     | 1015/2000 [00:58<00:56, 17.48it/s]
 51%|█████     | 1017/2000 [00:58<00:56, 17.53it/s]
 51%|█████     | 1019/2000 [00:58<00:56, 17.46it/s]
 51%|█████     | 1021/2000 [00:58<00:55, 17.52it/s]
 51%|█████     | 1023/2000 [00:58<00:55, 17.57it/s]
 51%|█████▏    | 1025/2000 [00:58<00:55, 17.63it/s]
 51%|█████▏    | 1027/2000 [00:58<00:55, 17.64it/s]
 51%|█████▏    | 1029/2000 [00:59<00:55, 17.46it/s]
 52%|█████▏    | 1031/2000 [00:59<00:55, 17.52it/s]
 52%|█████▏    | 1033/2000 [00:59<00:54, 17.58it/s]
 52%|█████▏    | 1035/2000 [00:59<00:54, 17.61it/s]
 52%|█████▏    | 1037/2000 [00:59<00:54, 17.58it/s]
 52%|█████▏    | 1039/2000 [00:59<00:54, 17.57it/s]
 52%|█████▏    | 1041/2000 [00:59<00:54, 17.57it/s]
 52%|█████▏    | 1043/2000 [00:59<00:54, 17.54it/s]
 52%|█████▏    | 1045/2000 [00:59<00:54, 17.58it/s]
 52%|█████▏    | 1047/2000 [01:00<00:54, 17.59it/s]
 52%|█████▏    | 1049/2000 [01:00<00:54, 17.58it/s]
 53%|█████▎    | 1051/2000 [01:00<00:53, 17.59it/s]
 53%|█████▎    | 1053/2000 [01:00<00:53, 17.59it/s]
 53%|█████▎    | 1055/2000 [01:00<00:53, 17.56it/s]
 53%|█████▎    | 1057/2000 [01:00<00:54, 17.44it/s]
 53%|█████▎    | 1059/2000 [01:00<00:53, 17.49it/s]
 53%|█████▎    | 1061/2000 [01:00<00:53, 17.41it/s]
 53%|█████▎    | 1063/2000 [01:01<00:53, 17.47it/s]
 53%|█████▎    | 1065/2000 [01:01<00:53, 17.51it/s]
 53%|█████▎    | 1067/2000 [01:01<00:53, 17.54it/s]
 53%|█████▎    | 1069/2000 [01:01<00:53, 17.54it/s]
 54%|█████▎    | 1071/2000 [01:01<00:53, 17.49it/s]
 54%|█████▎    | 1073/2000 [01:01<00:52, 17.50it/s]
 54%|█████▍    | 1075/2000 [01:01<00:52, 17.51it/s]
 54%|█████▍    | 1077/2000 [01:01<00:52, 17.51it/s]
 54%|█████▍    | 1079/2000 [01:01<00:52, 17.51it/s]
 54%|█████▍    | 1081/2000 [01:02<00:52, 17.46it/s]
 54%|█████▍    | 1083/2000 [01:02<00:52, 17.39it/s]
 54%|█████▍    | 1085/2000 [01:02<00:53, 17.26it/s]
 54%|█████▍    | 1087/2000 [01:02<00:52, 17.33it/s]
 54%|█████▍    | 1089/2000 [01:02<00:52, 17.34it/s]
 55%|█████▍    | 1091/2000 [01:02<00:52, 17.32it/s]
 55%|█████▍    | 1093/2000 [01:02<00:52, 17.32it/s]
 55%|█████▍    | 1095/2000 [01:02<00:52, 17.34it/s]
 55%|█████▍    | 1097/2000 [01:02<00:51, 17.39it/s]
 55%|█████▍    | 1099/2000 [01:03<00:51, 17.38it/s]
 55%|█████▌    | 1101/2000 [01:03<00:51, 17.41it/s]
 55%|█████▌    | 1103/2000 [01:03<00:51, 17.34it/s]
 55%|█████▌    | 1105/2000 [01:03<00:51, 17.33it/s]
 55%|█████▌    | 1107/2000 [01:03<00:51, 17.33it/s]
 55%|█████▌    | 1109/2000 [01:03<00:51, 17.38it/s]
 56%|█████▌    | 1111/2000 [01:03<00:51, 17.36it/s]
 56%|█████▌    | 1113/2000 [01:03<00:51, 17.09it/s]
 56%|█████▌    | 1115/2000 [01:03<00:51, 17.15it/s]
 56%|█████▌    | 1117/2000 [01:04<00:51, 17.20it/s]
 56%|█████▌    | 1119/2000 [01:04<00:51, 17.25it/s]
 56%|█████▌    | 1121/2000 [01:04<00:50, 17.29it/s]
 56%|█████▌    | 1123/2000 [01:04<00:50, 17.24it/s]
 56%|█████▋    | 1125/2000 [01:04<00:50, 17.30it/s]
 56%|█████▋    | 1127/2000 [01:04<00:50, 17.37it/s]
 56%|█████▋    | 1129/2000 [01:04<00:50, 17.36it/s]
 57%|█████▋    | 1131/2000 [01:04<00:49, 17.38it/s]
 57%|█████▋    | 1133/2000 [01:05<00:49, 17.38it/s]
 57%|█████▋    | 1135/2000 [01:05<00:49, 17.40it/s]
 57%|█████▋    | 1137/2000 [01:05<00:49, 17.41it/s]
 57%|█████▋    | 1139/2000 [01:05<00:49, 17.42it/s]
 57%|█████▋    | 1141/2000 [01:05<00:49, 17.27it/s]
 57%|█████▋    | 1143/2000 [01:05<00:49, 17.31it/s]
 57%|█████▋    | 1145/2000 [01:05<00:49, 17.32it/s]
 57%|█████▋    | 1147/2000 [01:05<00:49, 17.37it/s]
 57%|█████▋    | 1149/2000 [01:05<00:48, 17.39it/s]
 58%|█████▊    | 1151/2000 [01:06<00:48, 17.43it/s]
 58%|█████▊    | 1153/2000 [01:06<00:48, 17.41it/s]
 58%|█████▊    | 1155/2000 [01:06<00:48, 17.41it/s]
 58%|█████▊    | 1157/2000 [01:06<00:48, 17.41it/s]
 58%|█████▊    | 1159/2000 [01:06<00:48, 17.39it/s]
 58%|█████▊    | 1161/2000 [01:06<00:48, 17.44it/s]
 58%|█████▊    | 1163/2000 [01:06<00:47, 17.44it/s]
 58%|█████▊    | 1165/2000 [01:06<00:47, 17.42it/s]
 58%|█████▊    | 1167/2000 [01:06<00:47, 17.41it/s]
 58%|█████▊    | 1169/2000 [01:07<00:48, 17.27it/s]
 59%|█████▊    | 1171/2000 [01:07<00:48, 17.21it/s]
 59%|█████▊    | 1173/2000 [01:07<00:47, 17.29it/s]
 59%|█████▉    | 1175/2000 [01:07<00:47, 17.31it/s]
 59%|█████▉    | 1177/2000 [01:07<00:47, 17.33it/s]
 59%|█████▉    | 1179/2000 [01:07<00:47, 17.37it/s]
 59%|█████▉    | 1181/2000 [01:07<00:47, 17.41it/s]
 59%|█████▉    | 1183/2000 [01:07<00:46, 17.43it/s]
 59%|█████▉    | 1185/2000 [01:08<00:46, 17.36it/s]
 59%|█████▉    | 1187/2000 [01:08<00:46, 17.41it/s]
 59%|█████▉    | 1189/2000 [01:08<00:46, 17.47it/s]
 60%|█████▉    | 1191/2000 [01:08<00:46, 17.49it/s]
 60%|█████▉    | 1193/2000 [01:08<00:46, 17.49it/s]
 60%|█████▉    | 1195/2000 [01:08<00:46, 17.49it/s]
 60%|█████▉    | 1197/2000 [01:08<00:46, 17.36it/s]
 60%|█████▉    | 1199/2000 [01:08<00:45, 17.43it/s]
 60%|██████    | 1201/2000 [01:08<00:45, 17.45it/s]
 60%|██████    | 1203/2000 [01:09<00:45, 17.48it/s]
 60%|██████    | 1205/2000 [01:09<00:45, 17.40it/s]
 60%|██████    | 1207/2000 [01:09<00:45, 17.42it/s]
 60%|██████    | 1209/2000 [01:09<00:45, 17.41it/s]
 61%|██████    | 1211/2000 [01:09<00:45, 17.40it/s]
 61%|██████    | 1213/2000 [01:09<00:45, 17.41it/s]
 61%|██████    | 1215/2000 [01:09<00:45, 17.41it/s]
 61%|██████    | 1217/2000 [01:09<00:45, 17.32it/s]
 61%|██████    | 1219/2000 [01:09<00:44, 17.36it/s]
 61%|██████    | 1221/2000 [01:10<00:44, 17.37it/s]
 61%|██████    | 1223/2000 [01:10<00:44, 17.44it/s]
 61%|██████▏   | 1225/2000 [01:10<00:44, 17.30it/s]
 61%|██████▏   | 1227/2000 [01:10<00:44, 17.19it/s]
 61%|██████▏   | 1229/2000 [01:10<00:44, 17.25it/s]
 62%|██████▏   | 1231/2000 [01:10<00:44, 17.30it/s]
 62%|██████▏   | 1233/2000 [01:10<00:44, 17.32it/s]
 62%|██████▏   | 1235/2000 [01:10<00:44, 17.33it/s]
 62%|██████▏   | 1237/2000 [01:11<00:43, 17.35it/s]
 62%|██████▏   | 1239/2000 [01:11<00:43, 17.36it/s]
 62%|██████▏   | 1241/2000 [01:11<00:43, 17.40it/s]
 62%|██████▏   | 1243/2000 [01:11<00:43, 17.41it/s]
 62%|██████▏   | 1245/2000 [01:11<00:43, 17.42it/s]
 62%|██████▏   | 1247/2000 [01:11<00:43, 17.43it/s]
 62%|██████▏   | 1249/2000 [01:11<00:43, 17.41it/s]
 63%|██████▎   | 1251/2000 [01:11<00:43, 17.41it/s]
 63%|██████▎   | 1253/2000 [01:11<00:43, 17.26it/s]
 63%|██████▎   | 1255/2000 [01:12<00:43, 17.29it/s]
 63%|██████▎   | 1257/2000 [01:12<00:42, 17.31it/s]
 63%|██████▎   | 1259/2000 [01:12<00:42, 17.36it/s]
 63%|██████▎   | 1261/2000 [01:12<00:42, 17.38it/s]
 63%|██████▎   | 1263/2000 [01:12<00:42, 17.38it/s]
 63%|██████▎   | 1265/2000 [01:12<00:42, 17.43it/s]
 63%|██████▎   | 1267/2000 [01:12<00:42, 17.40it/s]
 63%|██████▎   | 1269/2000 [01:12<00:42, 17.40it/s]
 64%|██████▎   | 1271/2000 [01:12<00:41, 17.40it/s]
 64%|██████▎   | 1273/2000 [01:13<00:41, 17.39it/s]
 64%|██████▍   | 1275/2000 [01:13<00:41, 17.37it/s]
 64%|██████▍   | 1277/2000 [01:13<00:41, 17.47it/s]
 64%|██████▍   | 1279/2000 [01:13<00:41, 17.51it/s]
 64%|██████▍   | 1281/2000 [01:13<00:41, 17.36it/s]
 64%|██████▍   | 1283/2000 [01:13<00:41, 17.43it/s]
 64%|██████▍   | 1285/2000 [01:13<00:40, 17.50it/s]
 64%|██████▍   | 1287/2000 [01:13<00:40, 17.55it/s]
 64%|██████▍   | 1289/2000 [01:14<00:40, 17.56it/s]
 65%|██████▍   | 1291/2000 [01:14<00:40, 17.55it/s]
 65%|██████▍   | 1293/2000 [01:14<00:40, 17.58it/s]
 65%|██████▍   | 1295/2000 [01:14<00:40, 17.57it/s]
 65%|██████▍   | 1297/2000 [01:14<00:40, 17.56it/s]
 65%|██████▍   | 1299/2000 [01:14<00:39, 17.56it/s]
 65%|██████▌   | 1301/2000 [01:14<00:39, 17.58it/s]
 65%|██████▌   | 1303/2000 [01:14<00:39, 17.62it/s]
 65%|██████▌   | 1305/2000 [01:14<00:39, 17.62it/s]
 65%|██████▌   | 1307/2000 [01:15<00:39, 17.65it/s]
 65%|██████▌   | 1309/2000 [01:15<00:39, 17.51it/s]
 66%|██████▌   | 1311/2000 [01:15<00:39, 17.54it/s]
 66%|██████▌   | 1313/2000 [01:15<00:39, 17.57it/s]
 66%|██████▌   | 1315/2000 [01:15<00:38, 17.59it/s]
 66%|██████▌   | 1317/2000 [01:15<00:38, 17.61it/s]
 66%|██████▌   | 1319/2000 [01:15<00:38, 17.65it/s]
 66%|██████▌   | 1321/2000 [01:15<00:38, 17.61it/s]
 66%|██████▌   | 1323/2000 [01:15<00:38, 17.59it/s]
 66%|██████▋   | 1325/2000 [01:16<00:38, 17.59it/s]
 66%|██████▋   | 1327/2000 [01:16<00:38, 17.61it/s]
 66%|██████▋   | 1329/2000 [01:16<00:38, 17.59it/s]
 67%|██████▋   | 1331/2000 [01:16<00:37, 17.62it/s]
 67%|██████▋   | 1333/2000 [01:16<00:37, 17.61it/s]
 67%|██████▋   | 1335/2000 [01:16<00:37, 17.61it/s]
 67%|██████▋   | 1337/2000 [01:16<00:37, 17.49it/s]
 67%|██████▋   | 1339/2000 [01:16<00:37, 17.53it/s]
 67%|██████▋   | 1341/2000 [01:16<00:37, 17.50it/s]
 67%|██████▋   | 1343/2000 [01:17<00:37, 17.56it/s]
 67%|██████▋   | 1345/2000 [01:17<00:37, 17.56it/s]
 67%|██████▋   | 1347/2000 [01:17<00:37, 17.57it/s]
 67%|██████▋   | 1349/2000 [01:17<00:37, 17.57it/s]
 68%|██████▊   | 1351/2000 [01:17<00:36, 17.54it/s]
 68%|██████▊   | 1353/2000 [01:17<00:36, 17.57it/s]
 68%|██████▊   | 1355/2000 [01:17<00:36, 17.56it/s]
 68%|██████▊   | 1357/2000 [01:17<00:36, 17.58it/s]
 68%|██████▊   | 1359/2000 [01:17<00:36, 17.62it/s]
 68%|██████▊   | 1361/2000 [01:18<00:36, 17.62it/s]
 68%|██████▊   | 1363/2000 [01:18<00:36, 17.58it/s]
 68%|██████▊   | 1365/2000 [01:18<00:36, 17.49it/s]
 68%|██████▊   | 1367/2000 [01:18<00:36, 17.45it/s]
 68%|██████▊   | 1369/2000 [01:18<00:36, 17.47it/s]
 69%|██████▊   | 1371/2000 [01:18<00:35, 17.51it/s]
 69%|██████▊   | 1373/2000 [01:18<00:35, 17.55it/s]
 69%|██████▉   | 1375/2000 [01:18<00:35, 17.59it/s]
 69%|██████▉   | 1377/2000 [01:19<00:35, 17.61it/s]
 69%|██████▉   | 1379/2000 [01:19<00:35, 17.63it/s]
 69%|██████▉   | 1381/2000 [01:19<00:35, 17.62it/s]
 69%|██████▉   | 1383/2000 [01:19<00:35, 17.60it/s]
 69%|██████▉   | 1385/2000 [01:19<00:34, 17.58it/s]
 69%|██████▉   | 1387/2000 [01:19<00:34, 17.58it/s]
 69%|██████▉   | 1389/2000 [01:19<00:34, 17.60it/s]
 70%|██████▉   | 1391/2000 [01:19<00:34, 17.58it/s]
 70%|██████▉   | 1393/2000 [01:19<00:34, 17.43it/s]
 70%|██████▉   | 1395/2000 [01:20<00:34, 17.50it/s]
 70%|██████▉   | 1397/2000 [01:20<00:34, 17.56it/s]
 70%|██████▉   | 1399/2000 [01:20<00:34, 17.58it/s]
 70%|███████   | 1401/2000 [01:20<00:34, 17.58it/s]
 70%|███████   | 1403/2000 [01:20<00:34, 17.56it/s]
 70%|███████   | 1405/2000 [01:20<00:33, 17.55it/s]
 70%|███████   | 1407/2000 [01:20<00:33, 17.54it/s]
 70%|███████   | 1409/2000 [01:20<00:33, 17.54it/s]
 71%|███████   | 1411/2000 [01:20<00:33, 17.56it/s]
 71%|███████   | 1413/2000 [01:21<00:33, 17.55it/s]
 71%|███████   | 1415/2000 [01:21<00:33, 17.51it/s]
 71%|███████   | 1417/2000 [01:21<00:33, 17.54it/s]
 71%|███████   | 1419/2000 [01:21<00:33, 17.53it/s]
 71%|███████   | 1421/2000 [01:21<00:33, 17.38it/s]
 71%|███████   | 1423/2000 [01:21<00:33, 17.44it/s]
 71%|███████▏  | 1425/2000 [01:21<00:33, 17.42it/s]
 71%|███████▏  | 1427/2000 [01:21<00:32, 17.47it/s]
 71%|███████▏  | 1429/2000 [01:21<00:32, 17.46it/s]
 72%|███████▏  | 1431/2000 [01:22<00:32, 17.49it/s]
 72%|███████▏  | 1433/2000 [01:22<00:32, 17.48it/s]
 72%|███████▏  | 1435/2000 [01:22<00:32, 17.47it/s]
 72%|███████▏  | 1437/2000 [01:22<00:32, 17.48it/s]
 72%|███████▏  | 1439/2000 [01:22<00:32, 17.47it/s]
 72%|███████▏  | 1441/2000 [01:22<00:31, 17.51it/s]
 72%|███████▏  | 1443/2000 [01:22<00:31, 17.51it/s]
 72%|███████▏  | 1445/2000 [01:22<00:31, 17.41it/s]
 72%|███████▏  | 1447/2000 [01:23<00:31, 17.38it/s]
 72%|███████▏  | 1449/2000 [01:23<00:32, 17.18it/s]
 73%|███████▎  | 1451/2000 [01:23<00:31, 17.25it/s]
 73%|███████▎  | 1453/2000 [01:23<00:31, 17.28it/s]
 73%|███████▎  | 1455/2000 [01:23<00:31, 17.27it/s]
 73%|███████▎  | 1457/2000 [01:23<00:31, 17.29it/s]
 73%|███████▎  | 1459/2000 [01:23<00:31, 17.32it/s]
 73%|███████▎  | 1461/2000 [01:23<00:31, 17.33it/s]
 73%|███████▎  | 1463/2000 [01:23<00:30, 17.34it/s]
 73%|███████▎  | 1465/2000 [01:24<00:30, 17.33it/s]
 73%|███████▎  | 1467/2000 [01:24<00:30, 17.29it/s]
 73%|███████▎  | 1469/2000 [01:24<00:30, 17.29it/s]
 74%|███████▎  | 1471/2000 [01:24<00:30, 17.25it/s]
 74%|███████▎  | 1473/2000 [01:24<00:30, 17.17it/s]
 74%|███████▍  | 1475/2000 [01:24<00:30, 17.16it/s]
 74%|███████▍  | 1477/2000 [01:24<00:30, 16.98it/s]
 74%|███████▍  | 1479/2000 [01:24<00:30, 17.04it/s]
 74%|███████▍  | 1481/2000 [01:24<00:30, 17.02it/s]
 74%|███████▍  | 1483/2000 [01:25<00:30, 16.99it/s]
 74%|███████▍  | 1485/2000 [01:25<00:30, 16.98it/s]
 74%|███████▍  | 1487/2000 [01:25<00:30, 16.94it/s]
 74%|███████▍  | 1489/2000 [01:25<00:30, 16.90it/s]
 75%|███████▍  | 1491/2000 [01:25<00:30, 16.92it/s]
 75%|███████▍  | 1493/2000 [01:25<00:29, 16.91it/s]
 75%|███████▍  | 1495/2000 [01:25<00:29, 16.94it/s]
 75%|███████▍  | 1497/2000 [01:25<00:29, 16.89it/s]
 75%|███████▍  | 1499/2000 [01:26<00:29, 16.89it/s]
 75%|███████▌  | 1501/2000 [01:26<00:29, 16.86it/s]
 75%|███████▌  | 1503/2000 [01:26<00:29, 16.85it/s]
 75%|███████▌  | 1505/2000 [01:26<00:29, 16.70it/s]
 75%|███████▌  | 1507/2000 [01:26<00:29, 16.67it/s]
 75%|███████▌  | 1509/2000 [01:26<00:29, 16.71it/s]
 76%|███████▌  | 1511/2000 [01:26<00:29, 16.72it/s]
 76%|███████▌  | 1513/2000 [01:26<00:29, 16.77it/s]
 76%|███████▌  | 1515/2000 [01:27<00:28, 16.80it/s]
 76%|███████▌  | 1517/2000 [01:27<00:28, 16.80it/s]
 76%|███████▌  | 1519/2000 [01:27<00:28, 16.84it/s]
 76%|███████▌  | 1521/2000 [01:27<00:28, 16.84it/s]
 76%|███████▌  | 1523/2000 [01:27<00:28, 16.84it/s]
 76%|███████▋  | 1525/2000 [01:27<00:28, 16.89it/s]
 76%|███████▋  | 1527/2000 [01:27<00:27, 16.96it/s]
 76%|███████▋  | 1529/2000 [01:27<00:27, 16.98it/s]
 77%|███████▋  | 1531/2000 [01:27<00:27, 17.05it/s]
 77%|███████▋  | 1533/2000 [01:28<00:27, 16.90it/s]
 77%|███████▋  | 1535/2000 [01:28<00:27, 16.96it/s]
 77%|███████▋  | 1537/2000 [01:28<00:27, 17.00it/s]
 77%|███████▋  | 1539/2000 [01:28<00:27, 17.04it/s]
 77%|███████▋  | 1541/2000 [01:28<00:26, 17.08it/s]
 77%|███████▋  | 1543/2000 [01:28<00:26, 17.16it/s]
 77%|███████▋  | 1545/2000 [01:28<00:26, 17.20it/s]
 77%|███████▋  | 1547/2000 [01:28<00:26, 17.17it/s]
 77%|███████▋  | 1549/2000 [01:29<00:26, 17.17it/s]
 78%|███████▊  | 1551/2000 [01:29<00:26, 17.17it/s]
 78%|███████▊  | 1553/2000 [01:29<00:26, 17.19it/s]
 78%|███████▊  | 1555/2000 [01:29<00:25, 17.17it/s]
 78%|███████▊  | 1557/2000 [01:29<00:25, 17.07it/s]
 78%|███████▊  | 1559/2000 [01:29<00:25, 17.05it/s]
 78%|███████▊  | 1561/2000 [01:29<00:25, 16.90it/s]
 78%|███████▊  | 1563/2000 [01:29<00:25, 16.91it/s]
 78%|███████▊  | 1565/2000 [01:29<00:25, 16.91it/s]
 78%|███████▊  | 1567/2000 [01:30<00:25, 16.86it/s]
 78%|███████▊  | 1569/2000 [01:30<00:25, 16.80it/s]
 79%|███████▊  | 1571/2000 [01:30<00:25, 16.80it/s]
 79%|███████▊  | 1573/2000 [01:30<00:25, 16.79it/s]
 79%|███████▉  | 1575/2000 [01:30<00:25, 16.82it/s]
 79%|███████▉  | 1577/2000 [01:30<00:25, 16.82it/s]
 79%|███████▉  | 1579/2000 [01:30<00:25, 16.82it/s]
 79%|███████▉  | 1581/2000 [01:30<00:24, 16.81it/s]
 79%|███████▉  | 1583/2000 [01:31<00:24, 16.79it/s]
 79%|███████▉  | 1585/2000 [01:31<00:24, 16.79it/s]
 79%|███████▉  | 1587/2000 [01:31<00:24, 16.77it/s]
 79%|███████▉  | 1589/2000 [01:31<00:24, 16.62it/s]
 80%|███████▉  | 1591/2000 [01:31<00:24, 16.63it/s]
 80%|███████▉  | 1593/2000 [01:31<00:24, 16.67it/s]
 80%|███████▉  | 1595/2000 [01:31<00:24, 16.64it/s]
 80%|███████▉  | 1597/2000 [01:31<00:24, 16.64it/s]
 80%|███████▉  | 1599/2000 [01:31<00:24, 16.64it/s]
 80%|████████  | 1601/2000 [01:32<00:24, 16.62it/s]
 80%|████████  | 1603/2000 [01:32<00:23, 16.65it/s]
 80%|████████  | 1605/2000 [01:32<00:23, 16.64it/s]
 80%|████████  | 1607/2000 [01:32<00:23, 16.58it/s]
 80%|████████  | 1609/2000 [01:32<00:23, 16.58it/s]
 81%|████████  | 1611/2000 [01:32<00:23, 16.59it/s]
 81%|████████  | 1613/2000 [01:32<00:23, 16.55it/s]
 81%|████████  | 1615/2000 [01:32<00:23, 16.56it/s]
 81%|████████  | 1617/2000 [01:33<00:23, 16.46it/s]
 81%|████████  | 1619/2000 [01:33<00:23, 16.50it/s]
 81%|████████  | 1621/2000 [01:33<00:22, 16.58it/s]
 81%|████████  | 1623/2000 [01:33<00:22, 16.63it/s]
 81%|████████▏ | 1625/2000 [01:33<00:22, 16.66it/s]
 81%|████████▏ | 1627/2000 [01:33<00:22, 16.72it/s]
 81%|████████▏ | 1629/2000 [01:33<00:22, 16.75it/s]
 82%|████████▏ | 1631/2000 [01:33<00:22, 16.72it/s]
 82%|████████▏ | 1633/2000 [01:34<00:21, 16.71it/s]
 82%|████████▏ | 1635/2000 [01:34<00:21, 16.67it/s]
 82%|████████▏ | 1637/2000 [01:34<00:21, 16.62it/s]
 82%|████████▏ | 1639/2000 [01:34<00:21, 16.62it/s]
 82%|████████▏ | 1641/2000 [01:34<00:21, 16.64it/s]
 82%|████████▏ | 1643/2000 [01:34<00:21, 16.62it/s]
 82%|████████▏ | 1645/2000 [01:34<00:21, 16.53it/s]
 82%|████████▏ | 1647/2000 [01:34<00:21, 16.52it/s]
 82%|████████▏ | 1649/2000 [01:34<00:21, 16.60it/s]
 83%|████████▎ | 1651/2000 [01:35<00:20, 16.68it/s]
 83%|████████▎ | 1653/2000 [01:35<00:20, 16.73it/s]
 83%|████████▎ | 1655/2000 [01:35<00:20, 16.81it/s]
 83%|████████▎ | 1657/2000 [01:35<00:20, 16.83it/s]
 83%|████████▎ | 1659/2000 [01:35<00:20, 16.89it/s]
 83%|████████▎ | 1661/2000 [01:35<00:19, 16.96it/s]
 83%|████████▎ | 1663/2000 [01:35<00:19, 17.05it/s]
 83%|████████▎ | 1665/2000 [01:35<00:19, 17.11it/s]
 83%|████████▎ | 1667/2000 [01:36<00:19, 17.00it/s]
 83%|████████▎ | 1669/2000 [01:36<00:19, 17.03it/s]
 84%|████████▎ | 1671/2000 [01:36<00:19, 17.08it/s]
 84%|████████▎ | 1673/2000 [01:36<00:19, 16.93it/s]
 84%|████████▍ | 1675/2000 [01:36<00:19, 17.01it/s]
 84%|████████▍ | 1677/2000 [01:36<00:19, 16.96it/s]
 84%|████████▍ | 1679/2000 [01:36<00:18, 17.02it/s]
 84%|████████▍ | 1681/2000 [01:36<00:18, 17.11it/s]
 84%|████████▍ | 1683/2000 [01:36<00:18, 17.15it/s]
 84%|████████▍ | 1685/2000 [01:37<00:18, 17.17it/s]
 84%|████████▍ | 1687/2000 [01:37<00:18, 17.17it/s]
 84%|████████▍ | 1689/2000 [01:37<00:18, 17.13it/s]
 85%|████████▍ | 1691/2000 [01:37<00:18, 17.14it/s]
 85%|████████▍ | 1693/2000 [01:37<00:17, 17.16it/s]
 85%|████████▍ | 1695/2000 [01:37<00:17, 17.19it/s]
 85%|████████▍ | 1697/2000 [01:37<00:17, 17.14it/s]
 85%|████████▍ | 1699/2000 [01:37<00:17, 17.08it/s]
 85%|████████▌ | 1701/2000 [01:38<00:17, 16.99it/s]
 85%|████████▌ | 1703/2000 [01:38<00:17, 17.05it/s]
 85%|████████▌ | 1705/2000 [01:38<00:17, 17.10it/s]
 85%|████████▌ | 1707/2000 [01:38<00:17, 17.12it/s]
 85%|████████▌ | 1709/2000 [01:38<00:17, 17.11it/s]
 86%|████████▌ | 1711/2000 [01:38<00:16, 17.21it/s]
 86%|████████▌ | 1713/2000 [01:38<00:16, 17.27it/s]
 86%|████████▌ | 1715/2000 [01:38<00:16, 17.33it/s]
 86%|████████▌ | 1717/2000 [01:38<00:16, 17.33it/s]
 86%|████████▌ | 1719/2000 [01:39<00:16, 17.37it/s]
 86%|████████▌ | 1721/2000 [01:39<00:16, 17.39it/s]
 86%|████████▌ | 1723/2000 [01:39<00:15, 17.41it/s]
 86%|████████▋ | 1725/2000 [01:39<00:15, 17.38it/s]
 86%|████████▋ | 1727/2000 [01:39<00:15, 17.37it/s]
 86%|████████▋ | 1729/2000 [01:39<00:15, 17.28it/s]
 87%|████████▋ | 1731/2000 [01:39<00:15, 17.35it/s]
 87%|████████▋ | 1733/2000 [01:39<00:15, 17.37it/s]
 87%|████████▋ | 1735/2000 [01:40<00:15, 17.41it/s]
 87%|████████▋ | 1737/2000 [01:40<00:15, 17.44it/s]
 87%|████████▋ | 1739/2000 [01:40<00:14, 17.44it/s]
 87%|████████▋ | 1741/2000 [01:40<00:14, 17.44it/s]
 87%|████████▋ | 1743/2000 [01:40<00:14, 17.45it/s]
 87%|████████▋ | 1745/2000 [01:40<00:14, 17.47it/s]
 87%|████████▋ | 1747/2000 [01:40<00:14, 17.47it/s]
 87%|████████▋ | 1749/2000 [01:40<00:14, 17.46it/s]
 88%|████████▊ | 1751/2000 [01:40<00:14, 17.52it/s]
 88%|████████▊ | 1753/2000 [01:41<00:14, 17.51it/s]
 88%|████████▊ | 1755/2000 [01:41<00:14, 17.49it/s]
 88%|████████▊ | 1757/2000 [01:41<00:14, 17.35it/s]
 88%|████████▊ | 1759/2000 [01:41<00:13, 17.37it/s]
 88%|████████▊ | 1761/2000 [01:41<00:13, 17.36it/s]
 88%|████████▊ | 1763/2000 [01:41<00:13, 17.39it/s]
 88%|████████▊ | 1765/2000 [01:41<00:13, 17.43it/s]
 88%|████████▊ | 1767/2000 [01:41<00:13, 17.46it/s]
 88%|████████▊ | 1769/2000 [01:41<00:13, 17.34it/s]
 89%|████████▊ | 1771/2000 [01:42<00:13, 17.42it/s]
 89%|████████▊ | 1773/2000 [01:42<00:13, 17.43it/s]
 89%|████████▉ | 1775/2000 [01:42<00:12, 17.45it/s]
 89%|████████▉ | 1777/2000 [01:42<00:12, 17.45it/s]
 89%|████████▉ | 1779/2000 [01:42<00:12, 17.44it/s]
 89%|████████▉ | 1781/2000 [01:42<00:12, 17.45it/s]
 89%|████████▉ | 1783/2000 [01:42<00:12, 17.46it/s]
 89%|████████▉ | 1785/2000 [01:42<00:12, 17.32it/s]
 89%|████████▉ | 1787/2000 [01:42<00:12, 17.39it/s]
 89%|████████▉ | 1789/2000 [01:43<00:12, 17.42it/s]
 90%|████████▉ | 1791/2000 [01:43<00:12, 17.27it/s]
 90%|████████▉ | 1793/2000 [01:43<00:11, 17.27it/s]
 90%|████████▉ | 1795/2000 [01:43<00:11, 17.32it/s]
 90%|████████▉ | 1797/2000 [01:43<00:11, 17.35it/s]
 90%|████████▉ | 1799/2000 [01:43<00:11, 17.36it/s]
 90%|█████████ | 1801/2000 [01:43<00:11, 17.26it/s]
 90%|█████████ | 1803/2000 [01:43<00:11, 17.29it/s]
 90%|█████████ | 1805/2000 [01:44<00:11, 17.31it/s]
 90%|█████████ | 1807/2000 [01:44<00:11, 17.31it/s]
 90%|█████████ | 1809/2000 [01:44<00:10, 17.36it/s]
 91%|█████████ | 1811/2000 [01:44<00:10, 17.24it/s]
 91%|█████████ | 1813/2000 [01:44<00:10, 17.06it/s]
 91%|█████████ | 1815/2000 [01:44<00:10, 17.14it/s]
 91%|█████████ | 1817/2000 [01:44<00:10, 17.22it/s]
 91%|█████████ | 1819/2000 [01:44<00:10, 17.23it/s]
 91%|█████████ | 1821/2000 [01:44<00:10, 17.20it/s]
 91%|█████████ | 1823/2000 [01:45<00:10, 17.24it/s]
 91%|█████████▏| 1825/2000 [01:45<00:10, 17.25it/s]
 91%|█████████▏| 1827/2000 [01:45<00:10, 17.28it/s]
 91%|█████████▏| 1829/2000 [01:45<00:09, 17.28it/s]
 92%|█████████▏| 1831/2000 [01:45<00:09, 17.24it/s]
 92%|█████████▏| 1833/2000 [01:45<00:09, 17.31it/s]
 92%|█████████▏| 1835/2000 [01:45<00:09, 17.34it/s]
 92%|█████████▏| 1837/2000 [01:45<00:09, 17.31it/s]
 92%|█████████▏| 1839/2000 [01:45<00:09, 17.29it/s]
 92%|█████████▏| 1841/2000 [01:46<00:09, 17.13it/s]
 92%|█████████▏| 1843/2000 [01:46<00:09, 17.16it/s]
 92%|█████████▏| 1845/2000 [01:46<00:09, 17.17it/s]
 92%|█████████▏| 1847/2000 [01:46<00:08, 17.18it/s]
 92%|█████████▏| 1849/2000 [01:46<00:08, 17.20it/s]
 93%|█████████▎| 1851/2000 [01:46<00:08, 17.29it/s]
 93%|█████████▎| 1853/2000 [01:46<00:08, 17.35it/s]
 93%|█████████▎| 1855/2000 [01:46<00:08, 17.45it/s]
 93%|█████████▎| 1857/2000 [01:47<00:08, 17.50it/s]
 93%|█████████▎| 1859/2000 [01:47<00:08, 17.54it/s]
 93%|█████████▎| 1861/2000 [01:47<00:07, 17.57it/s]
 93%|█████████▎| 1863/2000 [01:47<00:07, 17.55it/s]
 93%|█████████▎| 1865/2000 [01:47<00:07, 17.55it/s]
 93%|█████████▎| 1867/2000 [01:47<00:07, 17.58it/s]
 93%|█████████▎| 1869/2000 [01:47<00:07, 17.43it/s]
 94%|█████████▎| 1871/2000 [01:47<00:07, 17.48it/s]
 94%|█████████▎| 1873/2000 [01:47<00:07, 17.50it/s]
 94%|█████████▍| 1875/2000 [01:48<00:07, 17.54it/s]
 94%|█████████▍| 1877/2000 [01:48<00:07, 17.06it/s]
 94%|█████████▍| 1879/2000 [01:48<00:07, 17.20it/s]
 94%|█████████▍| 1881/2000 [01:48<00:06, 17.28it/s]
 94%|█████████▍| 1883/2000 [01:48<00:06, 17.32it/s]
 94%|█████████▍| 1885/2000 [01:48<00:06, 17.42it/s]
 94%|█████████▍| 1887/2000 [01:48<00:06, 17.50it/s]
 94%|█████████▍| 1889/2000 [01:48<00:06, 17.54it/s]
 95%|█████████▍| 1891/2000 [01:48<00:06, 17.55it/s]
 95%|█████████▍| 1893/2000 [01:49<00:06, 17.57it/s]
 95%|█████████▍| 1895/2000 [01:49<00:05, 17.59it/s]
 95%|█████████▍| 1897/2000 [01:49<00:05, 17.48it/s]
 95%|█████████▍| 1899/2000 [01:49<00:05, 17.54it/s]
 95%|█████████▌| 1901/2000 [01:49<00:05, 17.56it/s]
 95%|█████████▌| 1903/2000 [01:49<00:05, 17.58it/s]
 95%|█████████▌| 1905/2000 [01:49<00:05, 17.63it/s]
 95%|█████████▌| 1907/2000 [01:49<00:05, 17.64it/s]
 95%|█████████▌| 1909/2000 [01:50<00:05, 17.66it/s]
 96%|█████████▌| 1911/2000 [01:50<00:05, 17.64it/s]
 96%|█████████▌| 1913/2000 [01:50<00:04, 17.64it/s]
 96%|█████████▌| 1915/2000 [01:50<00:04, 17.64it/s]
 96%|█████████▌| 1917/2000 [01:50<00:04, 17.65it/s]
 96%|█████████▌| 1919/2000 [01:50<00:04, 17.66it/s]
 96%|█████████▌| 1921/2000 [01:50<00:04, 17.66it/s]
 96%|█████████▌| 1923/2000 [01:50<00:04, 17.63it/s]
 96%|█████████▋| 1925/2000 [01:50<00:04, 17.45it/s]
 96%|█████████▋| 1927/2000 [01:51<00:04, 17.51it/s]
 96%|█████████▋| 1929/2000 [01:51<00:04, 17.53it/s]
 97%|█████████▋| 1931/2000 [01:51<00:03, 17.59it/s]
 97%|█████████▋| 1933/2000 [01:51<00:03, 17.58it/s]
 97%|█████████▋| 1935/2000 [01:51<00:03, 17.59it/s]
 97%|█████████▋| 1937/2000 [01:51<00:03, 17.61it/s]
 97%|█████████▋| 1939/2000 [01:51<00:03, 17.60it/s]
 97%|█████████▋| 1941/2000 [01:51<00:03, 17.59it/s]
 97%|█████████▋| 1943/2000 [01:51<00:03, 17.57it/s]
 97%|█████████▋| 1945/2000 [01:52<00:03, 17.63it/s]
 97%|█████████▋| 1947/2000 [01:52<00:03, 17.59it/s]
 97%|█████████▋| 1949/2000 [01:52<00:02, 17.62it/s]
 98%|█████████▊| 1951/2000 [01:52<00:02, 17.62it/s]
 98%|█████████▊| 1953/2000 [01:52<00:02, 17.47it/s]
 98%|█████████▊| 1955/2000 [01:52<00:02, 17.53it/s]
 98%|█████████▊| 1957/2000 [01:52<00:02, 17.54it/s]
 98%|█████████▊| 1959/2000 [01:52<00:02, 17.56it/s]
 98%|█████████▊| 1961/2000 [01:52<00:02, 17.58it/s]
 98%|█████████▊| 1963/2000 [01:53<00:02, 17.63it/s]
 98%|█████████▊| 1965/2000 [01:53<00:01, 17.57it/s]
 98%|█████████▊| 1967/2000 [01:53<00:01, 17.56it/s]
 98%|█████████▊| 1969/2000 [01:53<00:01, 17.59it/s]
 99%|█████████▊| 1971/2000 [01:53<00:01, 17.60it/s]
 99%|█████████▊| 1973/2000 [01:53<00:01, 17.65it/s]
 99%|█████████▉| 1975/2000 [01:53<00:01, 17.68it/s]
 99%|█████████▉| 1977/2000 [01:53<00:01, 17.67it/s]
 99%|█████████▉| 1979/2000 [01:53<00:01, 17.69it/s]
 99%|█████████▉| 1981/2000 [01:54<00:01, 17.55it/s]
 99%|█████████▉| 1983/2000 [01:54<00:00, 17.60it/s]
 99%|█████████▉| 1985/2000 [01:54<00:00, 17.63it/s]
 99%|█████████▉| 1987/2000 [01:54<00:00, 17.65it/s]
 99%|█████████▉| 1989/2000 [01:54<00:00, 17.62it/s]
100%|█████████▉| 1991/2000 [01:54<00:00, 17.63it/s]
100%|█████████▉| 1993/2000 [01:54<00:00, 17.64it/s]
100%|█████████▉| 1995/2000 [01:54<00:00, 17.63it/s]
100%|█████████▉| 1997/2000 [01:55<00:00, 17.65it/s]
100%|█████████▉| 1999/2000 [01:55<00:00, 17.58it/s]
100%|██████████| 2000/2000 [01:55<00:00, 17.35it/s]
  P(true) judge for gemma-truthfulqa (817 rows)...

  0%|          | 0/817 [00:00<?, ?it/s]
  0%|          | 3/817 [00:00<00:32, 25.07it/s]
  1%|          | 6/817 [00:00<00:40, 20.11it/s]
  1%|          | 9/817 [00:00<00:43, 18.75it/s]
  1%|▏         | 11/817 [00:00<00:43, 18.36it/s]
  2%|▏         | 13/817 [00:00<00:44, 18.12it/s]
  2%|▏         | 15/817 [00:00<00:44, 17.98it/s]
  2%|▏         | 17/817 [00:00<00:44, 17.86it/s]
  2%|▏         | 19/817 [00:01<00:44, 17.76it/s]
  3%|▎         | 21/817 [00:01<00:44, 17.70it/s]
  3%|▎         | 23/817 [00:01<00:44, 17.69it/s]
  3%|▎         | 25/817 [00:01<00:44, 17.68it/s]
  3%|▎         | 27/817 [00:01<00:44, 17.69it/s]
  4%|▎         | 29/817 [00:01<00:44, 17.68it/s]
  4%|▍         | 31/817 [00:01<00:44, 17.69it/s]
  4%|▍         | 33/817 [00:01<00:44, 17.64it/s]
  4%|▍         | 35/817 [00:01<00:44, 17.54it/s]
  5%|▍         | 37/817 [00:02<00:44, 17.57it/s]
  5%|▍         | 39/817 [00:02<00:44, 17.58it/s]
  5%|▌         | 41/817 [00:02<00:44, 17.58it/s]
  5%|▌         | 43/817 [00:02<00:44, 17.58it/s]
  6%|▌         | 45/817 [00:02<00:43, 17.61it/s]
  6%|▌         | 47/817 [00:02<00:43, 17.61it/s]
  6%|▌         | 49/817 [00:02<00:43, 17.61it/s]
  6%|▌         | 51/817 [00:02<00:43, 17.61it/s]
  6%|▋         | 53/817 [00:02<00:43, 17.61it/s]
  7%|▋         | 55/817 [00:03<00:43, 17.59it/s]
  7%|▋         | 57/817 [00:03<00:43, 17.53it/s]
  7%|▋         | 59/817 [00:03<00:43, 17.57it/s]
  7%|▋         | 61/817 [00:03<00:43, 17.57it/s]
  8%|▊         | 63/817 [00:03<00:43, 17.44it/s]
  8%|▊         | 65/817 [00:03<00:43, 17.47it/s]
  8%|▊         | 67/817 [00:03<00:42, 17.51it/s]
  8%|▊         | 69/817 [00:03<00:54, 13.73it/s]
  9%|▊         | 71/817 [00:04<00:52, 14.13it/s]
  9%|▉         | 73/817 [00:04<00:49, 15.02it/s]
  9%|▉         | 75/817 [00:04<00:47, 15.69it/s]
  9%|▉         | 77/817 [00:04<00:45, 16.21it/s]
 10%|▉         | 79/817 [00:04<00:44, 16.60it/s]
 10%|▉         | 81/817 [00:04<00:43, 16.86it/s]
 10%|█         | 83/817 [00:04<00:43, 17.06it/s]
 10%|█         | 85/817 [00:04<00:42, 17.20it/s]
 11%|█         | 87/817 [00:05<00:42, 17.30it/s]
 11%|█         | 89/817 [00:05<00:41, 17.35it/s]
 11%|█         | 91/817 [00:05<00:42, 17.25it/s]
 11%|█▏        | 93/817 [00:05<00:41, 17.33it/s]
 12%|█▏        | 95/817 [00:05<00:41, 17.40it/s]
 12%|█▏        | 97/817 [00:05<00:41, 17.44it/s]
 12%|█▏        | 99/817 [00:05<00:41, 17.48it/s]
 12%|█▏        | 101/817 [00:05<00:41, 17.45it/s]
 13%|█▎        | 103/817 [00:06<00:48, 14.62it/s]
 13%|█▎        | 105/817 [00:06<00:46, 15.35it/s]
 13%|█▎        | 107/817 [00:06<00:44, 15.97it/s]
 13%|█▎        | 109/817 [00:06<00:43, 16.41it/s]
 14%|█▎        | 111/817 [00:06<00:42, 16.70it/s]
 14%|█▍        | 113/817 [00:06<00:41, 16.94it/s]
 14%|█▍        | 115/817 [00:06<00:41, 17.11it/s]
 14%|█▍        | 117/817 [00:06<00:40, 17.24it/s]
 15%|█▍        | 119/817 [00:06<00:40, 17.17it/s]
 15%|█▍        | 121/817 [00:07<00:40, 17.25it/s]
 15%|█▌        | 123/817 [00:07<00:40, 17.28it/s]
 15%|█▌        | 125/817 [00:07<00:39, 17.33it/s]
 16%|█▌        | 127/817 [00:07<00:39, 17.34it/s]
 16%|█▌        | 129/817 [00:07<00:39, 17.36it/s]
 16%|█▌        | 131/817 [00:07<00:39, 17.36it/s]
 16%|█▋        | 133/817 [00:07<00:39, 17.39it/s]
 17%|█▋        | 135/817 [00:07<00:39, 17.41it/s]
 17%|█▋        | 137/817 [00:07<00:39, 17.42it/s]
 17%|█▋        | 139/817 [00:08<00:38, 17.50it/s]
 17%|█▋        | 141/817 [00:08<00:38, 17.56it/s]
 18%|█▊        | 143/817 [00:08<00:38, 17.64it/s]
 18%|█▊        | 145/817 [00:08<00:38, 17.66it/s]
 18%|█▊        | 147/817 [00:08<00:38, 17.53it/s]
 18%|█▊        | 149/817 [00:08<00:37, 17.60it/s]
 18%|█▊        | 151/817 [00:08<00:37, 17.64it/s]
 19%|█▊        | 153/817 [00:08<00:37, 17.65it/s]
 19%|█▉        | 155/817 [00:08<00:37, 17.69it/s]
 19%|█▉        | 157/817 [00:09<00:37, 17.68it/s]
 19%|█▉        | 159/817 [00:09<00:37, 17.67it/s]
 20%|█▉        | 161/817 [00:09<00:37, 17.67it/s]
 20%|█▉        | 163/817 [00:09<00:36, 17.68it/s]
 20%|██        | 165/817 [00:09<00:36, 17.70it/s]
 20%|██        | 167/817 [00:09<00:36, 17.72it/s]
 21%|██        | 169/817 [00:09<00:36, 17.75it/s]
 21%|██        | 171/817 [00:09<00:36, 17.72it/s]
 21%|██        | 173/817 [00:10<00:36, 17.74it/s]
 21%|██▏       | 175/817 [00:10<00:36, 17.58it/s]
 22%|██▏       | 177/817 [00:10<00:36, 17.59it/s]
 22%|██▏       | 179/817 [00:10<00:36, 17.63it/s]
 22%|██▏       | 181/817 [00:10<00:36, 17.66it/s]
 22%|██▏       | 183/817 [00:10<00:35, 17.66it/s]
 23%|██▎       | 185/817 [00:10<00:35, 17.66it/s]
 23%|██▎       | 187/817 [00:10<00:35, 17.64it/s]
 23%|██▎       | 189/817 [00:10<00:35, 17.65it/s]
 23%|██▎       | 191/817 [00:11<00:35, 17.64it/s]
 24%|██▎       | 193/817 [00:11<00:35, 17.65it/s]
 24%|██▍       | 195/817 [00:11<00:35, 17.64it/s]
 24%|██▍       | 197/817 [00:11<00:35, 17.68it/s]
 24%|██▍       | 199/817 [00:11<00:34, 17.67it/s]
 25%|██▍       | 201/817 [00:11<00:34, 17.69it/s]
 25%|██▍       | 203/817 [00:11<00:34, 17.55it/s]
 25%|██▌       | 205/817 [00:11<00:34, 17.54it/s]
 25%|██▌       | 207/817 [00:11<00:34, 17.58it/s]
 26%|██▌       | 209/817 [00:12<00:34, 17.61it/s]
 26%|██▌       | 211/817 [00:12<00:34, 17.63it/s]
 26%|██▌       | 213/817 [00:12<00:34, 17.66it/s]
 26%|██▋       | 215/817 [00:12<00:34, 17.61it/s]
 27%|██▋       | 217/817 [00:12<00:34, 17.62it/s]
 27%|██▋       | 219/817 [00:12<00:33, 17.68it/s]
 27%|██▋       | 221/817 [00:12<00:33, 17.66it/s]
 27%|██▋       | 223/817 [00:12<00:33, 17.68it/s]
 28%|██▊       | 225/817 [00:12<00:33, 17.66it/s]
 28%|██▊       | 227/817 [00:13<00:33, 17.54it/s]
 28%|██▊       | 229/817 [00:13<00:33, 17.57it/s]
 28%|██▊       | 231/817 [00:13<00:33, 17.45it/s]
 29%|██▊       | 233/817 [00:13<00:33, 17.20it/s]
 29%|██▉       | 235/817 [00:13<00:33, 17.31it/s]
 29%|██▉       | 237/817 [00:13<00:33, 17.28it/s]
 29%|██▉       | 239/817 [00:13<00:33, 17.37it/s]
 29%|██▉       | 241/817 [00:13<00:33, 17.40it/s]
 30%|██▉       | 243/817 [00:13<00:32, 17.42it/s]
 30%|██▉       | 245/817 [00:14<00:32, 17.44it/s]
 30%|███       | 247/817 [00:14<00:32, 17.38it/s]
 30%|███       | 249/817 [00:14<00:32, 17.43it/s]
 31%|███       | 251/817 [00:14<00:32, 17.45it/s]
 31%|███       | 253/817 [00:14<00:32, 17.47it/s]
 31%|███       | 255/817 [00:14<00:32, 17.48it/s]
 31%|███▏      | 257/817 [00:14<00:32, 17.48it/s]
 32%|███▏      | 259/817 [00:14<00:32, 17.27it/s]
 32%|███▏      | 261/817 [00:15<00:32, 17.33it/s]
 32%|███▏      | 263/817 [00:15<00:31, 17.37it/s]
 32%|███▏      | 265/817 [00:15<00:31, 17.39it/s]
 33%|███▎      | 267/817 [00:15<00:31, 17.33it/s]
 33%|███▎      | 269/817 [00:15<00:31, 17.30it/s]
 33%|███▎      | 271/817 [00:15<00:31, 17.36it/s]
 33%|███▎      | 273/817 [00:15<00:31, 17.38it/s]
 34%|███▎      | 275/817 [00:15<00:31, 17.40it/s]
 34%|███▍      | 277/817 [00:15<00:31, 17.40it/s]
 34%|███▍      | 279/817 [00:16<00:30, 17.43it/s]
 34%|███▍      | 281/817 [00:16<00:30, 17.49it/s]
 35%|███▍      | 283/817 [00:16<00:30, 17.51it/s]
 35%|███▍      | 285/817 [00:16<00:30, 17.50it/s]
 35%|███▌      | 287/817 [00:16<00:30, 17.35it/s]
 35%|███▌      | 289/817 [00:16<00:30, 17.39it/s]
 36%|███▌      | 291/817 [00:16<00:30, 17.41it/s]
 36%|███▌      | 293/817 [00:16<00:30, 17.41it/s]
 36%|███▌      | 295/817 [00:16<00:29, 17.41it/s]
 36%|███▋      | 297/817 [00:17<00:29, 17.46it/s]
 37%|███▋      | 299/817 [00:17<00:29, 17.45it/s]
 37%|███▋      | 301/817 [00:17<00:29, 17.45it/s]
 37%|███▋      | 303/817 [00:17<00:29, 17.42it/s]
 37%|███▋      | 305/817 [00:17<00:29, 17.43it/s]
 38%|███▊      | 307/817 [00:17<00:29, 17.44it/s]
 38%|███▊      | 309/817 [00:17<00:29, 17.45it/s]
 38%|███▊      | 311/817 [00:17<00:29, 17.40it/s]
 38%|███▊      | 313/817 [00:18<00:28, 17.48it/s]
 39%|███▊      | 315/817 [00:18<00:28, 17.42it/s]
 39%|███▉      | 317/817 [00:18<00:28, 17.51it/s]
 39%|███▉      | 319/817 [00:18<00:28, 17.55it/s]
 39%|███▉      | 321/817 [00:18<00:28, 17.63it/s]
 40%|███▉      | 323/817 [00:18<00:28, 17.63it/s]
 40%|███▉      | 325/817 [00:18<00:27, 17.64it/s]
 40%|████      | 327/817 [00:18<00:27, 17.66it/s]
 40%|████      | 329/817 [00:18<00:27, 17.66it/s]
 41%|████      | 331/817 [00:19<00:27, 17.64it/s]
 41%|████      | 333/817 [00:19<00:27, 17.66it/s]
 41%|████      | 335/817 [00:19<00:27, 17.64it/s]
 41%|████      | 337/817 [00:19<00:27, 17.67it/s]
 41%|████▏     | 339/817 [00:19<00:27, 17.68it/s]
 42%|████▏     | 341/817 [00:19<00:26, 17.68it/s]
 42%|████▏     | 343/817 [00:19<00:27, 17.53it/s]
 42%|████▏     | 345/817 [00:19<00:26, 17.59it/s]
 42%|████▏     | 347/817 [00:19<00:26, 17.62it/s]
 43%|████▎     | 349/817 [00:20<00:26, 17.61it/s]
 43%|████▎     | 351/817 [00:20<00:26, 17.53it/s]
 43%|████▎     | 353/817 [00:20<00:26, 17.57it/s]
 43%|████▎     | 355/817 [00:20<00:26, 17.61it/s]
 44%|████▎     | 357/817 [00:20<00:26, 17.64it/s]
 44%|████▍     | 359/817 [00:20<00:25, 17.63it/s]
 44%|████▍     | 361/817 [00:20<00:25, 17.61it/s]
 44%|████▍     | 363/817 [00:20<00:25, 17.60it/s]
 45%|████▍     | 365/817 [00:20<00:25, 17.61it/s]
 45%|████▍     | 367/817 [00:21<00:25, 17.67it/s]
 45%|████▌     | 369/817 [00:21<00:25, 17.71it/s]
 45%|████▌     | 371/817 [00:21<00:25, 17.60it/s]
 46%|████▌     | 373/817 [00:21<00:25, 17.61it/s]
 46%|████▌     | 375/817 [00:21<00:25, 17.63it/s]
 46%|████▌     | 377/817 [00:21<00:24, 17.66it/s]
 46%|████▋     | 379/817 [00:21<00:24, 17.66it/s]
 47%|████▋     | 381/817 [00:21<00:24, 17.68it/s]
 47%|████▋     | 383/817 [00:21<00:24, 17.62it/s]
 47%|████▋     | 385/817 [00:22<00:24, 17.62it/s]
 47%|████▋     | 387/817 [00:22<00:24, 17.63it/s]
 48%|████▊     | 389/817 [00:22<00:24, 17.61it/s]
 48%|████▊     | 391/817 [00:22<00:24, 17.64it/s]
 48%|████▊     | 393/817 [00:22<00:24, 17.52it/s]
 48%|████▊     | 395/817 [00:22<00:24, 17.51it/s]
 49%|████▊     | 397/817 [00:22<00:23, 17.53it/s]
 49%|████▉     | 399/817 [00:22<00:24, 17.38it/s]
 49%|████▉     | 401/817 [00:23<00:23, 17.45it/s]
 49%|████▉     | 403/817 [00:23<00:23, 17.47it/s]
 50%|████▉     | 405/817 [00:23<00:23, 17.48it/s]
 50%|████▉     | 407/817 [00:23<00:23, 17.53it/s]
 50%|█████     | 409/817 [00:23<00:23, 17.57it/s]
 50%|█████     | 411/817 [00:23<00:23, 17.59it/s]
 51%|█████     | 413/817 [00:23<00:22, 17.63it/s]
 51%|█████     | 415/817 [00:23<00:22, 17.59it/s]
 51%|█████     | 417/817 [00:23<00:22, 17.62it/s]
 51%|█████▏    | 419/817 [00:24<00:22, 17.62it/s]
 52%|█████▏    | 421/817 [00:24<00:22, 17.61it/s]
 52%|█████▏    | 423/817 [00:24<00:22, 17.64it/s]
 52%|█████▏    | 425/817 [00:24<00:22, 17.44it/s]
 52%|█████▏    | 427/817 [00:24<00:22, 17.31it/s]
 53%|█████▎    | 429/817 [00:24<00:22, 17.41it/s]
 53%|█████▎    | 431/817 [00:24<00:22, 17.40it/s]
 53%|█████▎    | 433/817 [00:24<00:22, 17.39it/s]
 53%|█████▎    | 435/817 [00:24<00:21, 17.40it/s]
 53%|█████▎    | 437/817 [00:25<00:21, 17.42it/s]
 54%|█████▎    | 439/817 [00:25<00:21, 17.47it/s]
 54%|█████▍    | 441/817 [00:25<00:21, 17.46it/s]
 54%|█████▍    | 443/817 [00:25<00:21, 17.49it/s]
 54%|█████▍    | 445/817 [00:25<00:21, 17.46it/s]
 55%|█████▍    | 447/817 [00:25<00:21, 17.45it/s]
 55%|█████▍    | 449/817 [00:25<00:21, 17.44it/s]
 55%|█████▌    | 451/817 [00:25<00:20, 17.43it/s]
 55%|█████▌    | 453/817 [00:25<00:20, 17.42it/s]
 56%|█████▌    | 455/817 [00:26<00:20, 17.28it/s]
 56%|█████▌    | 457/817 [00:26<00:20, 17.36it/s]
 56%|█████▌    | 459/817 [00:26<00:20, 17.43it/s]
 56%|█████▋    | 461/817 [00:26<00:20, 17.44it/s]
 57%|█████▋    | 463/817 [00:26<00:20, 17.44it/s]
 57%|█████▋    | 465/817 [00:26<00:20, 17.45it/s]
 57%|█████▋    | 467/817 [00:26<00:20, 17.42it/s]
 57%|█████▋    | 469/817 [00:26<00:19, 17.43it/s]
 58%|█████▊    | 471/817 [00:27<00:19, 17.44it/s]
 58%|█████▊    | 473/817 [00:27<00:19, 17.43it/s]
 58%|█████▊    | 475/817 [00:27<00:19, 17.44it/s]
 58%|█████▊    | 477/817 [00:27<00:19, 17.41it/s]
 59%|█████▊    | 479/817 [00:27<00:19, 17.44it/s]
 59%|█████▉    | 481/817 [00:27<00:19, 17.45it/s]
 59%|█████▉    | 483/817 [00:27<00:19, 17.29it/s]
 59%|█████▉    | 485/817 [00:27<00:19, 17.36it/s]
 60%|█████▉    | 487/817 [00:27<00:18, 17.38it/s]
 60%|█████▉    | 489/817 [00:28<00:18, 17.46it/s]
 60%|██████    | 491/817 [00:28<00:18, 17.49it/s]
 60%|██████    | 493/817 [00:28<00:18, 17.53it/s]
 61%|██████    | 495/817 [00:28<00:18, 17.58it/s]
 61%|██████    | 497/817 [00:28<00:18, 17.59it/s]
 61%|██████    | 499/817 [00:28<00:18, 17.61it/s]
 61%|██████▏   | 501/817 [00:28<00:17, 17.64it/s]
 62%|██████▏   | 503/817 [00:28<00:17, 17.68it/s]
 62%|██████▏   | 505/817 [00:28<00:17, 17.69it/s]
 62%|██████▏   | 507/817 [00:29<00:17, 17.69it/s]
 62%|██████▏   | 509/817 [00:29<00:17, 17.69it/s]
 63%|██████▎   | 511/817 [00:29<00:17, 17.56it/s]
 63%|██████▎   | 513/817 [00:29<00:17, 17.61it/s]
 63%|██████▎   | 515/817 [00:29<00:17, 17.66it/s]
 63%|██████▎   | 517/817 [00:29<00:16, 17.71it/s]
 64%|██████▎   | 519/817 [00:29<00:16, 17.70it/s]
 64%|██████▍   | 521/817 [00:29<00:16, 17.69it/s]
 64%|██████▍   | 523/817 [00:29<00:16, 17.70it/s]
 64%|██████▍   | 525/817 [00:30<00:16, 17.69it/s]
 65%|██████▍   | 527/817 [00:30<00:16, 17.71it/s]
 65%|██████▍   | 529/817 [00:30<00:16, 17.68it/s]
 65%|██████▍   | 531/817 [00:30<00:16, 17.68it/s]
 65%|██████▌   | 533/817 [00:30<00:16, 17.72it/s]
 65%|██████▌   | 535/817 [00:30<00:15, 17.70it/s]
 66%|██████▌   | 537/817 [00:30<00:15, 17.71it/s]
 66%|██████▌   | 539/817 [00:30<00:15, 17.56it/s]
 66%|██████▌   | 541/817 [00:30<00:15, 17.60it/s]
 66%|██████▋   | 543/817 [00:31<00:15, 17.64it/s]
 67%|██████▋   | 545/817 [00:31<00:15, 17.65it/s]
 67%|██████▋   | 547/817 [00:31<00:15, 17.64it/s]
 67%|██████▋   | 549/817 [00:31<00:15, 17.63it/s]
 67%|██████▋   | 551/817 [00:31<00:15, 17.63it/s]
 68%|██████▊   | 553/817 [00:31<00:14, 17.62it/s]
 68%|██████▊   | 555/817 [00:31<00:14, 17.63it/s]
 68%|██████▊   | 557/817 [00:31<00:14, 17.64it/s]
 68%|██████▊   | 559/817 [00:32<00:14, 17.63it/s]
 69%|██████▊   | 561/817 [00:32<00:14, 17.63it/s]
 69%|██████▉   | 563/817 [00:32<00:14, 17.65it/s]
 69%|██████▉   | 565/817 [00:32<00:14, 17.67it/s]
 69%|██████▉   | 567/817 [00:32<00:14, 17.52it/s]
 70%|██████▉   | 569/817 [00:32<00:14, 17.55it/s]
 70%|██████▉   | 571/817 [00:32<00:13, 17.58it/s]
 70%|███████   | 573/817 [00:32<00:13, 17.64it/s]
 70%|███████   | 575/817 [00:32<00:13, 17.63it/s]
 71%|███████   | 577/817 [00:33<00:13, 17.61it/s]
 71%|███████   | 579/817 [00:33<00:13, 17.59it/s]
 71%|███████   | 581/817 [00:33<00:13, 17.52it/s]
 71%|███████▏  | 583/817 [00:33<00:13, 17.54it/s]
 72%|███████▏  | 585/817 [00:33<00:13, 17.57it/s]
 72%|███████▏  | 587/817 [00:33<00:13, 17.62it/s]
 72%|███████▏  | 589/817 [00:33<00:12, 17.63it/s]
 72%|███████▏  | 591/817 [00:33<00:12, 17.64it/s]
 73%|███████▎  | 593/817 [00:33<00:12, 17.66it/s]
 73%|███████▎  | 595/817 [00:34<00:12, 17.56it/s]
 73%|███████▎  | 597/817 [00:34<00:12, 17.63it/s]
 73%|███████▎  | 599/817 [00:34<00:12, 17.65it/s]
 74%|███████▎  | 601/817 [00:34<00:12, 17.68it/s]
 74%|███████▍  | 603/817 [00:34<00:12, 17.65it/s]
 74%|███████▍  | 605/817 [00:34<00:11, 17.67it/s]
 74%|███████▍  | 607/817 [00:34<00:11, 17.66it/s]
 75%|███████▍  | 609/817 [00:34<00:11, 17.66it/s]
 75%|███████▍  | 611/817 [00:34<00:11, 17.68it/s]
 75%|███████▌  | 613/817 [00:35<00:11, 17.65it/s]
 75%|███████▌  | 615/817 [00:35<00:11, 17.65it/s]
 76%|███████▌  | 617/817 [00:35<00:11, 17.64it/s]
 76%|███████▌  | 619/817 [00:35<00:11, 17.61it/s]
 76%|███████▌  | 621/817 [00:35<00:11, 17.59it/s]
 76%|███████▋  | 623/817 [00:35<00:11, 17.45it/s]
 76%|███████▋  | 625/817 [00:35<00:10, 17.50it/s]
 77%|███████▋  | 627/817 [00:35<00:10, 17.51it/s]
 77%|███████▋  | 629/817 [00:35<00:10, 17.55it/s]
 77%|███████▋  | 631/817 [00:36<00:10, 17.60it/s]
 77%|███████▋  | 633/817 [00:36<00:10, 17.60it/s]
 78%|███████▊  | 635/817 [00:36<00:10, 17.57it/s]
 78%|███████▊  | 637/817 [00:36<00:10, 17.62it/s]
 78%|███████▊  | 639/817 [00:36<00:10, 17.63it/s]
 78%|███████▊  | 641/817 [00:36<00:09, 17.63it/s]
 79%|███████▊  | 643/817 [00:36<00:09, 17.65it/s]
 79%|███████▉  | 645/817 [00:36<00:09, 17.61it/s]
 79%|███████▉  | 647/817 [00:37<00:09, 17.61it/s]
 79%|███████▉  | 649/817 [00:37<00:09, 17.61it/s]
 80%|███████▉  | 651/817 [00:37<00:09, 17.48it/s]
 80%|███████▉  | 653/817 [00:37<00:09, 17.56it/s]
 80%|████████  | 655/817 [00:37<00:09, 17.57it/s]
 80%|████████  | 657/817 [00:37<00:09, 17.61it/s]
 81%|████████  | 659/817 [00:37<00:08, 17.62it/s]
 81%|████████  | 661/817 [00:37<00:08, 17.63it/s]
 81%|████████  | 663/817 [00:37<00:08, 17.62it/s]
 81%|████████▏ | 665/817 [00:38<00:08, 17.64it/s]
 82%|████████▏ | 667/817 [00:38<00:08, 17.65it/s]
 82%|████████▏ | 669/817 [00:38<00:08, 17.65it/s]
 82%|████████▏ | 671/817 [00:38<00:08, 17.66it/s]
 82%|████████▏ | 673/817 [00:38<00:08, 17.68it/s]
 83%|████████▎ | 675/817 [00:38<00:08, 17.65it/s]
 83%|████████▎ | 677/817 [00:38<00:07, 17.66it/s]
 83%|████████▎ | 679/817 [00:38<00:07, 17.49it/s]
 83%|████████▎ | 681/817 [00:38<00:07, 17.54it/s]
 84%|████████▎ | 683/817 [00:39<00:07, 17.57it/s]
 84%|████████▍ | 685/817 [00:39<00:07, 17.57it/s]
 84%|████████▍ | 687/817 [00:39<00:07, 17.54it/s]
 84%|████████▍ | 689/817 [00:39<00:07, 17.58it/s]
 85%|████████▍ | 691/817 [00:39<00:07, 17.62it/s]
 85%|████████▍ | 693/817 [00:39<00:07, 17.63it/s]
 85%|████████▌ | 695/817 [00:39<00:06, 17.66it/s]
 85%|████████▌ | 697/817 [00:39<00:06, 17.57it/s]
 86%|████████▌ | 699/817 [00:39<00:06, 17.58it/s]
 86%|████████▌ | 701/817 [00:40<00:06, 17.62it/s]
 86%|████████▌ | 703/817 [00:40<00:06, 17.66it/s]
 86%|████████▋ | 705/817 [00:40<00:06, 17.68it/s]
 87%|████████▋ | 707/817 [00:40<00:06, 17.49it/s]
 87%|████████▋ | 709/817 [00:40<00:06, 17.53it/s]
 87%|████████▋ | 711/817 [00:40<00:06, 17.58it/s]
 87%|████████▋ | 713/817 [00:40<00:05, 17.61it/s]
 88%|████████▊ | 715/817 [00:40<00:05, 17.66it/s]
 88%|████████▊ | 717/817 [00:40<00:05, 17.62it/s]
 88%|████████▊ | 719/817 [00:41<00:05, 17.65it/s]
 88%|████████▊ | 721/817 [00:41<00:05, 17.64it/s]
 88%|████████▊ | 723/817 [00:41<00:05, 17.63it/s]
 89%|████████▊ | 725/817 [00:41<00:05, 17.66it/s]
 89%|████████▉ | 727/817 [00:41<00:05, 17.64it/s]
 89%|████████▉ | 729/817 [00:41<00:05, 17.58it/s]
 89%|████████▉ | 731/817 [00:41<00:04, 17.56it/s]
 90%|████████▉ | 733/817 [00:41<00:04, 17.57it/s]
 90%|████████▉ | 735/817 [00:42<00:04, 17.43it/s]
 90%|█████████ | 737/817 [00:42<00:04, 17.50it/s]
 90%|█████████ | 739/817 [00:42<00:04, 17.54it/s]
 91%|█████████ | 741/817 [00:42<00:04, 17.55it/s]
 91%|█████████ | 743/817 [00:42<00:04, 17.59it/s]
 91%|█████████ | 745/817 [00:42<00:04, 17.62it/s]
 91%|█████████▏| 747/817 [00:42<00:03, 17.64it/s]
 92%|█████████▏| 749/817 [00:42<00:03, 17.62it/s]
 92%|█████████▏| 751/817 [00:42<00:03, 17.64it/s]
 92%|█████████▏| 753/817 [00:43<00:03, 17.59it/s]
 92%|█████████▏| 755/817 [00:43<00:03, 17.60it/s]
 93%|█████████▎| 757/817 [00:43<00:03, 17.55it/s]
 93%|█████████▎| 759/817 [00:43<00:03, 17.52it/s]
 93%|█████████▎| 761/817 [00:43<00:03, 17.50it/s]
 93%|█████████▎| 763/817 [00:43<00:03, 17.32it/s]
 94%|█████████▎| 765/817 [00:43<00:02, 17.37it/s]
 94%|█████████▍| 767/817 [00:43<00:02, 17.42it/s]
 94%|█████████▍| 769/817 [00:43<00:02, 17.43it/s]
 94%|█████████▍| 771/817 [00:44<00:02, 17.40it/s]
 95%|█████████▍| 773/817 [00:44<00:02, 17.42it/s]
 95%|█████████▍| 775/817 [00:44<00:02, 17.45it/s]
 95%|█████████▌| 777/817 [00:44<00:02, 17.47it/s]
 95%|█████████▌| 779/817 [00:44<00:02, 17.50it/s]
 96%|█████████▌| 781/817 [00:44<00:02, 17.46it/s]
 96%|█████████▌| 783/817 [00:44<00:01, 17.46it/s]
 96%|█████████▌| 785/817 [00:44<00:01, 17.46it/s]
 96%|█████████▋| 787/817 [00:44<00:01, 17.53it/s]
 97%|█████████▋| 789/817 [00:45<00:01, 17.56it/s]
 97%|█████████▋| 791/817 [00:45<00:01, 17.43it/s]
 97%|█████████▋| 793/817 [00:45<00:01, 17.53it/s]
 97%|█████████▋| 795/817 [00:45<00:01, 17.54it/s]
 98%|█████████▊| 797/817 [00:45<00:01, 17.57it/s]
 98%|█████████▊| 799/817 [00:45<00:01, 17.61it/s]
 98%|█████████▊| 801/817 [00:45<00:00, 17.59it/s]
 98%|█████████▊| 803/817 [00:45<00:00, 17.56it/s]
 99%|█████████▊| 805/817 [00:46<00:00, 17.55it/s]
 99%|█████████▉| 807/817 [00:46<00:00, 17.55it/s]
 99%|█████████▉| 809/817 [00:46<00:00, 17.53it/s]
 99%|█████████▉| 811/817 [00:46<00:00, 17.51it/s]
100%|█████████▉| 813/817 [00:46<00:00, 17.51it/s]
100%|█████████▉| 815/817 [00:46<00:00, 17.51it/s]
100%|██████████| 817/817 [00:46<00:00, 17.48it/s]
100%|██████████| 817/817 [00:46<00:00, 17.47it/s]
  P(true) judge for gemma-math-multiturn (103 rows)...

  0%|          | 0/103 [00:00<?, ?it/s]
  3%|▎         | 3/103 [00:00<00:04, 24.66it/s]
  6%|▌         | 6/103 [00:00<00:06, 15.03it/s]
  8%|▊         | 8/103 [00:00<00:07, 13.05it/s]
 10%|▉         | 10/103 [00:00<00:06, 14.32it/s]
 12%|█▏        | 12/103 [00:00<00:06, 15.14it/s]
 14%|█▎        | 14/103 [00:00<00:05, 15.82it/s]
 16%|█▌        | 16/103 [00:01<00:05, 16.27it/s]
 17%|█▋        | 18/103 [00:01<00:05, 16.56it/s]
 19%|█▉        | 20/103 [00:01<00:04, 16.89it/s]
 21%|██▏       | 22/103 [00:01<00:04, 17.08it/s]
 23%|██▎       | 24/103 [00:01<00:04, 17.13it/s]
 25%|██▌       | 26/103 [00:01<00:04, 17.07it/s]
 27%|██▋       | 28/103 [00:01<00:04, 17.04it/s]
 29%|██▉       | 30/103 [00:01<00:04, 17.03it/s]
 31%|███       | 32/103 [00:02<00:04, 14.42it/s]
 33%|███▎      | 34/103 [00:02<00:04, 15.26it/s]
 35%|███▍      | 36/103 [00:02<00:05, 13.37it/s]
 37%|███▋      | 38/103 [00:02<00:04, 14.36it/s]
 39%|███▉      | 40/103 [00:02<00:04, 15.17it/s]
 41%|████      | 42/103 [00:02<00:03, 15.82it/s]
 43%|████▎     | 44/103 [00:02<00:03, 16.30it/s]
 45%|████▍     | 46/103 [00:02<00:03, 16.66it/s]
 47%|████▋     | 48/103 [00:03<00:03, 16.74it/s]
 49%|████▊     | 50/103 [00:03<00:03, 16.94it/s]
 50%|█████     | 52/103 [00:03<00:02, 17.11it/s]
 52%|█████▏    | 54/103 [00:03<00:02, 17.17it/s]
 54%|█████▍    | 56/103 [00:03<00:02, 17.21it/s]
 56%|█████▋    | 58/103 [00:03<00:02, 17.17it/s]
 58%|█████▊    | 60/103 [00:03<00:02, 17.31it/s]
 60%|██████    | 62/103 [00:03<00:02, 17.31it/s]
 62%|██████▏   | 64/103 [00:03<00:02, 17.43it/s]
 64%|██████▍   | 66/103 [00:04<00:02, 17.40it/s]
 66%|██████▌   | 68/103 [00:04<00:02, 17.45it/s]
 68%|██████▊   | 70/103 [00:04<00:01, 17.37it/s]
 70%|██████▉   | 72/103 [00:04<00:01, 17.40it/s]
 72%|███████▏  | 74/103 [00:04<00:01, 17.30it/s]
 74%|███████▍  | 76/103 [00:04<00:01, 17.35it/s]
 76%|███████▌  | 78/103 [00:04<00:01, 17.28it/s]
 78%|███████▊  | 80/103 [00:04<00:01, 17.27it/s]
 80%|███████▉  | 82/103 [00:04<00:01, 17.35it/s]
 82%|████████▏ | 84/103 [00:05<00:01, 17.34it/s]
 83%|████████▎ | 86/103 [00:05<00:00, 17.27it/s]
 85%|████████▌ | 88/103 [00:05<00:00, 17.32it/s]
 87%|████████▋ | 90/103 [00:05<00:00, 17.24it/s]
 89%|████████▉ | 92/103 [00:05<00:00, 17.25it/s]
 91%|█████████▏| 94/103 [00:05<00:00, 17.29it/s]
 93%|█████████▎| 96/103 [00:05<00:00, 17.39it/s]
 95%|█████████▌| 98/103 [00:05<00:00, 14.69it/s]
 97%|█████████▋| 100/103 [00:06<00:00, 15.24it/s]
 99%|█████████▉| 102/103 [00:06<00:00, 15.82it/s]
100%|██████████| 103/103 [00:06<00:00, 16.29it/s]

Loading Qwen/Qwen2.5-7B-Instruct for P(true) judge...

Loading checkpoint shards:   0%|          | 0/4 [00:00<?, ?it/s]
Loading checkpoint shards:  25%|██▌       | 1/4 [00:01<00:03,  1.15s/it]
Loading checkpoint shards:  50%|█████     | 2/4 [00:02<00:02,  1.12s/it]
Loading checkpoint shards:  75%|███████▌  | 3/4 [00:03<00:01,  1.11s/it]
Loading checkpoint shards: 100%|██████████| 4/4 [00:04<00:00,  1.07s/it]
Loading checkpoint shards: 100%|██████████| 4/4 [00:04<00:00,  1.09s/it]
  P(true) judge for qwen-arabica (2000 rows)...

  0%|          | 0/2000 [00:00<?, ?it/s]
  0%|          | 2/2000 [00:00<04:06,  8.10it/s]
  0%|          | 3/2000 [00:00<04:28,  7.43it/s]
  0%|          | 4/2000 [00:00<04:34,  7.27it/s]
  0%|          | 5/2000 [00:00<04:36,  7.21it/s]
  0%|          | 6/2000 [00:00<04:24,  7.54it/s]
  0%|          | 7/2000 [00:00<04:35,  7.24it/s]
  0%|          | 8/2000 [00:01<04:31,  7.34it/s]
  0%|          | 9/2000 [00:01<04:23,  7.55it/s]
  0%|          | 10/2000 [00:01<04:22,  7.59it/s]
  1%|          | 11/2000 [00:01<04:09,  7.97it/s]
  1%|          | 12/2000 [00:01<04:03,  8.15it/s]
  1%|          | 13/2000 [00:01<03:58,  8.34it/s]
  1%|          | 14/2000 [00:01<03:54,  8.47it/s]
  1%|          | 15/2000 [00:01<03:49,  8.63it/s]
  1%|          | 16/2000 [00:02<03:45,  8.78it/s]
  1%|          | 17/2000 [00:02<03:41,  8.94it/s]
  1%|          | 18/2000 [00:02<03:37,  9.10it/s]
  1%|          | 20/2000 [00:02<02:58, 11.10it/s]
  1%|          | 23/2000 [00:02<02:19, 14.21it/s]
  1%|▏         | 25/2000 [00:02<02:39, 12.40it/s]
  1%|▏         | 27/2000 [00:02<02:36, 12.60it/s]
  1%|▏         | 29/2000 [00:03<02:34, 12.74it/s]
  2%|▏         | 31/2000 [00:03<02:27, 13.38it/s]
  2%|▏         | 34/2000 [00:03<02:06, 15.59it/s]
  2%|▏         | 37/2000 [00:03<01:52, 17.44it/s]
  2%|▏         | 39/2000 [00:03<01:57, 16.65it/s]
  2%|▏         | 41/2000 [00:03<02:03, 15.82it/s]
  2%|▏         | 43/2000 [00:03<02:31, 12.94it/s]
  2%|▏         | 45/2000 [00:04<02:23, 13.66it/s]
  2%|▏         | 47/2000 [00:04<02:50, 11.48it/s]
  2%|▏         | 49/2000 [00:04<02:59, 10.86it/s]
  3%|▎         | 51/2000 [00:04<02:49, 11.51it/s]
  3%|▎         | 54/2000 [00:04<02:22, 13.67it/s]
  3%|▎         | 58/2000 [00:04<01:54, 16.90it/s]
  3%|▎         | 60/2000 [00:05<01:56, 16.62it/s]
  3%|▎         | 64/2000 [00:05<01:30, 21.49it/s]
  3%|▎         | 67/2000 [00:05<01:29, 21.53it/s]
  4%|▎         | 72/2000 [00:05<01:11, 26.81it/s]
  4%|▍         | 77/2000 [00:05<01:01, 31.36it/s]
  4%|▍         | 81/2000 [00:05<01:07, 28.62it/s]
  4%|▍         | 85/2000 [00:05<01:21, 23.51it/s]
  4%|▍         | 89/2000 [00:06<01:12, 26.49it/s]
  5%|▍         | 92/2000 [00:06<01:15, 25.19it/s]
  5%|▍         | 96/2000 [00:06<01:07, 28.28it/s]
  5%|▌         | 100/2000 [00:06<01:08, 27.56it/s]
  5%|▌         | 105/2000 [00:06<01:08, 27.72it/s]
  5%|▌         | 108/2000 [00:06<01:15, 25.03it/s]
  6%|▌         | 113/2000 [00:06<01:04, 29.28it/s]
  6%|▌         | 117/2000 [00:07<01:16, 24.68it/s]
  6%|▌         | 121/2000 [00:07<01:08, 27.54it/s]
  6%|▋         | 126/2000 [00:07<01:06, 27.98it/s]
  6%|▋         | 130/2000 [00:07<01:01, 30.23it/s]
  7%|▋         | 134/2000 [00:07<01:05, 28.48it/s]
  7%|▋         | 139/2000 [00:07<00:57, 32.23it/s]
  7%|▋         | 143/2000 [00:07<01:02, 29.94it/s]
  7%|▋         | 147/2000 [00:08<01:04, 28.73it/s]
  8%|▊         | 152/2000 [00:08<00:57, 31.90it/s]
  8%|▊         | 156/2000 [00:08<01:01, 30.19it/s]
  8%|▊         | 161/2000 [00:08<00:55, 33.06it/s]
  8%|▊         | 166/2000 [00:08<00:51, 35.75it/s]
  8%|▊         | 170/2000 [00:08<01:04, 28.36it/s]
  9%|▊         | 174/2000 [00:09<01:08, 26.66it/s]
  9%|▉         | 179/2000 [00:09<00:59, 30.44it/s]
  9%|▉         | 183/2000 [00:09<01:02, 28.96it/s]
  9%|▉         | 188/2000 [00:09<00:55, 32.46it/s]
 10%|▉         | 193/2000 [00:09<00:51, 35.40it/s]
 10%|▉         | 198/2000 [00:09<00:48, 37.12it/s]
 10%|█         | 202/2000 [00:09<00:54, 32.78it/s]
 10%|█         | 207/2000 [00:10<00:57, 31.29it/s]
 11%|█         | 211/2000 [00:10<00:54, 33.01it/s]
 11%|█         | 216/2000 [00:10<00:49, 35.77it/s]
 11%|█         | 221/2000 [00:10<00:46, 37.93it/s]
 11%|█▏        | 226/2000 [00:10<00:44, 39.56it/s]
 12%|█▏        | 231/2000 [00:10<00:43, 40.65it/s]
 12%|█▏        | 236/2000 [00:10<00:43, 40.87it/s]
 12%|█▏        | 241/2000 [00:10<00:42, 41.71it/s]
 12%|█▏        | 246/2000 [00:10<00:41, 42.30it/s]
 13%|█▎        | 251/2000 [00:11<00:40, 42.84it/s]
 13%|█▎        | 256/2000 [00:11<00:40, 43.11it/s]
 13%|█▎        | 261/2000 [00:11<00:40, 43.31it/s]
 13%|█▎        | 266/2000 [00:11<00:40, 43.20it/s]
 14%|█▎        | 271/2000 [00:11<00:40, 43.19it/s]
 14%|█▍        | 276/2000 [00:11<00:40, 42.72it/s]
 14%|█▍        | 281/2000 [00:11<00:40, 42.76it/s]
 14%|█▍        | 286/2000 [00:11<00:39, 43.09it/s]
 15%|█▍        | 291/2000 [00:11<00:39, 43.37it/s]
 15%|█▍        | 296/2000 [00:12<00:39, 43.54it/s]
 15%|█▌        | 301/2000 [00:12<00:47, 35.40it/s]
 15%|█▌        | 305/2000 [00:12<00:47, 35.93it/s]
 16%|█▌        | 310/2000 [00:12<00:44, 38.03it/s]
 16%|█▌        | 315/2000 [00:12<00:43, 39.02it/s]
 16%|█▌        | 320/2000 [00:12<00:41, 40.16it/s]
 16%|█▋        | 325/2000 [00:12<00:55, 30.14it/s]
 16%|█▋        | 329/2000 [00:13<00:59, 28.03it/s]
 17%|█▋        | 333/2000 [00:13<00:55, 30.29it/s]
 17%|█▋        | 338/2000 [00:13<00:49, 33.49it/s]
 17%|█▋        | 343/2000 [00:13<00:46, 35.97it/s]
 17%|█▋        | 348/2000 [00:13<00:43, 37.83it/s]
 18%|█▊        | 353/2000 [00:13<00:42, 38.92it/s]
 18%|█▊        | 358/2000 [00:13<00:40, 40.29it/s]
 18%|█▊        | 363/2000 [00:13<00:39, 41.15it/s]
 18%|█▊        | 368/2000 [00:14<00:38, 41.86it/s]
 19%|█▊        | 373/2000 [00:14<00:38, 42.30it/s]
 19%|█▉        | 378/2000 [00:14<00:38, 42.53it/s]
 19%|█▉        | 383/2000 [00:14<00:44, 36.61it/s]
 19%|█▉        | 388/2000 [00:14<00:48, 33.11it/s]
 20%|█▉        | 392/2000 [00:14<00:46, 34.24it/s]
 20%|█▉        | 397/2000 [00:14<00:43, 36.77it/s]
 20%|██        | 402/2000 [00:15<00:41, 38.60it/s]
 20%|██        | 407/2000 [00:15<00:40, 39.69it/s]
 21%|██        | 412/2000 [00:15<00:45, 34.54it/s]
 21%|██        | 416/2000 [00:15<00:50, 31.11it/s]
 21%|██        | 420/2000 [00:15<00:48, 32.79it/s]
 21%|██▏       | 425/2000 [00:15<00:50, 31.14it/s]
 21%|██▏       | 429/2000 [00:15<00:48, 32.38it/s]
 22%|██▏       | 433/2000 [00:16<00:53, 29.44it/s]
 22%|██▏       | 437/2000 [00:16<00:49, 31.74it/s]
 22%|██▏       | 442/2000 [00:16<00:44, 34.81it/s]
 22%|██▏       | 447/2000 [00:16<00:41, 37.05it/s]
 23%|██▎       | 452/2000 [00:16<00:39, 38.81it/s]
 23%|██▎       | 456/2000 [00:16<00:45, 33.92it/s]
 23%|██▎       | 460/2000 [00:16<00:50, 30.20it/s]
 23%|██▎       | 465/2000 [00:16<00:45, 33.43it/s]
 24%|██▎       | 470/2000 [00:17<00:42, 35.64it/s]
 24%|██▍       | 475/2000 [00:17<00:40, 37.69it/s]
 24%|██▍       | 480/2000 [00:17<00:38, 39.28it/s]
 24%|██▍       | 485/2000 [00:17<00:37, 40.57it/s]
 24%|██▍       | 490/2000 [00:17<00:36, 41.56it/s]
 25%|██▍       | 495/2000 [00:17<00:35, 42.09it/s]
 25%|██▌       | 500/2000 [00:17<00:43, 34.46it/s]
 25%|██▌       | 505/2000 [00:17<00:40, 36.89it/s]
 26%|██▌       | 510/2000 [00:18<00:38, 38.23it/s]
 26%|██▌       | 515/2000 [00:18<00:37, 39.51it/s]
 26%|██▌       | 520/2000 [00:18<00:36, 40.73it/s]
 26%|██▋       | 525/2000 [00:18<00:35, 40.99it/s]
 26%|██▋       | 530/2000 [00:18<00:43, 33.75it/s]
 27%|██▋       | 534/2000 [00:18<00:57, 25.52it/s]
 27%|██▋       | 538/2000 [00:19<00:52, 27.73it/s]
 27%|██▋       | 543/2000 [00:19<00:46, 31.30it/s]
 27%|██▋       | 548/2000 [00:19<00:42, 34.23it/s]
 28%|██▊       | 553/2000 [00:19<00:39, 36.69it/s]
 28%|██▊       | 558/2000 [00:19<00:37, 38.62it/s]
 28%|██▊       | 563/2000 [00:19<00:35, 40.00it/s]
 28%|██▊       | 568/2000 [00:19<00:40, 35.51it/s]
 29%|██▊       | 572/2000 [00:19<00:39, 35.89it/s]
 29%|██▉       | 576/2000 [00:20<00:44, 31.97it/s]
 29%|██▉       | 581/2000 [00:20<00:40, 34.61it/s]
 29%|██▉       | 586/2000 [00:20<00:38, 36.63it/s]
 30%|██▉       | 591/2000 [00:20<00:36, 38.47it/s]
 30%|██▉       | 595/2000 [00:20<00:41, 33.83it/s]
 30%|██▉       | 599/2000 [00:20<00:39, 35.15it/s]
 30%|███       | 604/2000 [00:20<00:37, 37.57it/s]
 30%|███       | 609/2000 [00:20<00:35, 39.36it/s]
 31%|███       | 614/2000 [00:21<00:40, 34.47it/s]
 31%|███       | 619/2000 [00:21<00:37, 36.72it/s]
 31%|███       | 624/2000 [00:21<00:35, 38.65it/s]
 31%|███▏      | 629/2000 [00:21<00:34, 39.75it/s]
 32%|███▏      | 634/2000 [00:21<00:33, 40.97it/s]
 32%|███▏      | 639/2000 [00:21<00:37, 36.37it/s]
 32%|███▏      | 644/2000 [00:21<00:35, 38.07it/s]
 32%|███▏      | 649/2000 [00:21<00:33, 39.77it/s]
 33%|███▎      | 654/2000 [00:22<00:32, 40.96it/s]
 33%|███▎      | 659/2000 [00:22<00:32, 41.72it/s]
 33%|███▎      | 664/2000 [00:22<00:31, 41.90it/s]
 33%|███▎      | 669/2000 [00:22<00:31, 42.50it/s]
 34%|███▎      | 674/2000 [00:22<00:30, 42.91it/s]
 34%|███▍      | 679/2000 [00:22<00:30, 43.21it/s]
 34%|███▍      | 684/2000 [00:22<00:30, 43.49it/s]
 34%|███▍      | 689/2000 [00:22<00:35, 37.35it/s]
 35%|███▍      | 693/2000 [00:23<00:41, 31.37it/s]
 35%|███▍      | 697/2000 [00:23<00:39, 33.15it/s]
 35%|███▌      | 701/2000 [00:23<00:42, 30.24it/s]
 35%|███▌      | 705/2000 [00:23<00:40, 32.18it/s]
 36%|███▌      | 710/2000 [00:23<00:36, 35.07it/s]
 36%|███▌      | 714/2000 [00:23<00:40, 31.46it/s]
 36%|███▌      | 719/2000 [00:23<00:37, 34.60it/s]
 36%|███▌      | 723/2000 [00:24<00:40, 31.34it/s]
 36%|███▋      | 728/2000 [00:24<00:36, 34.43it/s]
 37%|███▋      | 732/2000 [00:24<00:40, 31.69it/s]
 37%|███▋      | 736/2000 [00:24<00:37, 33.62it/s]
 37%|███▋      | 741/2000 [00:24<00:34, 36.23it/s]
 37%|███▋      | 746/2000 [00:24<00:33, 37.92it/s]
 38%|███▊      | 751/2000 [00:24<00:31, 39.47it/s]
 38%|███▊      | 756/2000 [00:24<00:30, 40.47it/s]
 38%|███▊      | 761/2000 [00:24<00:30, 41.16it/s]
 38%|███▊      | 766/2000 [00:25<00:34, 35.87it/s]
 38%|███▊      | 770/2000 [00:25<00:34, 36.08it/s]
 39%|███▊      | 774/2000 [00:25<00:38, 32.25it/s]
 39%|███▉      | 779/2000 [00:25<00:34, 35.20it/s]
 39%|███▉      | 784/2000 [00:25<00:32, 37.09it/s]
 39%|███▉      | 789/2000 [00:25<00:31, 38.89it/s]
 40%|███▉      | 794/2000 [00:25<00:29, 40.23it/s]
 40%|███▉      | 799/2000 [00:26<00:29, 41.17it/s]
 40%|████      | 804/2000 [00:26<00:33, 35.59it/s]
 40%|████      | 809/2000 [00:26<00:31, 37.38it/s]
 41%|████      | 814/2000 [00:26<00:30, 39.01it/s]
 41%|████      | 819/2000 [00:26<00:33, 34.79it/s]
 41%|████      | 824/2000 [00:26<00:32, 36.38it/s]
 41%|████▏     | 829/2000 [00:26<00:30, 38.39it/s]
 42%|████▏     | 834/2000 [00:26<00:29, 39.98it/s]
 42%|████▏     | 839/2000 [00:27<00:28, 41.22it/s]
 42%|████▏     | 844/2000 [00:27<00:27, 41.98it/s]
 42%|████▏     | 849/2000 [00:27<00:27, 42.57it/s]
 43%|████▎     | 854/2000 [00:27<00:26, 43.03it/s]
 43%|████▎     | 859/2000 [00:27<00:26, 42.93it/s]
 43%|████▎     | 864/2000 [00:27<00:26, 43.42it/s]
 43%|████▎     | 869/2000 [00:27<00:26, 43.48it/s]
 44%|████▎     | 874/2000 [00:27<00:25, 43.56it/s]
 44%|████▍     | 879/2000 [00:27<00:25, 43.26it/s]
 44%|████▍     | 884/2000 [00:28<00:25, 43.23it/s]
 44%|████▍     | 889/2000 [00:28<00:25, 43.23it/s]
 45%|████▍     | 894/2000 [00:28<00:25, 43.40it/s]
 45%|████▍     | 899/2000 [00:28<00:25, 42.57it/s]
 45%|████▌     | 904/2000 [00:28<00:25, 42.95it/s]
 45%|████▌     | 909/2000 [00:28<00:25, 43.07it/s]
 46%|████▌     | 914/2000 [00:28<00:25, 42.94it/s]
 46%|████▌     | 919/2000 [00:28<00:25, 42.76it/s]
 46%|████▌     | 924/2000 [00:29<00:24, 43.15it/s]
 46%|████▋     | 929/2000 [00:29<00:29, 36.09it/s]
 47%|████▋     | 934/2000 [00:29<00:28, 37.77it/s]
 47%|████▋     | 939/2000 [00:29<00:27, 39.05it/s]
 47%|████▋     | 944/2000 [00:29<00:26, 40.21it/s]
 47%|████▋     | 949/2000 [00:29<00:25, 41.30it/s]
 48%|████▊     | 954/2000 [00:29<00:25, 41.77it/s]
 48%|████▊     | 959/2000 [00:29<00:24, 42.31it/s]
 48%|████▊     | 964/2000 [00:30<00:24, 42.57it/s]
 48%|████▊     | 969/2000 [00:30<00:24, 42.80it/s]
 49%|████▊     | 974/2000 [00:30<00:23, 42.90it/s]
 49%|████▉     | 979/2000 [00:30<00:23, 42.74it/s]
 49%|████▉     | 984/2000 [00:30<00:23, 42.96it/s]
 49%|████▉     | 989/2000 [00:30<00:23, 43.03it/s]
 50%|████▉     | 994/2000 [00:30<00:23, 43.13it/s]
 50%|████▉     | 999/2000 [00:30<00:23, 43.27it/s]
 50%|█████     | 1004/2000 [00:30<00:22, 43.37it/s]
 50%|█████     | 1009/2000 [00:31<00:22, 43.33it/s]
 51%|█████     | 1014/2000 [00:31<00:22, 43.40it/s]
 51%|█████     | 1019/2000 [00:31<00:22, 43.04it/s]
 51%|█████     | 1024/2000 [00:31<00:22, 43.12it/s]
 51%|█████▏    | 1029/2000 [00:31<00:22, 43.32it/s]
 52%|█████▏    | 1034/2000 [00:31<00:22, 43.38it/s]
 52%|█████▏    | 1039/2000 [00:31<00:22, 43.32it/s]
 52%|█████▏    | 1044/2000 [00:31<00:22, 43.02it/s]
 52%|█████▏    | 1049/2000 [00:32<00:25, 37.15it/s]
 53%|█████▎    | 1054/2000 [00:32<00:24, 38.54it/s]
 53%|█████▎    | 1059/2000 [00:32<00:23, 40.01it/s]
 53%|█████▎    | 1064/2000 [00:32<00:22, 41.19it/s]
 53%|█████▎    | 1069/2000 [00:32<00:22, 41.90it/s]
 54%|█████▎    | 1074/2000 [00:32<00:25, 36.43it/s]
 54%|█████▍    | 1079/2000 [00:32<00:24, 38.24it/s]
 54%|█████▍    | 1084/2000 [00:32<00:23, 39.82it/s]
 54%|█████▍    | 1089/2000 [00:33<00:22, 40.78it/s]
 55%|█████▍    | 1094/2000 [00:33<00:22, 41.12it/s]
 55%|█████▍    | 1099/2000 [00:33<00:21, 41.82it/s]
 55%|█████▌    | 1104/2000 [00:33<00:21, 42.46it/s]
 55%|█████▌    | 1109/2000 [00:33<00:20, 42.92it/s]
 56%|█████▌    | 1114/2000 [00:33<00:20, 43.25it/s]
 56%|█████▌    | 1119/2000 [00:33<00:24, 35.98it/s]
 56%|█████▌    | 1124/2000 [00:33<00:23, 38.01it/s]
 56%|█████▋    | 1129/2000 [00:34<00:21, 39.71it/s]
 57%|█████▋    | 1134/2000 [00:34<00:25, 34.52it/s]
 57%|█████▋    | 1139/2000 [00:34<00:23, 36.85it/s]
 57%|█████▋    | 1144/2000 [00:34<00:22, 38.65it/s]
 57%|█████▋    | 1149/2000 [00:34<00:21, 40.16it/s]
 58%|█████▊    | 1154/2000 [00:34<00:20, 40.87it/s]
 58%|█████▊    | 1159/2000 [00:34<00:20, 41.69it/s]
 58%|█████▊    | 1164/2000 [00:34<00:19, 42.29it/s]
 58%|█████▊    | 1169/2000 [00:35<00:19, 42.39it/s]
 59%|█████▊    | 1174/2000 [00:35<00:19, 42.25it/s]
 59%|█████▉    | 1179/2000 [00:35<00:22, 36.02it/s]
 59%|█████▉    | 1184/2000 [00:35<00:21, 37.93it/s]
 59%|█████▉    | 1189/2000 [00:35<00:20, 39.51it/s]
 60%|█████▉    | 1194/2000 [00:35<00:19, 40.93it/s]
 60%|█████▉    | 1199/2000 [00:35<00:19, 41.77it/s]
 60%|██████    | 1204/2000 [00:35<00:18, 42.57it/s]
 60%|██████    | 1209/2000 [00:36<00:18, 43.00it/s]
 61%|██████    | 1214/2000 [00:36<00:18, 43.01it/s]
 61%|██████    | 1219/2000 [00:36<00:17, 43.46it/s]
 61%|██████    | 1224/2000 [00:36<00:20, 37.95it/s]
 61%|██████▏   | 1229/2000 [00:36<00:19, 39.65it/s]
 62%|██████▏   | 1234/2000 [00:36<00:18, 40.91it/s]
 62%|██████▏   | 1239/2000 [00:36<00:18, 41.81it/s]
 62%|██████▏   | 1244/2000 [00:36<00:17, 42.48it/s]
 62%|██████▏   | 1249/2000 [00:36<00:17, 42.42it/s]
 63%|██████▎   | 1254/2000 [00:37<00:17, 42.75it/s]
 63%|██████▎   | 1259/2000 [00:37<00:20, 37.05it/s]
 63%|██████▎   | 1264/2000 [00:37<00:18, 38.76it/s]
 63%|██████▎   | 1269/2000 [00:37<00:18, 40.13it/s]
 64%|██████▎   | 1274/2000 [00:37<00:17, 41.20it/s]
 64%|██████▍   | 1279/2000 [00:37<00:20, 35.73it/s]
 64%|██████▍   | 1283/2000 [00:37<00:22, 32.37it/s]
 64%|██████▍   | 1287/2000 [00:38<00:23, 30.04it/s]
 65%|██████▍   | 1291/2000 [00:38<00:22, 31.80it/s]
 65%|██████▍   | 1296/2000 [00:38<00:20, 35.02it/s]
 65%|██████▌   | 1301/2000 [00:38<00:18, 37.13it/s]
 65%|██████▌   | 1306/2000 [00:38<00:17, 38.91it/s]
 66%|██████▌   | 1311/2000 [00:38<00:17, 40.16it/s]
 66%|██████▌   | 1316/2000 [00:38<00:16, 41.34it/s]
 66%|██████▌   | 1321/2000 [00:38<00:16, 42.24it/s]
 66%|██████▋   | 1326/2000 [00:39<00:15, 42.78it/s]
 67%|██████▋   | 1331/2000 [00:39<00:15, 42.64it/s]
 67%|██████▋   | 1336/2000 [00:39<00:15, 42.99it/s]
 67%|██████▋   | 1341/2000 [00:39<00:15, 43.32it/s]
 67%|██████▋   | 1346/2000 [00:39<00:14, 43.78it/s]
 68%|██████▊   | 1351/2000 [00:39<00:14, 44.00it/s]
 68%|██████▊   | 1356/2000 [00:39<00:14, 44.02it/s]
 68%|██████▊   | 1361/2000 [00:39<00:17, 37.50it/s]
 68%|██████▊   | 1366/2000 [00:40<00:16, 38.73it/s]
 69%|██████▊   | 1371/2000 [00:40<00:15, 40.17it/s]
 69%|██████▉   | 1376/2000 [00:40<00:15, 41.11it/s]
 69%|██████▉   | 1381/2000 [00:40<00:14, 41.94it/s]
 69%|██████▉   | 1386/2000 [00:40<00:14, 42.42it/s]
 70%|██████▉   | 1391/2000 [00:40<00:14, 42.77it/s]
 70%|██████▉   | 1396/2000 [00:40<00:14, 42.73it/s]
 70%|███████   | 1401/2000 [00:40<00:14, 41.40it/s]
 70%|███████   | 1406/2000 [00:40<00:14, 41.75it/s]
 71%|███████   | 1411/2000 [00:41<00:13, 42.44it/s]
 71%|███████   | 1416/2000 [00:41<00:13, 43.01it/s]
 71%|███████   | 1421/2000 [00:41<00:13, 43.37it/s]
 71%|███████▏  | 1426/2000 [00:41<00:13, 43.56it/s]
 72%|███████▏  | 1431/2000 [00:41<00:13, 43.75it/s]
 72%|███████▏  | 1436/2000 [00:41<00:12, 43.71it/s]
 72%|███████▏  | 1441/2000 [00:41<00:12, 43.47it/s]
 72%|███████▏  | 1446/2000 [00:41<00:12, 43.19it/s]
 73%|███████▎  | 1451/2000 [00:41<00:12, 42.86it/s]
 73%|███████▎  | 1456/2000 [00:42<00:12, 43.16it/s]
 73%|███████▎  | 1461/2000 [00:42<00:12, 43.30it/s]
 73%|███████▎  | 1466/2000 [00:42<00:14, 37.17it/s]
 74%|███████▎  | 1471/2000 [00:42<00:13, 38.24it/s]
 74%|███████▍  | 1476/2000 [00:42<00:13, 39.63it/s]
 74%|███████▍  | 1481/2000 [00:42<00:12, 40.74it/s]
 74%|███████▍  | 1486/2000 [00:42<00:12, 41.18it/s]
 75%|███████▍  | 1491/2000 [00:42<00:12, 41.72it/s]
 75%|███████▍  | 1496/2000 [00:43<00:11, 42.46it/s]
 75%|███████▌  | 1501/2000 [00:43<00:11, 42.94it/s]
 75%|███████▌  | 1506/2000 [00:43<00:11, 43.32it/s]
 76%|███████▌  | 1511/2000 [00:43<00:11, 43.58it/s]
 76%|███████▌  | 1516/2000 [00:43<00:11, 43.75it/s]
 76%|███████▌  | 1521/2000 [00:43<00:10, 43.80it/s]
 76%|███████▋  | 1526/2000 [00:43<00:10, 43.37it/s]
 77%|███████▋  | 1531/2000 [00:43<00:10, 43.56it/s]
 77%|███████▋  | 1536/2000 [00:44<00:10, 43.73it/s]
 77%|███████▋  | 1541/2000 [00:44<00:10, 43.86it/s]
 77%|███████▋  | 1546/2000 [00:44<00:10, 44.09it/s]
 78%|███████▊  | 1551/2000 [00:44<00:10, 43.92it/s]
 78%|███████▊  | 1556/2000 [00:44<00:10, 43.96it/s]
 78%|███████▊  | 1561/2000 [00:44<00:11, 36.63it/s]
 78%|███████▊  | 1565/2000 [00:44<00:13, 32.25it/s]
 78%|███████▊  | 1570/2000 [00:44<00:12, 34.70it/s]
 79%|███████▉  | 1575/2000 [00:45<00:11, 36.96it/s]
 79%|███████▉  | 1580/2000 [00:45<00:10, 38.77it/s]
 79%|███████▉  | 1585/2000 [00:45<00:10, 40.12it/s]
 80%|███████▉  | 1590/2000 [00:45<00:09, 41.08it/s]
 80%|███████▉  | 1595/2000 [00:45<00:11, 35.59it/s]
 80%|████████  | 1600/2000 [00:45<00:10, 37.08it/s]
 80%|████████  | 1605/2000 [00:45<00:10, 38.65it/s]
 80%|████████  | 1610/2000 [00:45<00:09, 39.90it/s]
 81%|████████  | 1615/2000 [00:46<00:09, 41.07it/s]
 81%|████████  | 1620/2000 [00:46<00:09, 41.76it/s]
 81%|████████▏ | 1625/2000 [00:46<00:08, 42.37it/s]
 82%|████████▏ | 1630/2000 [00:46<00:08, 42.74it/s]
 82%|████████▏ | 1635/2000 [00:46<00:08, 42.87it/s]
 82%|████████▏ | 1640/2000 [00:46<00:08, 42.42it/s]
 82%|████████▏ | 1645/2000 [00:46<00:10, 34.24it/s]
 82%|████████▏ | 1649/2000 [00:46<00:10, 34.35it/s]
 83%|████████▎ | 1654/2000 [00:47<00:09, 36.12it/s]
 83%|████████▎ | 1659/2000 [00:47<00:08, 38.24it/s]
 83%|████████▎ | 1664/2000 [00:47<00:08, 39.77it/s]
 83%|████████▎ | 1669/2000 [00:47<00:08, 40.77it/s]
 84%|████████▎ | 1674/2000 [00:47<00:07, 41.61it/s]
 84%|████████▍ | 1679/2000 [00:47<00:07, 41.64it/s]
 84%|████████▍ | 1684/2000 [00:47<00:07, 42.31it/s]
 84%|████████▍ | 1689/2000 [00:47<00:08, 35.75it/s]
 85%|████████▍ | 1694/2000 [00:48<00:08, 37.77it/s]
 85%|████████▍ | 1699/2000 [00:48<00:07, 39.29it/s]
 85%|████████▌ | 1704/2000 [00:48<00:07, 40.42it/s]
 85%|████████▌ | 1709/2000 [00:48<00:07, 41.33it/s]
 86%|████████▌ | 1714/2000 [00:48<00:06, 42.01it/s]
 86%|████████▌ | 1719/2000 [00:48<00:06, 42.17it/s]
 86%|████████▌ | 1724/2000 [00:48<00:06, 42.58it/s]
 86%|████████▋ | 1729/2000 [00:48<00:06, 42.89it/s]
 87%|████████▋ | 1734/2000 [00:48<00:06, 43.09it/s]
 87%|████████▋ | 1739/2000 [00:49<00:06, 43.29it/s]
 87%|████████▋ | 1744/2000 [00:49<00:05, 43.58it/s]
 87%|████████▋ | 1749/2000 [00:49<00:05, 43.75it/s]
 88%|████████▊ | 1754/2000 [00:49<00:05, 43.58it/s]
 88%|████████▊ | 1759/2000 [00:49<00:05, 43.09it/s]
 88%|████████▊ | 1764/2000 [00:49<00:05, 43.14it/s]
 88%|████████▊ | 1769/2000 [00:49<00:06, 36.27it/s]
 89%|████████▊ | 1774/2000 [00:49<00:06, 37.53it/s]
 89%|████████▉ | 1779/2000 [00:50<00:05, 39.34it/s]
 89%|████████▉ | 1784/2000 [00:50<00:05, 40.63it/s]
 89%|████████▉ | 1789/2000 [00:50<00:05, 41.64it/s]
 90%|████████▉ | 1794/2000 [00:50<00:04, 42.23it/s]
 90%|████████▉ | 1799/2000 [00:50<00:04, 42.17it/s]
 90%|█████████ | 1804/2000 [00:50<00:04, 42.25it/s]
 90%|█████████ | 1809/2000 [00:50<00:04, 42.46it/s]
 91%|█████████ | 1814/2000 [00:50<00:04, 42.36it/s]
 91%|█████████ | 1819/2000 [00:51<00:04, 42.72it/s]
 91%|█████████ | 1824/2000 [00:51<00:04, 43.00it/s]
 91%|█████████▏| 1829/2000 [00:51<00:03, 43.49it/s]
 92%|█████████▏| 1834/2000 [00:51<00:03, 43.06it/s]
 92%|█████████▏| 1839/2000 [00:51<00:03, 43.41it/s]
 92%|█████████▏| 1844/2000 [00:51<00:03, 43.74it/s]
 92%|█████████▏| 1849/2000 [00:51<00:03, 43.72it/s]
 93%|█████████▎| 1854/2000 [00:51<00:03, 43.86it/s]
 93%|█████████▎| 1859/2000 [00:51<00:03, 44.07it/s]
 93%|█████████▎| 1864/2000 [00:52<00:03, 43.73it/s]
 93%|█████████▎| 1869/2000 [00:52<00:03, 43.54it/s]
 94%|█████████▎| 1874/2000 [00:52<00:02, 43.34it/s]
 94%|█████████▍| 1879/2000 [00:52<00:03, 37.55it/s]
 94%|█████████▍| 1883/2000 [00:52<00:03, 38.04it/s]
 94%|█████████▍| 1888/2000 [00:52<00:02, 39.82it/s]
 95%|█████████▍| 1893/2000 [00:52<00:02, 41.04it/s]
 95%|█████████▍| 1898/2000 [00:52<00:02, 41.88it/s]
 95%|█████████▌| 1903/2000 [00:53<00:02, 36.46it/s]
 95%|█████████▌| 1907/2000 [00:53<00:02, 36.26it/s]
 96%|█████████▌| 1912/2000 [00:53<00:02, 37.77it/s]
 96%|█████████▌| 1917/2000 [00:53<00:02, 39.41it/s]
 96%|█████████▌| 1922/2000 [00:53<00:01, 40.76it/s]
 96%|█████████▋| 1927/2000 [00:53<00:01, 41.64it/s]
 97%|█████████▋| 1932/2000 [00:53<00:01, 42.36it/s]
 97%|█████████▋| 1937/2000 [00:53<00:01, 42.34it/s]
 97%|█████████▋| 1942/2000 [00:54<00:01, 35.54it/s]
 97%|█████████▋| 1946/2000 [00:54<00:01, 36.40it/s]
 98%|█████████▊| 1951/2000 [00:54<00:01, 37.86it/s]
 98%|█████████▊| 1956/2000 [00:54<00:01, 34.13it/s]
 98%|█████████▊| 1960/2000 [00:54<00:01, 35.33it/s]
 98%|█████████▊| 1965/2000 [00:54<00:00, 37.45it/s]
 98%|█████████▊| 1970/2000 [00:54<00:00, 39.33it/s]
 99%|█████████▉| 1975/2000 [00:54<00:00, 40.64it/s]
 99%|█████████▉| 1980/2000 [00:55<00:00, 41.58it/s]
 99%|█████████▉| 1985/2000 [00:55<00:00, 42.02it/s]
100%|█████████▉| 1990/2000 [00:55<00:00, 41.77it/s]
100%|█████████▉| 1995/2000 [00:55<00:00, 42.12it/s]
100%|██████████| 2000/2000 [00:55<00:00, 42.63it/s]
100%|██████████| 2000/2000 [00:55<00:00, 36.00it/s]
  P(true) judge for qwen-longform (731 rows)...

  0%|          | 0/731 [00:00<?, ?it/s]
  0%|          | 2/731 [00:00<00:39, 18.26it/s]
  1%|          | 4/731 [00:00<00:44, 16.25it/s]
  1%|          | 6/731 [00:00<00:47, 15.16it/s]
  1%|          | 8/731 [00:00<01:04, 11.24it/s]
  1%|▏         | 10/731 [00:00<01:14,  9.61it/s]
  2%|▏         | 12/731 [00:01<01:18,  9.11it/s]
  2%|▏         | 13/731 [00:01<01:18,  9.09it/s]
  2%|▏         | 14/731 [00:01<01:24,  8.47it/s]
  2%|▏         | 15/731 [00:01<01:28,  8.10it/s]
  2%|▏         | 16/731 [00:01<01:28,  8.05it/s]
  2%|▏         | 17/731 [00:01<01:31,  7.82it/s]
  2%|▏         | 18/731 [00:01<01:30,  7.88it/s]
  3%|▎         | 19/731 [00:02<01:29,  7.98it/s]
  3%|▎         | 20/731 [00:02<01:31,  7.76it/s]
  3%|▎         | 21/731 [00:02<01:37,  7.32it/s]
  3%|▎         | 22/731 [00:02<01:33,  7.56it/s]
  3%|▎         | 23/731 [00:02<01:28,  7.97it/s]
  3%|▎         | 25/731 [00:02<01:10,  9.97it/s]
  4%|▎         | 26/731 [00:02<01:15,  9.39it/s]
  4%|▍         | 28/731 [00:02<01:05, 10.72it/s]
  4%|▍         | 30/731 [00:03<01:10,  9.93it/s]
  4%|▍         | 32/731 [00:03<01:04, 10.92it/s]
  5%|▍         | 34/731 [00:03<01:14,  9.42it/s]
  5%|▍         | 36/731 [00:03<01:06, 10.44it/s]
  5%|▌         | 38/731 [00:04<01:13,  9.43it/s]
  5%|▌         | 40/731 [00:04<01:19,  8.71it/s]
  6%|▌         | 41/731 [00:04<01:22,  8.39it/s]
  6%|▌         | 42/731 [00:04<01:25,  8.05it/s]
  6%|▌         | 43/731 [00:04<01:27,  7.89it/s]
  6%|▌         | 44/731 [00:04<01:28,  7.81it/s]
  6%|▌         | 45/731 [00:04<01:27,  7.84it/s]
  6%|▋         | 46/731 [00:05<01:33,  7.34it/s]
  7%|▋         | 48/731 [00:05<01:23,  8.23it/s]
  7%|▋         | 49/731 [00:05<01:20,  8.43it/s]
  7%|▋         | 50/731 [00:05<01:18,  8.63it/s]
  7%|▋         | 51/731 [00:05<01:16,  8.95it/s]
  7%|▋         | 52/731 [00:05<01:19,  8.50it/s]
  7%|▋         | 53/731 [00:05<01:31,  7.41it/s]
  8%|▊         | 55/731 [00:06<01:22,  8.16it/s]
  8%|▊         | 56/731 [00:06<01:22,  8.20it/s]
  8%|▊         | 57/731 [00:06<01:20,  8.33it/s]
  8%|▊         | 59/731 [00:06<01:18,  8.59it/s]
  8%|▊         | 60/731 [00:06<01:20,  8.30it/s]
  8%|▊         | 62/731 [00:06<01:08,  9.82it/s]
  9%|▊         | 63/731 [00:07<01:11,  9.39it/s]
  9%|▉         | 64/731 [00:07<01:15,  8.87it/s]
  9%|▉         | 66/731 [00:07<01:07,  9.79it/s]
  9%|▉         | 68/731 [00:07<01:04, 10.22it/s]
 10%|▉         | 70/731 [00:07<01:07,  9.73it/s]
 10%|▉         | 71/731 [00:07<01:10,  9.32it/s]
 10%|▉         | 72/731 [00:08<01:12,  9.06it/s]
 10%|█         | 74/731 [00:08<01:06,  9.91it/s]
 10%|█         | 75/731 [00:08<01:12,  9.09it/s]
 10%|█         | 76/731 [00:08<01:14,  8.78it/s]
 11%|█         | 77/731 [00:08<01:19,  8.18it/s]
 11%|█         | 79/731 [00:08<01:13,  8.82it/s]
 11%|█         | 80/731 [00:08<01:17,  8.37it/s]
 11%|█         | 81/731 [00:09<01:22,  7.89it/s]
 11%|█         | 82/731 [00:09<01:23,  7.81it/s]
 11%|█▏        | 84/731 [00:09<01:07,  9.52it/s]
 12%|█▏        | 85/731 [00:09<01:10,  9.22it/s]
 12%|█▏        | 87/731 [00:09<01:09,  9.24it/s]
 12%|█▏        | 88/731 [00:09<01:11,  8.96it/s]
 12%|█▏        | 89/731 [00:09<01:11,  8.92it/s]
 12%|█▏        | 90/731 [00:10<01:12,  8.81it/s]
 13%|█▎        | 93/731 [00:10<00:46, 13.84it/s]
 13%|█▎        | 95/731 [00:10<00:44, 14.33it/s]
 13%|█▎        | 97/731 [00:10<00:53, 11.81it/s]
 14%|█▎        | 99/731 [00:10<00:52, 12.03it/s]
 14%|█▍        | 101/731 [00:10<00:58, 10.77it/s]
 14%|█▍        | 103/731 [00:11<01:03,  9.81it/s]
 14%|█▍        | 105/731 [00:11<01:02,  9.94it/s]
 15%|█▍        | 107/731 [00:11<01:08,  9.08it/s]
 15%|█▍        | 108/731 [00:11<01:08,  9.07it/s]
 15%|█▍        | 109/731 [00:11<01:09,  8.91it/s]
 15%|█▌        | 110/731 [00:11<01:13,  8.41it/s]
 15%|█▌        | 111/731 [00:12<01:14,  8.36it/s]
 15%|█▌        | 112/731 [00:12<01:12,  8.52it/s]
 15%|█▌        | 113/731 [00:12<01:14,  8.34it/s]
 16%|█▌        | 114/731 [00:12<01:11,  8.65it/s]
 16%|█▌        | 115/731 [00:12<01:11,  8.66it/s]
 16%|█▌        | 116/731 [00:12<01:11,  8.63it/s]
 16%|█▌        | 118/731 [00:12<01:00, 10.21it/s]
 16%|█▋        | 120/731 [00:12<00:54, 11.12it/s]
 17%|█▋        | 122/731 [00:13<00:59, 10.18it/s]
 17%|█▋        | 124/731 [00:13<01:01,  9.87it/s]
 17%|█▋        | 125/731 [00:13<01:01,  9.84it/s]
 17%|█▋        | 126/731 [00:13<01:05,  9.23it/s]
 17%|█▋        | 127/731 [00:13<01:12,  8.34it/s]
 18%|█▊        | 128/731 [00:13<01:13,  8.26it/s]
 18%|█▊        | 129/731 [00:14<01:14,  8.04it/s]
 18%|█▊        | 130/731 [00:14<01:17,  7.72it/s]
 18%|█▊        | 131/731 [00:14<01:14,  8.09it/s]
 18%|█▊        | 133/731 [00:14<01:02,  9.62it/s]
 18%|█▊        | 135/731 [00:14<00:53, 11.11it/s]
 19%|█▊        | 137/731 [00:14<01:02,  9.48it/s]
 19%|█▉        | 138/731 [00:15<01:03,  9.40it/s]
 19%|█▉        | 139/731 [00:15<01:04,  9.16it/s]
 19%|█▉        | 141/731 [00:15<00:57, 10.31it/s]
 20%|█▉        | 143/731 [00:15<01:04,  9.11it/s]
 20%|█▉        | 144/731 [00:15<01:07,  8.63it/s]
 20%|█▉        | 146/731 [00:15<01:00,  9.60it/s]
 20%|██        | 147/731 [00:15<01:03,  9.26it/s]
 20%|██        | 148/731 [00:16<01:07,  8.61it/s]
 20%|██        | 149/731 [00:16<01:06,  8.79it/s]
 21%|██        | 150/731 [00:16<01:08,  8.43it/s]
 21%|██        | 152/731 [00:16<00:55, 10.34it/s]
 21%|██        | 154/731 [00:16<00:48, 11.84it/s]
 21%|██▏       | 156/731 [00:16<00:55, 10.28it/s]
 22%|██▏       | 158/731 [00:17<01:02,  9.22it/s]
 22%|██▏       | 160/731 [00:17<00:57,  9.95it/s]
 22%|██▏       | 162/731 [00:17<01:02,  9.12it/s]
 22%|██▏       | 163/731 [00:17<01:04,  8.80it/s]
 22%|██▏       | 164/731 [00:17<01:05,  8.72it/s]
 23%|██▎       | 165/731 [00:17<01:05,  8.66it/s]
 23%|██▎       | 167/731 [00:18<00:57,  9.82it/s]
 23%|██▎       | 170/731 [00:18<00:46, 12.02it/s]
 24%|██▎       | 172/731 [00:18<00:44, 12.60it/s]
 24%|██▍       | 174/731 [00:18<00:51, 10.72it/s]
 24%|██▍       | 176/731 [00:18<00:54, 10.27it/s]
 24%|██▍       | 178/731 [00:19<00:56,  9.77it/s]
 25%|██▍       | 180/731 [00:19<00:58,  9.37it/s]
 25%|██▍       | 182/731 [00:19<00:54, 10.10it/s]
 25%|██▌       | 184/731 [00:19<00:50, 10.82it/s]
 26%|██▌       | 187/731 [00:19<00:42, 12.77it/s]
 26%|██▌       | 189/731 [00:19<00:39, 13.66it/s]
 26%|██▌       | 191/731 [00:20<00:46, 11.64it/s]
 26%|██▋       | 193/731 [00:20<00:44, 12.19it/s]
 27%|██▋       | 195/731 [00:20<00:49, 10.78it/s]
 27%|██▋       | 197/731 [00:20<00:47, 11.16it/s]
 27%|██▋       | 199/731 [00:20<00:53, 10.03it/s]
 27%|██▋       | 201/731 [00:21<00:56,  9.38it/s]
 28%|██▊       | 202/731 [00:21<01:00,  8.70it/s]
 28%|██▊       | 204/731 [00:21<00:52,  9.98it/s]
 28%|██▊       | 206/731 [00:21<00:46, 11.26it/s]
 28%|██▊       | 208/731 [00:21<00:42, 12.36it/s]
 29%|██▊       | 210/731 [00:21<00:46, 11.11it/s]
 29%|██▉       | 212/731 [00:22<00:55,  9.35it/s]
 29%|██▉       | 215/731 [00:22<00:41, 12.43it/s]
 30%|██▉       | 217/731 [00:22<00:48, 10.50it/s]
 30%|██▉       | 219/731 [00:22<00:46, 10.95it/s]
 30%|███       | 221/731 [00:23<00:50, 10.10it/s]
 31%|███       | 223/731 [00:23<00:49, 10.31it/s]
 31%|███       | 225/731 [00:23<00:52,  9.65it/s]
 31%|███       | 227/731 [00:23<00:51,  9.88it/s]
 31%|███▏      | 229/731 [00:23<00:55,  9.10it/s]
 31%|███▏      | 230/731 [00:24<00:56,  8.84it/s]
 32%|███▏      | 231/731 [00:24<00:57,  8.63it/s]
 32%|███▏      | 232/731 [00:24<00:58,  8.49it/s]
 32%|███▏      | 233/731 [00:24<00:59,  8.32it/s]
 32%|███▏      | 234/731 [00:24<01:02,  7.94it/s]
 32%|███▏      | 236/731 [00:24<00:52,  9.49it/s]
 33%|███▎      | 238/731 [00:24<00:45, 10.74it/s]
 33%|███▎      | 240/731 [00:25<00:47, 10.36it/s]
 33%|███▎      | 242/731 [00:25<00:43, 11.21it/s]
 33%|███▎      | 244/731 [00:25<00:47, 10.34it/s]
 34%|███▎      | 246/731 [00:25<00:50,  9.62it/s]
 34%|███▍      | 247/731 [00:25<00:53,  9.12it/s]
 34%|███▍      | 248/731 [00:25<00:54,  8.89it/s]
 34%|███▍      | 250/731 [00:26<00:47, 10.18it/s]
 34%|███▍      | 252/731 [00:26<00:43, 11.00it/s]
 35%|███▍      | 254/731 [00:26<00:41, 11.46it/s]
 35%|███▌      | 256/731 [00:26<00:37, 12.60it/s]
 35%|███▌      | 258/731 [00:26<00:35, 13.18it/s]
 36%|███▌      | 260/731 [00:26<00:40, 11.72it/s]
 36%|███▌      | 262/731 [00:27<00:37, 12.43it/s]
 36%|███▋      | 265/731 [00:27<00:31, 14.65it/s]
 37%|███▋      | 267/731 [00:27<00:37, 12.28it/s]
 37%|███▋      | 269/731 [00:27<00:43, 10.53it/s]
 37%|███▋      | 271/731 [00:27<00:49,  9.22it/s]
 37%|███▋      | 273/731 [00:28<00:47,  9.62it/s]
 38%|███▊      | 275/731 [00:28<00:43, 10.47it/s]
 38%|███▊      | 278/731 [00:28<00:36, 12.32it/s]
 38%|███▊      | 280/731 [00:28<00:36, 12.52it/s]
 39%|███▊      | 282/731 [00:28<00:34, 13.03it/s]
 39%|███▉      | 284/731 [00:28<00:32, 13.78it/s]
 39%|███▉      | 286/731 [00:29<00:35, 12.56it/s]
 39%|███▉      | 288/731 [00:29<00:39, 11.33it/s]
 40%|███▉      | 290/731 [00:29<00:42, 10.34it/s]
 40%|███▉      | 292/731 [00:29<00:46,  9.54it/s]
 40%|████      | 294/731 [00:30<00:47,  9.14it/s]
 41%|████      | 298/731 [00:30<00:35, 12.29it/s]
 41%|████      | 300/731 [00:30<00:39, 11.02it/s]
 41%|████▏     | 302/731 [00:30<00:41, 10.33it/s]
 42%|████▏     | 304/731 [00:30<00:38, 11.18it/s]
 42%|████▏     | 306/731 [00:30<00:35, 11.83it/s]
 42%|████▏     | 308/731 [00:31<00:33, 12.54it/s]
 42%|████▏     | 310/731 [00:31<00:32, 12.89it/s]
 43%|████▎     | 312/731 [00:31<00:31, 13.38it/s]
 43%|████▎     | 314/731 [00:31<00:30, 13.55it/s]
 43%|████▎     | 316/731 [00:31<00:31, 13.30it/s]
 44%|████▎     | 318/731 [00:31<00:31, 13.14it/s]
 44%|████▍     | 320/731 [00:31<00:31, 13.18it/s]
 44%|████▍     | 322/731 [00:32<00:30, 13.37it/s]
 44%|████▍     | 324/731 [00:32<00:36, 11.10it/s]
 45%|████▍     | 326/731 [00:32<00:42,  9.62it/s]
 45%|████▍     | 328/731 [00:32<00:45,  8.96it/s]
 45%|████▌     | 329/731 [00:33<00:44,  8.95it/s]
 45%|████▌     | 330/731 [00:33<00:44,  9.01it/s]
 45%|████▌     | 332/731 [00:33<00:38, 10.43it/s]
 46%|████▌     | 334/731 [00:33<00:34, 11.64it/s]
 46%|████▌     | 336/731 [00:33<00:38, 10.38it/s]
 46%|████▌     | 338/731 [00:33<00:41,  9.46it/s]
 47%|████▋     | 340/731 [00:34<00:44,  8.79it/s]
 47%|████▋     | 341/731 [00:34<00:44,  8.67it/s]
 47%|████▋     | 342/731 [00:34<00:44,  8.65it/s]
 47%|████▋     | 343/731 [00:34<00:45,  8.60it/s]
 47%|████▋     | 344/731 [00:34<00:44,  8.73it/s]
 47%|████▋     | 345/731 [00:34<00:43,  8.93it/s]
 47%|████▋     | 346/731 [00:34<00:42,  9.00it/s]
 47%|████▋     | 347/731 [00:34<00:43,  8.81it/s]
 48%|████▊     | 348/731 [00:35<00:44,  8.61it/s]
 48%|████▊     | 349/731 [00:35<00:43,  8.80it/s]
 48%|████▊     | 350/731 [00:35<00:42,  8.88it/s]
 48%|████▊     | 351/731 [00:35<00:42,  8.85it/s]
 48%|████▊     | 352/731 [00:35<00:42,  8.86it/s]
 48%|████▊     | 353/731 [00:35<00:43,  8.67it/s]
 49%|████▊     | 356/731 [00:35<00:31, 11.96it/s]
 49%|████▉     | 358/731 [00:36<00:34, 10.87it/s]
 49%|████▉     | 360/731 [00:36<00:37,  9.77it/s]
 50%|████▉     | 362/731 [00:36<00:33, 10.94it/s]
 50%|████▉     | 364/731 [00:36<00:31, 11.70it/s]
 50%|█████     | 366/731 [00:36<00:35, 10.38it/s]
 50%|█████     | 368/731 [00:36<00:32, 11.02it/s]
 51%|█████     | 370/731 [00:37<00:31, 11.60it/s]
 51%|█████     | 372/731 [00:37<00:28, 12.72it/s]
 51%|█████▏    | 376/731 [00:37<00:21, 16.55it/s]
 52%|█████▏    | 378/731 [00:37<00:24, 14.23it/s]
 52%|█████▏    | 382/731 [00:37<00:18, 18.80it/s]
 53%|█████▎    | 385/731 [00:38<00:23, 14.44it/s]
 53%|█████▎    | 388/731 [00:38<00:20, 16.60it/s]
 53%|█████▎    | 390/731 [00:38<00:23, 14.36it/s]
 54%|█████▎    | 392/731 [00:38<00:23, 14.60it/s]
 54%|█████▍    | 394/731 [00:38<00:23, 14.57it/s]
 54%|█████▍    | 396/731 [00:38<00:25, 13.32it/s]
 54%|█████▍    | 398/731 [00:39<00:28, 11.76it/s]
 55%|█████▍    | 400/731 [00:39<00:31, 10.48it/s]
 55%|█████▍    | 402/731 [00:39<00:34,  9.52it/s]
 55%|█████▌    | 405/731 [00:39<00:29, 11.15it/s]
 56%|█████▌    | 407/731 [00:39<00:27, 11.89it/s]
 56%|█████▌    | 409/731 [00:40<00:26, 11.94it/s]
 56%|█████▋    | 413/731 [00:40<00:21, 14.70it/s]
 57%|█████▋    | 415/731 [00:40<00:22, 13.86it/s]
 57%|█████▋    | 417/731 [00:40<00:24, 12.71it/s]
 57%|█████▋    | 419/731 [00:40<00:26, 11.96it/s]
 58%|█████▊    | 421/731 [00:40<00:23, 13.00it/s]
 58%|█████▊    | 423/731 [00:41<00:22, 13.83it/s]
 58%|█████▊    | 425/731 [00:41<00:21, 13.98it/s]
 58%|█████▊    | 427/731 [00:41<00:25, 12.16it/s]
 59%|█████▊    | 429/731 [00:41<00:24, 12.20it/s]
 59%|█████▉    | 431/731 [00:41<00:23, 12.94it/s]
 59%|█████▉    | 433/731 [00:41<00:21, 13.74it/s]
 60%|█████▉    | 435/731 [00:41<00:23, 12.77it/s]
 60%|█████▉    | 437/731 [00:42<00:21, 13.62it/s]
 60%|██████    | 439/731 [00:42<00:25, 11.62it/s]
 60%|██████    | 441/731 [00:42<00:29,  9.87it/s]
 61%|██████    | 443/731 [00:42<00:31,  9.09it/s]
 61%|██████    | 444/731 [00:43<00:32,  8.86it/s]
 61%|██████    | 445/731 [00:43<00:33,  8.61it/s]
 61%|██████    | 446/731 [00:43<00:33,  8.48it/s]
 61%|██████    | 447/731 [00:43<00:34,  8.26it/s]
 61%|██████▏   | 448/731 [00:43<00:39,  7.10it/s]
 62%|██████▏   | 450/731 [00:43<00:30,  9.11it/s]
 62%|██████▏   | 451/731 [00:43<00:30,  9.16it/s]
 62%|██████▏   | 453/731 [00:43<00:25, 11.08it/s]
 62%|██████▏   | 455/731 [00:44<00:22, 12.30it/s]
 63%|██████▎   | 458/731 [00:44<00:18, 14.55it/s]
 63%|██████▎   | 460/731 [00:44<00:25, 10.79it/s]
 63%|██████▎   | 462/731 [00:44<00:32,  8.27it/s]
 63%|██████▎   | 464/731 [00:45<00:31,  8.37it/s]
 64%|██████▍   | 467/731 [00:45<00:25, 10.20it/s]
 64%|██████▍   | 469/731 [00:45<00:23, 11.18it/s]
 64%|██████▍   | 471/731 [00:45<00:22, 11.63it/s]
 65%|██████▍   | 473/731 [00:45<00:21, 11.73it/s]
 65%|██████▍   | 475/731 [00:45<00:21, 11.98it/s]
 65%|██████▌   | 477/731 [00:46<00:23, 10.89it/s]
 66%|██████▌   | 479/731 [00:46<00:24, 10.47it/s]
 66%|██████▌   | 481/731 [00:46<00:24, 10.15it/s]
 66%|██████▌   | 483/731 [00:46<00:21, 11.41it/s]
 66%|██████▋   | 485/731 [00:46<00:20, 12.03it/s]
 67%|██████▋   | 488/731 [00:47<00:16, 14.60it/s]
 67%|██████▋   | 490/731 [00:47<00:16, 14.55it/s]
 67%|██████▋   | 492/731 [00:47<00:16, 14.79it/s]
 68%|██████▊   | 494/731 [00:47<00:16, 14.59it/s]
 68%|██████▊   | 496/731 [00:47<00:15, 15.16it/s]
 68%|██████▊   | 498/731 [00:47<00:18, 12.81it/s]
 68%|██████▊   | 500/731 [00:47<00:20, 11.27it/s]
 69%|██████▊   | 502/731 [00:48<00:21, 10.51it/s]
 69%|██████▉   | 504/731 [00:48<00:22, 10.11it/s]
 69%|██████▉   | 506/731 [00:48<00:20, 11.19it/s]
 69%|██████▉   | 508/731 [00:48<00:22,  9.88it/s]
 70%|██████▉   | 510/731 [00:48<00:19, 11.21it/s]
 70%|███████   | 513/731 [00:49<00:16, 13.59it/s]
 70%|███████   | 515/731 [00:49<00:15, 14.30it/s]
 71%|███████   | 517/731 [00:49<00:15, 13.79it/s]
 71%|███████   | 520/731 [00:49<00:14, 14.66it/s]
 72%|███████▏  | 523/731 [00:49<00:13, 15.64it/s]
 72%|███████▏  | 525/731 [00:49<00:16, 12.61it/s]
 72%|███████▏  | 527/731 [00:50<00:15, 12.92it/s]
 73%|███████▎  | 530/731 [00:50<00:14, 14.26it/s]
 73%|███████▎  | 532/731 [00:50<00:14, 13.84it/s]
 73%|███████▎  | 535/731 [00:50<00:12, 15.57it/s]
 73%|███████▎  | 537/731 [00:50<00:12, 15.24it/s]
 74%|███████▎  | 539/731 [00:50<00:15, 12.52it/s]
 74%|███████▍  | 541/731 [00:51<00:16, 11.60it/s]
 74%|███████▍  | 543/731 [00:51<00:17, 10.67it/s]
 75%|███████▍  | 545/731 [00:51<00:17, 10.78it/s]
 75%|███████▍  | 547/731 [00:51<00:16, 10.89it/s]
 75%|███████▌  | 549/731 [00:51<00:15, 11.54it/s]
 75%|███████▌  | 551/731 [00:52<00:15, 11.98it/s]
 76%|███████▌  | 553/731 [00:52<00:14, 12.39it/s]
 76%|███████▌  | 555/731 [00:52<00:16, 10.86it/s]
 76%|███████▌  | 557/731 [00:52<00:18,  9.65it/s]
 76%|███████▋  | 559/731 [00:52<00:17, 10.00it/s]
 77%|███████▋  | 561/731 [00:53<00:16, 10.55it/s]
 77%|███████▋  | 563/731 [00:53<00:14, 11.27it/s]
 77%|███████▋  | 565/731 [00:53<00:16,  9.87it/s]
 78%|███████▊  | 567/731 [00:53<00:17,  9.16it/s]
 78%|███████▊  | 571/731 [00:53<00:13, 12.12it/s]
 79%|███████▊  | 575/731 [00:54<00:11, 13.95it/s]
 79%|███████▉  | 577/731 [00:54<00:11, 13.50it/s]
 79%|███████▉  | 579/731 [00:54<00:11, 13.53it/s]
 79%|███████▉  | 581/731 [00:54<00:13, 11.16it/s]
 80%|███████▉  | 583/731 [00:54<00:12, 11.51it/s]
 80%|████████  | 585/731 [00:55<00:13, 10.65it/s]
 80%|████████  | 588/731 [00:55<00:10, 13.97it/s]
 81%|████████  | 590/731 [00:55<00:10, 13.95it/s]
 81%|████████  | 592/731 [00:55<00:10, 12.76it/s]
 81%|████████▏ | 595/731 [00:55<00:08, 15.46it/s]
 82%|████████▏ | 597/731 [00:55<00:08, 15.75it/s]
 82%|████████▏ | 599/731 [00:56<00:10, 13.01it/s]
 82%|████████▏ | 601/731 [00:56<00:11, 11.07it/s]
 82%|████████▏ | 603/731 [00:56<00:12, 10.23it/s]
 83%|████████▎ | 605/731 [00:56<00:13,  9.39it/s]
 83%|████████▎ | 607/731 [00:56<00:13,  9.50it/s]
 83%|████████▎ | 609/731 [00:57<00:11, 10.72it/s]
 84%|████████▎ | 611/731 [00:57<00:10, 11.49it/s]
 84%|████████▍ | 614/731 [00:57<00:08, 13.27it/s]
 84%|████████▍ | 616/731 [00:57<00:09, 11.91it/s]
 85%|████████▍ | 619/731 [00:57<00:07, 14.93it/s]
 85%|████████▍ | 621/731 [00:57<00:08, 12.56it/s]
 85%|████████▌ | 623/731 [00:58<00:08, 12.80it/s]
 85%|████████▌ | 625/731 [00:58<00:10, 10.40it/s]
 86%|████████▌ | 627/731 [00:58<00:09, 10.64it/s]
 86%|████████▌ | 630/731 [00:58<00:07, 13.89it/s]
 86%|████████▋ | 632/731 [00:58<00:07, 12.98it/s]
 87%|████████▋ | 634/731 [00:58<00:07, 13.53it/s]
 87%|████████▋ | 636/731 [00:59<00:07, 13.25it/s]
 87%|████████▋ | 638/731 [00:59<00:06, 13.84it/s]
 88%|████████▊ | 640/731 [00:59<00:07, 12.07it/s]
 88%|████████▊ | 643/731 [00:59<00:06, 13.63it/s]
 88%|████████▊ | 645/731 [00:59<00:06, 13.35it/s]
 89%|████████▊ | 647/731 [00:59<00:06, 12.87it/s]
 89%|████████▉ | 649/731 [01:00<00:06, 12.81it/s]
 89%|████████▉ | 652/731 [01:00<00:05, 14.31it/s]
 89%|████████▉ | 654/731 [01:00<00:05, 14.76it/s]
 90%|████████▉ | 656/731 [01:00<00:04, 15.07it/s]
 90%|█████████ | 658/731 [01:00<00:04, 15.04it/s]
 90%|█████████ | 660/731 [01:00<00:05, 14.17it/s]
 91%|█████████ | 662/731 [01:01<00:04, 14.28it/s]
 91%|█████████ | 665/731 [01:01<00:04, 15.74it/s]
 91%|█████████ | 667/731 [01:01<00:04, 15.91it/s]
 92%|█████████▏| 669/731 [01:01<00:04, 13.29it/s]
 92%|█████████▏| 671/731 [01:01<00:04, 13.69it/s]
 92%|█████████▏| 673/731 [01:01<00:05, 10.93it/s]
 92%|█████████▏| 676/731 [01:02<00:03, 14.14it/s]
 93%|█████████▎| 678/731 [01:02<00:03, 14.39it/s]
 93%|█████████▎| 680/731 [01:02<00:04, 11.85it/s]
 93%|█████████▎| 682/731 [01:02<00:04, 11.61it/s]
 94%|█████████▎| 684/731 [01:02<00:04, 10.93it/s]
 94%|█████████▍| 686/731 [01:03<00:04, 10.01it/s]
 94%|█████████▍| 688/731 [01:03<00:04, 10.49it/s]
 94%|█████████▍| 690/731 [01:03<00:03, 10.97it/s]
 95%|█████████▍| 692/731 [01:03<00:03, 11.25it/s]
 95%|█████████▌| 695/731 [01:03<00:02, 14.28it/s]
 95%|█████████▌| 698/731 [01:03<00:02, 15.64it/s]
 96%|█████████▌| 700/731 [01:03<00:01, 15.83it/s]
 96%|█████████▌| 702/731 [01:04<00:01, 15.61it/s]
 96%|█████████▋| 704/731 [01:04<00:02, 12.51it/s]
 97%|█████████▋| 706/731 [01:04<00:01, 13.31it/s]
 97%|█████████▋| 708/731 [01:04<00:01, 13.30it/s]
 97%|█████████▋| 710/731 [01:04<00:01, 13.09it/s]
 98%|█████████▊| 713/731 [01:04<00:01, 15.81it/s]
 98%|█████████▊| 715/731 [01:05<00:01, 13.66it/s]
 98%|█████████▊| 719/731 [01:05<00:00, 18.79it/s]
 99%|█████████▉| 722/731 [01:05<00:00, 16.48it/s]
 99%|█████████▉| 724/731 [01:05<00:00, 15.80it/s]
 99%|█████████▉| 726/731 [01:05<00:00, 13.85it/s]
100%|█████████▉| 728/731 [01:05<00:00, 12.37it/s]
100%|█████████▉| 730/731 [01:06<00:00, 10.65it/s]
100%|██████████| 731/731 [01:06<00:00, 10.99it/s]
  P(true) judge for qwen-math (1000 rows)...

  0%|          | 0/1000 [00:00<?, ?it/s]
  0%|          | 4/1000 [00:00<00:29, 34.10it/s]
  1%|          | 8/1000 [00:00<00:27, 35.94it/s]
  1%|          | 12/1000 [00:00<00:40, 24.43it/s]
  2%|▏         | 16/1000 [00:00<00:41, 23.85it/s]
  2%|▏         | 19/1000 [00:00<00:59, 16.37it/s]
  2%|▏         | 21/1000 [00:01<01:04, 15.19it/s]
  2%|▏         | 23/1000 [00:01<01:17, 12.68it/s]
  2%|▎         | 25/1000 [00:01<01:15, 12.90it/s]
  3%|▎         | 27/1000 [00:01<01:12, 13.44it/s]
  3%|▎         | 30/1000 [00:01<01:03, 15.29it/s]
  3%|▎         | 32/1000 [00:01<01:02, 15.56it/s]
  3%|▎         | 34/1000 [00:02<01:04, 15.01it/s]
  4%|▎         | 37/1000 [00:02<00:52, 18.28it/s]
  4%|▍         | 41/1000 [00:02<00:41, 23.35it/s]
  4%|▍         | 44/1000 [00:02<00:42, 22.75it/s]
  5%|▍         | 49/1000 [00:02<00:39, 24.34it/s]
  5%|▌         | 53/1000 [00:02<00:35, 27.00it/s]
  6%|▌         | 56/1000 [00:02<00:37, 25.24it/s]
  6%|▌         | 59/1000 [00:02<00:39, 23.77it/s]
  6%|▋         | 63/1000 [00:03<00:34, 26.96it/s]
  7%|▋         | 68/1000 [00:03<00:29, 31.15it/s]
  7%|▋         | 72/1000 [00:03<00:31, 29.21it/s]
  8%|▊         | 76/1000 [00:03<00:39, 23.21it/s]
  8%|▊         | 80/1000 [00:03<00:35, 25.89it/s]
  8%|▊         | 83/1000 [00:03<00:42, 21.58it/s]
  9%|▊         | 86/1000 [00:04<00:48, 18.86it/s]
  9%|▉         | 89/1000 [00:04<00:46, 19.45it/s]
  9%|▉         | 93/1000 [00:04<00:38, 23.43it/s]
 10%|▉         | 98/1000 [00:04<00:31, 28.24it/s]
 10%|█         | 102/1000 [00:04<00:33, 26.44it/s]
 11%|█         | 106/1000 [00:04<00:30, 29.22it/s]
 11%|█         | 111/1000 [00:04<00:27, 32.83it/s]
 12%|█▏        | 116/1000 [00:05<00:29, 30.20it/s]
 12%|█▏        | 120/1000 [00:05<00:31, 28.36it/s]
 12%|█▏        | 124/1000 [00:05<00:31, 27.61it/s]
 13%|█▎        | 128/1000 [00:05<00:29, 29.88it/s]
 13%|█▎        | 133/1000 [00:05<00:26, 33.16it/s]
 14%|█▍        | 138/1000 [00:05<00:27, 30.98it/s]
 14%|█▍        | 142/1000 [00:06<00:34, 24.64it/s]
 15%|█▍        | 146/1000 [00:06<00:31, 27.18it/s]
 15%|█▌        | 150/1000 [00:06<00:36, 23.06it/s]
 15%|█▌        | 153/1000 [00:06<00:38, 21.83it/s]
 16%|█▌        | 157/1000 [00:06<00:37, 22.72it/s]
 16%|█▌        | 160/1000 [00:06<00:37, 22.18it/s]
 16%|█▋        | 163/1000 [00:07<00:38, 22.00it/s]
 17%|█▋        | 167/1000 [00:07<00:36, 23.12it/s]
 17%|█▋        | 171/1000 [00:07<00:31, 26.30it/s]
 17%|█▋        | 174/1000 [00:07<00:33, 24.93it/s]
 18%|█▊        | 177/1000 [00:07<00:35, 23.40it/s]
 18%|█▊        | 180/1000 [00:07<00:42, 19.48it/s]
 18%|█▊        | 183/1000 [00:07<00:42, 19.32it/s]
 19%|█▊        | 187/1000 [00:08<00:38, 21.01it/s]
 19%|█▉        | 190/1000 [00:08<00:39, 20.70it/s]
 19%|█▉        | 193/1000 [00:08<00:39, 20.50it/s]
 20%|█▉        | 197/1000 [00:08<00:32, 24.42it/s]
 20%|██        | 202/1000 [00:08<00:30, 25.88it/s]
 21%|██        | 206/1000 [00:08<00:27, 28.61it/s]
 21%|██        | 210/1000 [00:08<00:29, 27.09it/s]
 21%|██▏       | 213/1000 [00:09<00:31, 25.00it/s]
 22%|██▏       | 217/1000 [00:09<00:27, 28.19it/s]
 22%|██▏       | 222/1000 [00:09<00:27, 28.09it/s]
 23%|██▎       | 226/1000 [00:09<00:25, 30.67it/s]
 23%|██▎       | 230/1000 [00:09<00:31, 24.52it/s]
 23%|██▎       | 233/1000 [00:09<00:33, 22.62it/s]
 24%|██▎       | 236/1000 [00:10<00:35, 21.45it/s]
 24%|██▍       | 239/1000 [00:10<00:41, 18.52it/s]
 24%|██▍       | 243/1000 [00:10<00:34, 22.19it/s]
 25%|██▍       | 246/1000 [00:10<00:33, 22.45it/s]
 25%|██▍       | 249/1000 [00:10<00:33, 22.38it/s]
 25%|██▌       | 252/1000 [00:10<00:33, 22.36it/s]
 26%|██▌       | 256/1000 [00:10<00:28, 25.79it/s]
 26%|██▌       | 261/1000 [00:11<00:24, 30.44it/s]
 27%|██▋       | 266/1000 [00:11<00:21, 33.87it/s]
 27%|██▋       | 270/1000 [00:11<00:23, 30.55it/s]
 27%|██▋       | 274/1000 [00:11<00:25, 28.95it/s]
 28%|██▊       | 278/1000 [00:11<00:23, 31.08it/s]
 28%|██▊       | 283/1000 [00:11<00:20, 34.28it/s]
 29%|██▊       | 287/1000 [00:11<00:23, 30.11it/s]
 29%|██▉       | 292/1000 [00:12<00:24, 29.37it/s]
 30%|██▉       | 296/1000 [00:12<00:26, 26.57it/s]
 30%|███       | 300/1000 [00:12<00:23, 29.23it/s]
 30%|███       | 305/1000 [00:12<00:21, 32.77it/s]
 31%|███       | 310/1000 [00:12<00:19, 35.06it/s]
 31%|███▏      | 314/1000 [00:12<00:21, 31.65it/s]
 32%|███▏      | 318/1000 [00:12<00:27, 25.08it/s]
 32%|███▏      | 322/1000 [00:13<00:24, 27.40it/s]
 33%|███▎      | 327/1000 [00:13<00:24, 27.59it/s]
 33%|███▎      | 330/1000 [00:13<00:26, 25.51it/s]
 33%|███▎      | 333/1000 [00:13<00:27, 24.16it/s]
 34%|███▍      | 338/1000 [00:13<00:23, 28.45it/s]
 34%|███▍      | 341/1000 [00:13<00:24, 26.71it/s]
 34%|███▍      | 345/1000 [00:13<00:21, 29.79it/s]
 35%|███▌      | 350/1000 [00:14<00:19, 33.08it/s]
 36%|███▌      | 355/1000 [00:14<00:17, 35.84it/s]
 36%|███▌      | 360/1000 [00:14<00:16, 37.97it/s]
 36%|███▋      | 365/1000 [00:14<00:18, 34.17it/s]
 37%|███▋      | 369/1000 [00:14<00:17, 35.31it/s]
 37%|███▋      | 373/1000 [00:14<00:19, 31.92it/s]
 38%|███▊      | 378/1000 [00:14<00:17, 34.89it/s]
 38%|███▊      | 382/1000 [00:14<00:19, 31.76it/s]
 39%|███▊      | 386/1000 [00:15<00:18, 33.51it/s]
 39%|███▉      | 390/1000 [00:15<00:20, 29.92it/s]
 40%|███▉      | 395/1000 [00:15<00:18, 33.15it/s]
 40%|████      | 400/1000 [00:15<00:16, 35.80it/s]
 40%|████      | 404/1000 [00:15<00:18, 31.89it/s]
 41%|████      | 408/1000 [00:15<00:20, 29.55it/s]
 41%|████▏     | 413/1000 [00:15<00:17, 32.94it/s]
 42%|████▏     | 418/1000 [00:16<00:18, 31.07it/s]
 42%|████▏     | 422/1000 [00:16<00:17, 32.73it/s]
 43%|████▎     | 427/1000 [00:16<00:16, 35.14it/s]
 43%|████▎     | 432/1000 [00:16<00:15, 37.31it/s]
 44%|████▎     | 436/1000 [00:16<00:17, 32.46it/s]
 44%|████▍     | 440/1000 [00:16<00:18, 30.27it/s]
 44%|████▍     | 445/1000 [00:16<00:16, 33.39it/s]
 45%|████▌     | 450/1000 [00:17<00:15, 36.09it/s]
 46%|████▌     | 455/1000 [00:17<00:14, 37.94it/s]
 46%|████▌     | 460/1000 [00:17<00:13, 39.33it/s]
 46%|████▋     | 465/1000 [00:17<00:13, 39.78it/s]
 47%|████▋     | 470/1000 [00:17<00:13, 40.65it/s]
 48%|████▊     | 475/1000 [00:17<00:12, 41.52it/s]
 48%|████▊     | 480/1000 [00:17<00:12, 41.95it/s]
 48%|████▊     | 485/1000 [00:17<00:14, 36.48it/s]
 49%|████▉     | 490/1000 [00:18<00:13, 38.31it/s]
 50%|████▉     | 495/1000 [00:18<00:12, 39.63it/s]
 50%|█████     | 500/1000 [00:18<00:12, 40.47it/s]
 50%|█████     | 505/1000 [00:18<00:14, 34.90it/s]
 51%|█████     | 510/1000 [00:18<00:13, 36.61it/s]
 51%|█████▏    | 514/1000 [00:18<00:19, 25.47it/s]
 52%|█████▏    | 518/1000 [00:18<00:17, 27.67it/s]
 52%|█████▏    | 522/1000 [00:19<00:17, 26.86it/s]
 53%|█████▎    | 526/1000 [00:19<00:18, 26.15it/s]
 53%|█████▎    | 531/1000 [00:19<00:15, 30.03it/s]
 54%|█████▎    | 536/1000 [00:19<00:13, 33.22it/s]
 54%|█████▍    | 541/1000 [00:19<00:12, 35.73it/s]
 55%|█████▍    | 545/1000 [00:19<00:14, 31.90it/s]
 55%|█████▍    | 549/1000 [00:19<00:15, 29.35it/s]
 55%|█████▌    | 554/1000 [00:20<00:13, 32.55it/s]
 56%|█████▌    | 559/1000 [00:20<00:12, 35.39it/s]
 56%|█████▋    | 564/1000 [00:20<00:11, 37.42it/s]
 57%|█████▋    | 569/1000 [00:20<00:11, 38.96it/s]
 57%|█████▋    | 573/1000 [00:20<00:12, 33.88it/s]
 58%|█████▊    | 577/1000 [00:20<00:12, 35.25it/s]
 58%|█████▊    | 581/1000 [00:20<00:13, 31.79it/s]
 58%|█████▊    | 585/1000 [00:20<00:12, 33.52it/s]
 59%|█████▉    | 590/1000 [00:21<00:11, 36.17it/s]
 60%|█████▉    | 595/1000 [00:21<00:10, 38.11it/s]
 60%|██████    | 600/1000 [00:21<00:10, 39.51it/s]
 60%|██████    | 605/1000 [00:21<00:09, 40.42it/s]
 61%|██████    | 610/1000 [00:21<00:09, 41.06it/s]
 62%|██████▏   | 615/1000 [00:21<00:09, 41.68it/s]
 62%|██████▏   | 620/1000 [00:21<00:09, 41.78it/s]
 62%|██████▎   | 625/1000 [00:21<00:08, 42.14it/s]
 63%|██████▎   | 630/1000 [00:22<00:08, 42.35it/s]
 64%|██████▎   | 635/1000 [00:22<00:08, 42.45it/s]
 64%|██████▍   | 640/1000 [00:22<00:09, 36.99it/s]
 64%|██████▍   | 644/1000 [00:22<00:09, 37.70it/s]
 65%|██████▍   | 649/1000 [00:22<00:08, 39.10it/s]
 65%|██████▌   | 654/1000 [00:22<00:08, 40.16it/s]
 66%|██████▌   | 659/1000 [00:22<00:09, 34.55it/s]
 66%|██████▋   | 664/1000 [00:22<00:09, 36.56it/s]
 67%|██████▋   | 669/1000 [00:23<00:08, 38.34it/s]
 67%|██████▋   | 674/1000 [00:23<00:08, 39.48it/s]
 68%|██████▊   | 679/1000 [00:23<00:07, 40.42it/s]
 68%|██████▊   | 684/1000 [00:23<00:09, 35.08it/s]
 69%|██████▉   | 689/1000 [00:23<00:08, 37.12it/s]
 69%|██████▉   | 694/1000 [00:23<00:07, 38.40it/s]
 70%|██████▉   | 699/1000 [00:23<00:07, 39.12it/s]
 70%|███████   | 704/1000 [00:23<00:07, 40.09it/s]
 71%|███████   | 709/1000 [00:24<00:07, 41.00it/s]
 71%|███████▏  | 714/1000 [00:24<00:08, 35.58it/s]
 72%|███████▏  | 719/1000 [00:24<00:07, 37.47it/s]
 72%|███████▏  | 724/1000 [00:24<00:07, 39.04it/s]
 73%|███████▎  | 729/1000 [00:24<00:07, 34.65it/s]
 73%|███████▎  | 733/1000 [00:24<00:08, 30.82it/s]
 74%|███████▎  | 737/1000 [00:25<00:09, 28.81it/s]
 74%|███████▍  | 742/1000 [00:25<00:07, 32.31it/s]
 75%|███████▍  | 747/1000 [00:25<00:07, 35.12it/s]
 75%|███████▌  | 752/1000 [00:25<00:06, 37.29it/s]
 76%|███████▌  | 757/1000 [00:25<00:06, 38.98it/s]
 76%|███████▌  | 762/1000 [00:25<00:05, 40.08it/s]
 77%|███████▋  | 767/1000 [00:25<00:05, 40.89it/s]
 77%|███████▋  | 772/1000 [00:25<00:05, 41.58it/s]
 78%|███████▊  | 777/1000 [00:25<00:05, 41.53it/s]
 78%|███████▊  | 782/1000 [00:26<00:05, 41.97it/s]
 79%|███████▊  | 787/1000 [00:26<00:05, 36.62it/s]
 79%|███████▉  | 791/1000 [00:26<00:06, 31.75it/s]
 80%|███████▉  | 795/1000 [00:26<00:06, 33.01it/s]
 80%|████████  | 800/1000 [00:26<00:05, 35.58it/s]
 80%|████████  | 805/1000 [00:26<00:05, 37.62it/s]
 81%|████████  | 810/1000 [00:26<00:04, 39.12it/s]
 82%|████████▏ | 815/1000 [00:26<00:04, 39.74it/s]
 82%|████████▏ | 820/1000 [00:27<00:04, 40.71it/s]
 82%|████████▎ | 825/1000 [00:27<00:06, 27.57it/s]
 83%|████████▎ | 829/1000 [00:27<00:06, 28.14it/s]
 83%|████████▎ | 833/1000 [00:27<00:05, 30.37it/s]
 84%|████████▍ | 838/1000 [00:27<00:04, 33.68it/s]
 84%|████████▍ | 843/1000 [00:27<00:04, 36.24it/s]
 85%|████████▍ | 848/1000 [00:27<00:03, 38.21it/s]
 85%|████████▌ | 853/1000 [00:28<00:03, 39.60it/s]
 86%|████████▌ | 858/1000 [00:28<00:03, 40.36it/s]
 86%|████████▋ | 863/1000 [00:28<00:03, 41.19it/s]
 87%|████████▋ | 868/1000 [00:28<00:03, 41.80it/s]
 87%|████████▋ | 873/1000 [00:28<00:03, 42.11it/s]
 88%|████████▊ | 878/1000 [00:28<00:02, 42.55it/s]
 88%|████████▊ | 883/1000 [00:28<00:03, 36.48it/s]
 89%|████████▉ | 888/1000 [00:28<00:02, 38.31it/s]
 89%|████████▉ | 893/1000 [00:29<00:02, 39.26it/s]
 90%|████████▉ | 898/1000 [00:29<00:02, 35.09it/s]
 90%|█████████ | 903/1000 [00:29<00:02, 36.69it/s]
 91%|█████████ | 908/1000 [00:29<00:02, 38.24it/s]
 91%|█████████▏| 913/1000 [00:29<00:02, 39.49it/s]
 92%|█████████▏| 918/1000 [00:29<00:02, 40.57it/s]
 92%|█████████▏| 923/1000 [00:29<00:01, 41.18it/s]
 93%|█████████▎| 928/1000 [00:29<00:01, 41.60it/s]
 93%|█████████▎| 933/1000 [00:30<00:01, 41.58it/s]
 94%|█████████▍| 938/1000 [00:30<00:01, 41.95it/s]
 94%|█████████▍| 943/1000 [00:30<00:01, 35.85it/s]
 95%|█████████▍| 948/1000 [00:30<00:01, 37.78it/s]
 95%|█████████▌| 953/1000 [00:30<00:01, 39.29it/s]
 96%|█████████▌| 958/1000 [00:30<00:01, 40.37it/s]
 96%|█████████▋| 963/1000 [00:30<00:00, 40.97it/s]
 97%|█████████▋| 968/1000 [00:31<00:00, 41.53it/s]
 97%|█████████▋| 973/1000 [00:31<00:00, 41.45it/s]
 98%|█████████▊| 978/1000 [00:31<00:00, 35.75it/s]
 98%|█████████▊| 983/1000 [00:31<00:00, 37.10it/s]
 99%|█████████▉| 988/1000 [00:31<00:00, 38.67it/s]
 99%|█████████▉| 993/1000 [00:31<00:00, 39.82it/s]
100%|█████████▉| 998/1000 [00:31<00:00, 40.73it/s]
100%|██████████| 1000/1000 [00:31<00:00, 31.39it/s]
  P(true) judge for qwen-triviaqa (2000 rows)...

  0%|          | 0/2000 [00:00<?, ?it/s]
  0%|          | 5/2000 [00:00<00:43, 45.91it/s]
  0%|          | 10/2000 [00:00<00:45, 43.77it/s]
  1%|          | 15/2000 [00:00<00:45, 43.79it/s]
  1%|          | 20/2000 [00:00<00:45, 43.99it/s]
  1%|▏         | 25/2000 [00:00<00:44, 44.12it/s]
  2%|▏         | 30/2000 [00:00<00:44, 44.04it/s]
  2%|▏         | 35/2000 [00:00<00:44, 44.05it/s]
  2%|▏         | 40/2000 [00:00<00:44, 44.03it/s]
  2%|▏         | 45/2000 [00:01<00:44, 44.15it/s]
  2%|▎         | 50/2000 [00:01<00:44, 43.65it/s]
  3%|▎         | 55/2000 [00:01<00:44, 43.69it/s]
  3%|▎         | 60/2000 [00:01<00:44, 43.75it/s]
  3%|▎         | 65/2000 [00:01<00:44, 43.87it/s]
  4%|▎         | 70/2000 [00:01<00:43, 43.90it/s]
  4%|▍         | 75/2000 [00:01<00:43, 44.03it/s]
  4%|▍         | 80/2000 [00:01<00:43, 44.11it/s]
  4%|▍         | 85/2000 [00:01<00:43, 44.11it/s]
  4%|▍         | 90/2000 [00:02<00:43, 43.56it/s]
  5%|▍         | 95/2000 [00:02<00:43, 43.58it/s]
  5%|▌         | 100/2000 [00:02<00:43, 43.57it/s]
  5%|▌         | 105/2000 [00:02<00:43, 43.74it/s]
  6%|▌         | 110/2000 [00:02<00:43, 43.79it/s]
  6%|▌         | 115/2000 [00:02<00:43, 43.84it/s]
  6%|▌         | 120/2000 [00:02<00:42, 44.02it/s]
  6%|▋         | 125/2000 [00:02<00:42, 44.13it/s]
  6%|▋         | 130/2000 [00:02<00:42, 43.66it/s]
  7%|▋         | 135/2000 [00:03<00:42, 43.81it/s]
  7%|▋         | 140/2000 [00:03<00:42, 43.93it/s]
  7%|▋         | 145/2000 [00:03<00:42, 44.01it/s]
  8%|▊         | 150/2000 [00:03<00:41, 44.07it/s]
  8%|▊         | 155/2000 [00:03<00:41, 44.09it/s]
  8%|▊         | 160/2000 [00:03<00:41, 44.14it/s]
  8%|▊         | 165/2000 [00:03<00:42, 43.54it/s]
  8%|▊         | 170/2000 [00:03<00:42, 43.47it/s]
  9%|▉         | 175/2000 [00:03<00:41, 43.57it/s]
  9%|▉         | 180/2000 [00:04<00:41, 43.58it/s]
  9%|▉         | 185/2000 [00:04<00:41, 43.57it/s]
 10%|▉         | 190/2000 [00:04<00:41, 43.35it/s]
 10%|▉         | 195/2000 [00:04<00:41, 43.40it/s]
 10%|█         | 200/2000 [00:04<00:41, 43.38it/s]
 10%|█         | 205/2000 [00:04<00:41, 43.13it/s]
 10%|█         | 210/2000 [00:04<00:41, 43.39it/s]
 11%|█         | 215/2000 [00:04<00:41, 43.42it/s]
 11%|█         | 220/2000 [00:05<00:40, 43.58it/s]
 11%|█▏        | 225/2000 [00:05<00:40, 43.66it/s]
 12%|█▏        | 230/2000 [00:05<00:40, 43.71it/s]
 12%|█▏        | 235/2000 [00:05<00:40, 43.79it/s]
 12%|█▏        | 240/2000 [00:05<00:40, 43.49it/s]
 12%|█▏        | 245/2000 [00:05<00:40, 43.14it/s]
 12%|█▎        | 250/2000 [00:05<00:40, 43.17it/s]
 13%|█▎        | 255/2000 [00:05<00:40, 43.26it/s]
 13%|█▎        | 260/2000 [00:05<00:40, 43.37it/s]
 13%|█▎        | 265/2000 [00:06<00:40, 43.20it/s]
 14%|█▎        | 270/2000 [00:06<00:39, 43.33it/s]
 14%|█▍        | 275/2000 [00:06<00:39, 43.37it/s]
 14%|█▍        | 280/2000 [00:06<00:39, 43.31it/s]
 14%|█▍        | 285/2000 [00:06<00:39, 42.92it/s]
 14%|█▍        | 290/2000 [00:06<00:39, 42.83it/s]
 15%|█▍        | 295/2000 [00:06<00:39, 43.01it/s]
 15%|█▌        | 300/2000 [00:06<00:39, 43.19it/s]
 15%|█▌        | 305/2000 [00:06<00:39, 43.30it/s]
 16%|█▌        | 310/2000 [00:07<00:38, 43.41it/s]
 16%|█▌        | 315/2000 [00:07<00:38, 43.34it/s]
 16%|█▌        | 320/2000 [00:07<00:38, 43.43it/s]
 16%|█▋        | 325/2000 [00:07<00:38, 42.99it/s]
 16%|█▋        | 330/2000 [00:07<00:38, 43.21it/s]
 17%|█▋        | 335/2000 [00:07<00:38, 43.31it/s]
 17%|█▋        | 340/2000 [00:07<00:38, 43.36it/s]
 17%|█▋        | 345/2000 [00:07<00:38, 43.42it/s]
 18%|█▊        | 350/2000 [00:08<00:37, 43.54it/s]
 18%|█▊        | 355/2000 [00:08<00:37, 43.60it/s]
 18%|█▊        | 360/2000 [00:08<00:37, 43.18it/s]
 18%|█▊        | 365/2000 [00:08<00:37, 43.17it/s]
 18%|█▊        | 370/2000 [00:08<00:37, 43.32it/s]
 19%|█▉        | 375/2000 [00:08<00:37, 43.38it/s]
 19%|█▉        | 380/2000 [00:08<00:37, 43.41it/s]
 19%|█▉        | 385/2000 [00:08<00:37, 43.47it/s]
 20%|█▉        | 390/2000 [00:08<00:37, 43.37it/s]
 20%|█▉        | 395/2000 [00:09<00:36, 43.52it/s]
 20%|██        | 400/2000 [00:09<00:37, 43.11it/s]
 20%|██        | 405/2000 [00:09<00:36, 43.26it/s]
 20%|██        | 410/2000 [00:09<00:36, 43.31it/s]
 21%|██        | 415/2000 [00:09<00:36, 43.30it/s]
 21%|██        | 420/2000 [00:09<00:36, 43.31it/s]
 21%|██▏       | 425/2000 [00:09<00:36, 43.45it/s]
 22%|██▏       | 430/2000 [00:09<00:36, 43.58it/s]
 22%|██▏       | 435/2000 [00:09<00:35, 43.72it/s]
 22%|██▏       | 440/2000 [00:10<00:36, 43.28it/s]
 22%|██▏       | 445/2000 [00:10<00:35, 43.47it/s]
 22%|██▎       | 450/2000 [00:10<00:35, 43.59it/s]
 23%|██▎       | 455/2000 [00:10<00:35, 43.71it/s]
 23%|██▎       | 460/2000 [00:10<00:35, 43.83it/s]
 23%|██▎       | 465/2000 [00:10<00:35, 43.78it/s]
 24%|██▎       | 470/2000 [00:10<00:34, 43.95it/s]
 24%|██▍       | 475/2000 [00:10<00:34, 44.00it/s]
 24%|██▍       | 480/2000 [00:11<00:34, 43.58it/s]
 24%|██▍       | 485/2000 [00:11<00:34, 43.64it/s]
 24%|██▍       | 490/2000 [00:11<00:34, 43.73it/s]
 25%|██▍       | 495/2000 [00:11<00:34, 43.68it/s]
 25%|██▌       | 500/2000 [00:11<00:34, 43.74it/s]
 25%|██▌       | 505/2000 [00:11<00:34, 43.85it/s]
 26%|██▌       | 510/2000 [00:11<00:33, 43.96it/s]
 26%|██▌       | 515/2000 [00:11<00:33, 43.90it/s]
 26%|██▌       | 520/2000 [00:11<00:34, 43.44it/s]
 26%|██▋       | 525/2000 [00:12<00:33, 43.69it/s]
 26%|██▋       | 530/2000 [00:12<00:33, 43.70it/s]
 27%|██▋       | 535/2000 [00:12<00:33, 43.95it/s]
 27%|██▋       | 540/2000 [00:12<00:33, 43.97it/s]
 27%|██▋       | 545/2000 [00:12<00:33, 44.05it/s]
 28%|██▊       | 550/2000 [00:12<00:32, 44.05it/s]
 28%|██▊       | 555/2000 [00:12<00:33, 43.71it/s]
 28%|██▊       | 560/2000 [00:12<00:32, 43.79it/s]
 28%|██▊       | 565/2000 [00:12<00:32, 43.91it/s]
 28%|██▊       | 570/2000 [00:13<00:32, 43.92it/s]
 29%|██▉       | 575/2000 [00:13<00:32, 43.97it/s]
 29%|██▉       | 580/2000 [00:13<00:32, 44.01it/s]
 29%|██▉       | 585/2000 [00:13<00:32, 43.99it/s]
 30%|██▉       | 590/2000 [00:13<00:32, 44.00it/s]
 30%|██▉       | 595/2000 [00:13<00:32, 43.32it/s]
 30%|███       | 600/2000 [00:13<00:32, 43.51it/s]
 30%|███       | 605/2000 [00:13<00:31, 43.69it/s]
 30%|███       | 610/2000 [00:13<00:31, 43.86it/s]
 31%|███       | 615/2000 [00:14<00:31, 43.96it/s]
 31%|███       | 620/2000 [00:14<00:31, 43.97it/s]
 31%|███▏      | 625/2000 [00:14<00:31, 44.01it/s]
 32%|███▏      | 630/2000 [00:14<00:31, 43.85it/s]
 32%|███▏      | 635/2000 [00:14<00:31, 43.33it/s]
 32%|███▏      | 640/2000 [00:14<00:31, 43.54it/s]
 32%|███▏      | 645/2000 [00:14<00:30, 43.73it/s]
 32%|███▎      | 650/2000 [00:14<00:35, 38.29it/s]
 33%|███▎      | 655/2000 [00:15<00:34, 39.23it/s]
 33%|███▎      | 660/2000 [00:15<00:33, 40.55it/s]
 33%|███▎      | 665/2000 [00:15<00:32, 41.51it/s]
 34%|███▎      | 670/2000 [00:15<00:31, 42.17it/s]
 34%|███▍      | 675/2000 [00:15<00:31, 42.08it/s]
 34%|███▍      | 680/2000 [00:15<00:30, 42.58it/s]
 34%|███▍      | 685/2000 [00:15<00:30, 43.05it/s]
 34%|███▍      | 690/2000 [00:15<00:30, 43.22it/s]
 35%|███▍      | 695/2000 [00:15<00:30, 43.29it/s]
 35%|███▌      | 700/2000 [00:16<00:29, 43.51it/s]
 35%|███▌      | 705/2000 [00:16<00:29, 43.58it/s]
 36%|███▌      | 710/2000 [00:16<00:29, 43.70it/s]
 36%|███▌      | 715/2000 [00:16<00:29, 43.18it/s]
 36%|███▌      | 720/2000 [00:16<00:29, 43.33it/s]
 36%|███▋      | 725/2000 [00:16<00:29, 43.58it/s]
 36%|███▋      | 730/2000 [00:16<00:29, 43.78it/s]
 37%|███▋      | 735/2000 [00:16<00:28, 43.86it/s]
 37%|███▋      | 740/2000 [00:17<00:28, 43.93it/s]
 37%|███▋      | 745/2000 [00:17<00:28, 44.00it/s]
 38%|███▊      | 750/2000 [00:17<00:28, 43.66it/s]
 38%|███▊      | 755/2000 [00:17<00:28, 43.86it/s]
 38%|███▊      | 760/2000 [00:17<00:28, 44.05it/s]
 38%|███▊      | 765/2000 [00:17<00:27, 44.20it/s]
 38%|███▊      | 770/2000 [00:17<00:27, 44.20it/s]
 39%|███▉      | 775/2000 [00:17<00:27, 44.20it/s]
 39%|███▉      | 780/2000 [00:17<00:27, 44.20it/s]
 39%|███▉      | 785/2000 [00:18<00:27, 44.24it/s]
 40%|███▉      | 790/2000 [00:18<00:27, 43.65it/s]
 40%|███▉      | 795/2000 [00:18<00:27, 43.77it/s]
 40%|████      | 800/2000 [00:18<00:27, 43.86it/s]
 40%|████      | 805/2000 [00:18<00:27, 43.88it/s]
 40%|████      | 810/2000 [00:18<00:27, 43.93it/s]
 41%|████      | 815/2000 [00:18<00:26, 43.98it/s]
 41%|████      | 820/2000 [00:18<00:27, 43.51it/s]
 41%|████▏     | 825/2000 [00:18<00:26, 43.56it/s]
 42%|████▏     | 830/2000 [00:19<00:27, 43.09it/s]
 42%|████▏     | 835/2000 [00:19<00:26, 43.18it/s]
 42%|████▏     | 840/2000 [00:19<00:26, 43.17it/s]
 42%|████▏     | 845/2000 [00:19<00:26, 43.27it/s]
 42%|████▎     | 850/2000 [00:19<00:26, 43.42it/s]
 43%|████▎     | 855/2000 [00:19<00:26, 43.42it/s]
 43%|████▎     | 860/2000 [00:19<00:26, 43.68it/s]
 43%|████▎     | 865/2000 [00:19<00:25, 43.89it/s]
 44%|████▎     | 870/2000 [00:19<00:26, 43.43it/s]
 44%|████▍     | 875/2000 [00:20<00:25, 43.66it/s]
 44%|████▍     | 880/2000 [00:20<00:25, 43.92it/s]
 44%|████▍     | 885/2000 [00:20<00:25, 44.10it/s]
 44%|████▍     | 890/2000 [00:20<00:30, 36.76it/s]
 45%|████▍     | 895/2000 [00:20<00:28, 38.38it/s]
 45%|████▌     | 900/2000 [00:20<00:27, 40.02it/s]
 45%|████▌     | 905/2000 [00:20<00:26, 41.04it/s]
 46%|████▌     | 910/2000 [00:20<00:26, 41.45it/s]
 46%|████▌     | 915/2000 [00:21<00:25, 42.21it/s]
 46%|████▌     | 920/2000 [00:21<00:25, 42.79it/s]
 46%|████▋     | 925/2000 [00:21<00:24, 43.22it/s]
 46%|████▋     | 930/2000 [00:21<00:24, 43.53it/s]
 47%|████▋     | 935/2000 [00:21<00:24, 43.72it/s]
 47%|████▋     | 940/2000 [00:21<00:24, 43.89it/s]
 47%|████▋     | 945/2000 [00:21<00:24, 43.51it/s]
 48%|████▊     | 950/2000 [00:21<00:24, 43.59it/s]
 48%|████▊     | 955/2000 [00:22<00:23, 43.72it/s]
 48%|████▊     | 960/2000 [00:22<00:23, 43.84it/s]
 48%|████▊     | 965/2000 [00:22<00:23, 43.93it/s]
 48%|████▊     | 970/2000 [00:22<00:23, 43.86it/s]
 49%|████▉     | 975/2000 [00:22<00:23, 44.00it/s]
 49%|████▉     | 980/2000 [00:22<00:23, 43.97it/s]
 49%|████▉     | 985/2000 [00:22<00:23, 43.58it/s]
 50%|████▉     | 990/2000 [00:22<00:23, 43.82it/s]
 50%|████▉     | 995/2000 [00:22<00:22, 43.83it/s]
 50%|█████     | 1000/2000 [00:23<00:22, 43.88it/s]
 50%|█████     | 1005/2000 [00:23<00:22, 43.99it/s]
 50%|█████     | 1010/2000 [00:23<00:22, 44.10it/s]
 51%|█████     | 1015/2000 [00:23<00:22, 44.15it/s]
 51%|█████     | 1020/2000 [00:23<00:22, 44.04it/s]
 51%|█████▏    | 1025/2000 [00:23<00:22, 43.55it/s]
 52%|█████▏    | 1030/2000 [00:23<00:22, 43.75it/s]
 52%|█████▏    | 1035/2000 [00:23<00:22, 43.82it/s]
 52%|█████▏    | 1040/2000 [00:23<00:21, 43.99it/s]
 52%|█████▏    | 1045/2000 [00:24<00:21, 44.04it/s]
 52%|█████▎    | 1050/2000 [00:24<00:21, 44.05it/s]
 53%|█████▎    | 1055/2000 [00:24<00:21, 44.11it/s]
 53%|█████▎    | 1060/2000 [00:24<00:21, 44.11it/s]
 53%|█████▎    | 1065/2000 [00:24<00:21, 43.55it/s]
 54%|█████▎    | 1070/2000 [00:24<00:21, 43.73it/s]
 54%|█████▍    | 1075/2000 [00:24<00:21, 43.90it/s]
 54%|█████▍    | 1080/2000 [00:24<00:20, 44.08it/s]
 54%|█████▍    | 1085/2000 [00:24<00:20, 44.14it/s]
 55%|█████▍    | 1090/2000 [00:25<00:20, 44.22it/s]
 55%|█████▍    | 1095/2000 [00:25<00:20, 44.26it/s]
 55%|█████▌    | 1100/2000 [00:25<00:20, 44.28it/s]
 55%|█████▌    | 1105/2000 [00:25<00:20, 43.75it/s]
 56%|█████▌    | 1110/2000 [00:25<00:20, 43.73it/s]
 56%|█████▌    | 1115/2000 [00:25<00:20, 43.85it/s]
 56%|█████▌    | 1120/2000 [00:25<00:20, 43.93it/s]
 56%|█████▋    | 1125/2000 [00:25<00:19, 44.08it/s]
 56%|█████▋    | 1130/2000 [00:25<00:19, 44.13it/s]
 57%|█████▋    | 1135/2000 [00:26<00:19, 44.13it/s]
 57%|█████▋    | 1140/2000 [00:26<00:19, 43.68it/s]
 57%|█████▋    | 1145/2000 [00:26<00:19, 43.80it/s]
 57%|█████▊    | 1150/2000 [00:26<00:19, 43.88it/s]
 58%|█████▊    | 1155/2000 [00:26<00:19, 43.99it/s]
 58%|█████▊    | 1160/2000 [00:26<00:19, 44.11it/s]
 58%|█████▊    | 1165/2000 [00:26<00:18, 44.12it/s]
 58%|█████▊    | 1170/2000 [00:26<00:18, 44.18it/s]
 59%|█████▉    | 1175/2000 [00:27<00:18, 44.20it/s]
 59%|█████▉    | 1180/2000 [00:27<00:18, 43.77it/s]
 59%|█████▉    | 1185/2000 [00:27<00:18, 43.91it/s]
 60%|█████▉    | 1190/2000 [00:27<00:18, 43.90it/s]
 60%|█████▉    | 1195/2000 [00:27<00:18, 43.92it/s]
 60%|██████    | 1200/2000 [00:27<00:18, 43.96it/s]
 60%|██████    | 1205/2000 [00:27<00:18, 43.99it/s]
 60%|██████    | 1210/2000 [00:27<00:17, 43.94it/s]
 61%|██████    | 1215/2000 [00:27<00:17, 44.02it/s]
 61%|██████    | 1220/2000 [00:28<00:17, 43.61it/s]
 61%|██████▏   | 1225/2000 [00:28<00:17, 43.74it/s]
 62%|██████▏   | 1230/2000 [00:28<00:17, 43.79it/s]
 62%|██████▏   | 1235/2000 [00:28<00:17, 43.86it/s]
 62%|██████▏   | 1240/2000 [00:28<00:17, 43.92it/s]
 62%|██████▏   | 1245/2000 [00:28<00:17, 43.93it/s]
 62%|██████▎   | 1250/2000 [00:28<00:17, 43.93it/s]
 63%|██████▎   | 1255/2000 [00:28<00:16, 43.99it/s]
 63%|██████▎   | 1260/2000 [00:28<00:17, 43.51it/s]
 63%|██████▎   | 1265/2000 [00:29<00:16, 43.68it/s]
 64%|██████▎   | 1270/2000 [00:29<00:16, 43.88it/s]
 64%|██████▍   | 1275/2000 [00:29<00:16, 43.87it/s]
 64%|██████▍   | 1280/2000 [00:29<00:16, 43.93it/s]
 64%|██████▍   | 1285/2000 [00:29<00:16, 44.10it/s]
 64%|██████▍   | 1290/2000 [00:29<00:16, 44.08it/s]
 65%|██████▍   | 1295/2000 [00:29<00:16, 44.01it/s]
 65%|██████▌   | 1300/2000 [00:29<00:16, 43.57it/s]
 65%|██████▌   | 1305/2000 [00:29<00:15, 43.69it/s]
 66%|██████▌   | 1310/2000 [00:30<00:15, 43.81it/s]
 66%|██████▌   | 1315/2000 [00:30<00:15, 44.02it/s]
 66%|██████▌   | 1320/2000 [00:30<00:15, 44.10it/s]
 66%|██████▋   | 1325/2000 [00:30<00:15, 44.19it/s]
 66%|██████▋   | 1330/2000 [00:30<00:15, 44.28it/s]
 67%|██████▋   | 1335/2000 [00:30<00:15, 43.80it/s]
 67%|██████▋   | 1340/2000 [00:30<00:14, 44.02it/s]
 67%|██████▋   | 1345/2000 [00:30<00:14, 44.10it/s]
 68%|██████▊   | 1350/2000 [00:30<00:14, 44.22it/s]
 68%|██████▊   | 1355/2000 [00:31<00:14, 44.35it/s]
 68%|██████▊   | 1360/2000 [00:31<00:14, 44.26it/s]
 68%|██████▊   | 1365/2000 [00:31<00:14, 44.26it/s]
 68%|██████▊   | 1370/2000 [00:31<00:14, 44.19it/s]
 69%|██████▉   | 1375/2000 [00:31<00:14, 43.60it/s]
 69%|██████▉   | 1380/2000 [00:31<00:14, 43.75it/s]
 69%|██████▉   | 1385/2000 [00:31<00:14, 43.86it/s]
 70%|██████▉   | 1390/2000 [00:31<00:13, 43.90it/s]
 70%|██████▉   | 1395/2000 [00:32<00:13, 43.86it/s]
 70%|███████   | 1400/2000 [00:32<00:13, 43.87it/s]
 70%|███████   | 1405/2000 [00:32<00:13, 44.01it/s]
 70%|███████   | 1410/2000 [00:32<00:13, 44.14it/s]
 71%|███████   | 1415/2000 [00:32<00:13, 43.76it/s]
 71%|███████   | 1420/2000 [00:32<00:13, 43.85it/s]
 71%|███████▏  | 1425/2000 [00:32<00:13, 43.98it/s]
 72%|███████▏  | 1430/2000 [00:32<00:12, 44.11it/s]
 72%|███████▏  | 1435/2000 [00:32<00:12, 44.24it/s]
 72%|███████▏  | 1440/2000 [00:33<00:12, 44.30it/s]
 72%|███████▏  | 1445/2000 [00:33<00:12, 44.35it/s]
 72%|███████▎  | 1450/2000 [00:33<00:12, 44.30it/s]
 73%|███████▎  | 1455/2000 [00:33<00:12, 43.70it/s]
 73%|███████▎  | 1460/2000 [00:33<00:12, 43.88it/s]
 73%|███████▎  | 1465/2000 [00:33<00:12, 44.06it/s]
 74%|███████▎  | 1470/2000 [00:33<00:12, 44.09it/s]
 74%|███████▍  | 1475/2000 [00:33<00:11, 44.09it/s]
 74%|███████▍  | 1480/2000 [00:33<00:11, 43.88it/s]
 74%|███████▍  | 1485/2000 [00:34<00:11, 43.90it/s]
 74%|███████▍  | 1490/2000 [00:34<00:11, 43.89it/s]
 75%|███████▍  | 1495/2000 [00:34<00:11, 43.39it/s]
 75%|███████▌  | 1500/2000 [00:34<00:11, 43.54it/s]
 75%|███████▌  | 1505/2000 [00:34<00:11, 43.43it/s]
 76%|███████▌  | 1510/2000 [00:34<00:11, 43.68it/s]
 76%|███████▌  | 1515/2000 [00:34<00:11, 43.79it/s]
 76%|███████▌  | 1520/2000 [00:34<00:10, 43.84it/s]
 76%|███████▋  | 1525/2000 [00:34<00:10, 43.96it/s]
 76%|███████▋  | 1530/2000 [00:35<00:10, 43.51it/s]
 77%|███████▋  | 1535/2000 [00:35<00:10, 43.76it/s]
 77%|███████▋  | 1540/2000 [00:35<00:10, 43.98it/s]
 77%|███████▋  | 1545/2000 [00:35<00:10, 44.06it/s]
 78%|███████▊  | 1550/2000 [00:35<00:10, 44.16it/s]
 78%|███████▊  | 1555/2000 [00:35<00:10, 44.06it/s]
 78%|███████▊  | 1560/2000 [00:35<00:09, 44.03it/s]
 78%|███████▊  | 1565/2000 [00:35<00:09, 44.09it/s]
 78%|███████▊  | 1570/2000 [00:36<00:09, 43.56it/s]
 79%|███████▉  | 1575/2000 [00:36<00:09, 43.66it/s]
 79%|███████▉  | 1580/2000 [00:36<00:09, 43.82it/s]
 79%|███████▉  | 1585/2000 [00:36<00:09, 43.94it/s]
 80%|███████▉  | 1590/2000 [00:36<00:09, 44.07it/s]
 80%|███████▉  | 1595/2000 [00:36<00:09, 44.17it/s]
 80%|████████  | 1600/2000 [00:36<00:09, 44.29it/s]
 80%|████████  | 1605/2000 [00:36<00:08, 44.23it/s]
 80%|████████  | 1610/2000 [00:36<00:08, 43.78it/s]
 81%|████████  | 1615/2000 [00:37<00:08, 43.93it/s]
 81%|████████  | 1620/2000 [00:37<00:08, 44.03it/s]
 81%|████████▏ | 1625/2000 [00:37<00:08, 44.11it/s]
 82%|████████▏ | 1630/2000 [00:37<00:08, 44.04it/s]
 82%|████████▏ | 1635/2000 [00:37<00:08, 43.98it/s]
 82%|████████▏ | 1640/2000 [00:37<00:08, 43.97it/s]
 82%|████████▏ | 1645/2000 [00:37<00:08, 43.88it/s]
 82%|████████▎ | 1650/2000 [00:37<00:08, 43.26it/s]
 83%|████████▎ | 1655/2000 [00:37<00:07, 43.24it/s]
 83%|████████▎ | 1660/2000 [00:38<00:07, 43.40it/s]
 83%|████████▎ | 1665/2000 [00:38<00:07, 43.54it/s]
 84%|████████▎ | 1670/2000 [00:38<00:07, 43.59it/s]
 84%|████████▍ | 1675/2000 [00:38<00:07, 43.62it/s]
 84%|████████▍ | 1680/2000 [00:38<00:07, 43.60it/s]
 84%|████████▍ | 1685/2000 [00:38<00:07, 43.61it/s]
 84%|████████▍ | 1690/2000 [00:38<00:07, 43.12it/s]
 85%|████████▍ | 1695/2000 [00:38<00:07, 43.29it/s]
 85%|████████▌ | 1700/2000 [00:38<00:06, 43.41it/s]
 85%|████████▌ | 1705/2000 [00:39<00:06, 43.46it/s]
 86%|████████▌ | 1710/2000 [00:39<00:06, 43.53it/s]
 86%|████████▌ | 1715/2000 [00:39<00:06, 43.66it/s]
 86%|████████▌ | 1720/2000 [00:39<00:06, 43.71it/s]
 86%|████████▋ | 1725/2000 [00:39<00:06, 43.28it/s]
 86%|████████▋ | 1730/2000 [00:39<00:06, 43.15it/s]
 87%|████████▋ | 1735/2000 [00:39<00:06, 43.43it/s]
 87%|████████▋ | 1740/2000 [00:39<00:05, 43.65it/s]
 87%|████████▋ | 1745/2000 [00:40<00:05, 43.80it/s]
 88%|████████▊ | 1750/2000 [00:40<00:05, 43.91it/s]
 88%|████████▊ | 1755/2000 [00:40<00:05, 43.86it/s]
 88%|████████▊ | 1760/2000 [00:40<00:05, 43.93it/s]
 88%|████████▊ | 1765/2000 [00:40<00:05, 43.62it/s]
 88%|████████▊ | 1770/2000 [00:40<00:05, 43.70it/s]
 89%|████████▉ | 1775/2000 [00:40<00:05, 43.86it/s]
 89%|████████▉ | 1780/2000 [00:40<00:04, 44.01it/s]
 89%|████████▉ | 1785/2000 [00:40<00:04, 43.73it/s]
 90%|████████▉ | 1790/2000 [00:41<00:04, 43.87it/s]
 90%|████████▉ | 1795/2000 [00:41<00:05, 36.23it/s]
 90%|█████████ | 1800/2000 [00:41<00:05, 37.99it/s]
 90%|█████████ | 1805/2000 [00:41<00:04, 39.16it/s]
 90%|█████████ | 1810/2000 [00:41<00:04, 40.51it/s]
 91%|█████████ | 1815/2000 [00:41<00:04, 41.42it/s]
 91%|█████████ | 1820/2000 [00:41<00:04, 42.11it/s]
 91%|█████████▏| 1825/2000 [00:41<00:04, 42.61it/s]
 92%|█████████▏| 1830/2000 [00:42<00:03, 42.77it/s]
 92%|█████████▏| 1835/2000 [00:42<00:03, 42.91it/s]
 92%|█████████▏| 1840/2000 [00:42<00:03, 43.20it/s]
 92%|█████████▏| 1845/2000 [00:42<00:03, 42.97it/s]
 92%|█████████▎| 1850/2000 [00:42<00:03, 43.16it/s]
 93%|█████████▎| 1855/2000 [00:42<00:03, 43.18it/s]
 93%|█████████▎| 1860/2000 [00:42<00:03, 43.37it/s]
 93%|█████████▎| 1865/2000 [00:42<00:03, 43.54it/s]
 94%|█████████▎| 1870/2000 [00:42<00:02, 43.59it/s]
 94%|█████████▍| 1875/2000 [00:43<00:02, 43.56it/s]
 94%|█████████▍| 1880/2000 [00:43<00:02, 43.55it/s]
 94%|█████████▍| 1885/2000 [00:43<00:02, 43.04it/s]
 94%|█████████▍| 1890/2000 [00:43<00:02, 43.20it/s]
 95%|█████████▍| 1895/2000 [00:43<00:02, 43.31it/s]
 95%|█████████▌| 1900/2000 [00:43<00:02, 43.28it/s]
 95%|█████████▌| 1905/2000 [00:43<00:02, 43.39it/s]
 96%|█████████▌| 1910/2000 [00:43<00:02, 43.40it/s]
 96%|█████████▌| 1915/2000 [00:43<00:01, 43.54it/s]
 96%|█████████▌| 1920/2000 [00:44<00:01, 43.12it/s]
 96%|█████████▋| 1925/2000 [00:44<00:01, 43.27it/s]
 96%|█████████▋| 1930/2000 [00:44<00:01, 43.38it/s]
 97%|█████████▋| 1935/2000 [00:44<00:01, 43.55it/s]
 97%|█████████▋| 1940/2000 [00:44<00:01, 43.64it/s]
 97%|█████████▋| 1945/2000 [00:44<00:01, 43.86it/s]
 98%|█████████▊| 1950/2000 [00:44<00:01, 44.00it/s]
 98%|█████████▊| 1955/2000 [00:44<00:01, 44.09it/s]
 98%|█████████▊| 1960/2000 [00:45<00:00, 43.69it/s]
 98%|█████████▊| 1965/2000 [00:45<00:00, 43.83it/s]
 98%|█████████▊| 1970/2000 [00:45<00:00, 44.01it/s]
 99%|█████████▉| 1975/2000 [00:45<00:00, 44.13it/s]
 99%|█████████▉| 1980/2000 [00:45<00:00, 44.11it/s]
 99%|█████████▉| 1985/2000 [00:45<00:00, 44.20it/s]
100%|█████████▉| 1990/2000 [00:45<00:00, 44.17it/s]
100%|█████████▉| 1995/2000 [00:45<00:00, 44.26it/s]
100%|██████████| 2000/2000 [00:45<00:00, 43.81it/s]
100%|██████████| 2000/2000 [00:45<00:00, 43.51it/s]
  P(true) judge for qwen-truthfulqa (817 rows)...

  0%|          | 0/817 [00:00<?, ?it/s]
  1%|          | 6/817 [00:00<00:16, 49.92it/s]
  1%|▏         | 11/817 [00:00<00:17, 46.58it/s]
  2%|▏         | 16/817 [00:00<00:17, 45.65it/s]
  3%|▎         | 21/817 [00:00<00:17, 45.11it/s]
  3%|▎         | 26/817 [00:00<00:17, 44.74it/s]
  4%|▍         | 31/817 [00:00<00:17, 44.53it/s]
  4%|▍         | 36/817 [00:00<00:17, 43.89it/s]
  5%|▌         | 41/817 [00:00<00:17, 44.06it/s]
  6%|▌         | 46/817 [00:01<00:17, 44.11it/s]
  6%|▌         | 51/817 [00:01<00:17, 44.19it/s]
  7%|▋         | 56/817 [00:01<00:17, 44.00it/s]
  7%|▋         | 61/817 [00:01<00:17, 44.06it/s]
  8%|▊         | 66/817 [00:01<00:17, 44.11it/s]
  9%|▊         | 71/817 [00:01<00:16, 44.24it/s]
  9%|▉         | 76/817 [00:01<00:16, 43.79it/s]
 10%|▉         | 81/817 [00:01<00:16, 43.72it/s]
 11%|█         | 86/817 [00:01<00:16, 43.82it/s]
 11%|█         | 91/817 [00:02<00:16, 44.08it/s]
 12%|█▏        | 96/817 [00:02<00:16, 44.20it/s]
 12%|█▏        | 101/817 [00:02<00:16, 44.27it/s]
 13%|█▎        | 106/817 [00:02<00:16, 44.31it/s]
 14%|█▎        | 111/817 [00:02<00:15, 44.24it/s]
 14%|█▍        | 116/817 [00:02<00:16, 43.79it/s]
 15%|█▍        | 121/817 [00:02<00:15, 43.88it/s]
 15%|█▌        | 126/817 [00:02<00:15, 43.96it/s]
 16%|█▌        | 131/817 [00:02<00:15, 43.92it/s]
 17%|█▋        | 136/817 [00:03<00:15, 43.76it/s]
 17%|█▋        | 141/817 [00:03<00:15, 43.76it/s]
 18%|█▊        | 146/817 [00:03<00:15, 43.71it/s]
 18%|█▊        | 151/817 [00:03<00:15, 43.61it/s]
 19%|█▉        | 156/817 [00:03<00:15, 43.12it/s]
 20%|█▉        | 161/817 [00:03<00:15, 43.17it/s]
 20%|██        | 166/817 [00:03<00:14, 43.45it/s]
 21%|██        | 171/817 [00:03<00:14, 43.79it/s]
 22%|██▏       | 176/817 [00:03<00:14, 44.07it/s]
 22%|██▏       | 181/817 [00:04<00:14, 44.19it/s]
 23%|██▎       | 186/817 [00:04<00:14, 43.78it/s]
 23%|██▎       | 191/817 [00:04<00:14, 43.36it/s]
 24%|██▍       | 196/817 [00:04<00:14, 43.36it/s]
 25%|██▍       | 201/817 [00:04<00:14, 43.67it/s]
 25%|██▌       | 206/817 [00:04<00:13, 43.76it/s]
 26%|██▌       | 211/817 [00:04<00:13, 43.55it/s]
 26%|██▋       | 216/817 [00:04<00:13, 43.62it/s]
 27%|██▋       | 221/817 [00:05<00:13, 43.62it/s]
 28%|██▊       | 226/817 [00:05<00:13, 43.73it/s]
 28%|██▊       | 231/817 [00:05<00:13, 43.31it/s]
 29%|██▉       | 236/817 [00:05<00:13, 43.40it/s]
 29%|██▉       | 241/817 [00:05<00:13, 43.47it/s]
 30%|███       | 246/817 [00:05<00:13, 43.66it/s]
 31%|███       | 251/817 [00:05<00:12, 43.73it/s]
 31%|███▏      | 256/817 [00:05<00:12, 43.77it/s]
 32%|███▏      | 261/817 [00:05<00:12, 43.75it/s]
 33%|███▎      | 266/817 [00:06<00:12, 43.79it/s]
 33%|███▎      | 271/817 [00:06<00:12, 43.41it/s]
 34%|███▍      | 276/817 [00:06<00:12, 43.49it/s]
 34%|███▍      | 281/817 [00:06<00:12, 43.49it/s]
 35%|███▌      | 286/817 [00:06<00:12, 43.60it/s]
 36%|███▌      | 291/817 [00:06<00:12, 43.72it/s]
 36%|███▌      | 296/817 [00:06<00:11, 43.81it/s]
 37%|███▋      | 301/817 [00:06<00:11, 43.78it/s]
 37%|███▋      | 306/817 [00:06<00:11, 43.84it/s]
 38%|███▊      | 311/817 [00:07<00:11, 43.34it/s]
 39%|███▊      | 316/817 [00:07<00:11, 43.55it/s]
 39%|███▉      | 321/817 [00:07<00:11, 43.71it/s]
 40%|███▉      | 326/817 [00:07<00:11, 43.65it/s]
 41%|████      | 331/817 [00:07<00:11, 43.78it/s]
 41%|████      | 336/817 [00:07<00:10, 43.80it/s]
 42%|████▏     | 341/817 [00:07<00:10, 43.72it/s]
 42%|████▏     | 346/817 [00:07<00:10, 43.74it/s]
 43%|████▎     | 351/817 [00:08<00:10, 43.22it/s]
 44%|████▎     | 356/817 [00:08<00:10, 43.30it/s]
 44%|████▍     | 361/817 [00:08<00:10, 43.30it/s]
 45%|████▍     | 366/817 [00:08<00:10, 43.41it/s]
 45%|████▌     | 371/817 [00:08<00:10, 43.45it/s]
 46%|████▌     | 376/817 [00:08<00:10, 43.60it/s]
 47%|████▋     | 381/817 [00:08<00:09, 43.80it/s]
 47%|████▋     | 386/817 [00:08<00:09, 43.21it/s]
 48%|████▊     | 391/817 [00:08<00:09, 43.39it/s]
 48%|████▊     | 396/817 [00:09<00:09, 43.62it/s]
 49%|████▉     | 401/817 [00:09<00:09, 43.81it/s]
 50%|████▉     | 406/817 [00:09<00:09, 43.93it/s]
 50%|█████     | 411/817 [00:09<00:09, 43.93it/s]
 51%|█████     | 416/817 [00:09<00:09, 44.03it/s]
 52%|█████▏    | 421/817 [00:09<00:08, 44.15it/s]
 52%|█████▏    | 426/817 [00:09<00:08, 43.68it/s]
 53%|█████▎    | 431/817 [00:09<00:08, 43.93it/s]
 53%|█████▎    | 436/817 [00:09<00:08, 43.97it/s]
 54%|█████▍    | 441/817 [00:10<00:08, 44.10it/s]
 55%|█████▍    | 446/817 [00:10<00:08, 44.18it/s]
 55%|█████▌    | 451/817 [00:10<00:08, 44.33it/s]
 56%|█████▌    | 456/817 [00:10<00:08, 43.65it/s]
 56%|█████▋    | 461/817 [00:10<00:08, 43.70it/s]
 57%|█████▋    | 466/817 [00:10<00:08, 43.39it/s]
 58%|█████▊    | 471/817 [00:10<00:07, 43.71it/s]
 58%|█████▊    | 476/817 [00:10<00:07, 43.91it/s]
 59%|█████▉    | 481/817 [00:10<00:07, 43.87it/s]
 59%|█████▉    | 486/817 [00:11<00:07, 43.90it/s]
 60%|██████    | 491/817 [00:11<00:07, 43.94it/s]
 61%|██████    | 496/817 [00:11<00:07, 44.02it/s]
 61%|██████▏   | 501/817 [00:11<00:07, 44.05it/s]
 62%|██████▏   | 506/817 [00:11<00:07, 43.50it/s]
 63%|██████▎   | 511/817 [00:11<00:07, 43.54it/s]
 63%|██████▎   | 516/817 [00:11<00:06, 43.72it/s]
 64%|██████▍   | 521/817 [00:11<00:06, 43.86it/s]
 64%|██████▍   | 526/817 [00:12<00:06, 44.03it/s]
 65%|██████▍   | 531/817 [00:12<00:06, 44.20it/s]
 66%|██████▌   | 536/817 [00:12<00:06, 44.23it/s]
 66%|██████▌   | 541/817 [00:12<00:06, 44.22it/s]
 67%|██████▋   | 546/817 [00:12<00:06, 43.74it/s]
 67%|██████▋   | 551/817 [00:12<00:06, 43.92it/s]
 68%|██████▊   | 556/817 [00:12<00:05, 44.01it/s]
 69%|██████▊   | 561/817 [00:12<00:05, 44.10it/s]
 69%|██████▉   | 566/817 [00:12<00:05, 44.10it/s]
 70%|██████▉   | 571/817 [00:13<00:05, 44.06it/s]
 71%|███████   | 576/817 [00:13<00:05, 43.92it/s]
 71%|███████   | 581/817 [00:13<00:05, 43.47it/s]
 72%|███████▏  | 586/817 [00:13<00:05, 43.69it/s]
 72%|███████▏  | 591/817 [00:13<00:05, 43.81it/s]
 73%|███████▎  | 596/817 [00:13<00:05, 43.92it/s]
 74%|███████▎  | 601/817 [00:13<00:04, 43.73it/s]
 74%|███████▍  | 606/817 [00:13<00:04, 43.97it/s]
 75%|███████▍  | 611/817 [00:13<00:04, 44.02it/s]
 75%|███████▌  | 616/817 [00:14<00:04, 43.81it/s]
 76%|███████▌  | 621/817 [00:14<00:04, 43.33it/s]
 77%|███████▋  | 626/817 [00:14<00:04, 43.40it/s]
 77%|███████▋  | 631/817 [00:14<00:04, 43.54it/s]
 78%|███████▊  | 636/817 [00:14<00:04, 43.71it/s]
 78%|███████▊  | 641/817 [00:14<00:04, 43.66it/s]
 79%|███████▉  | 646/817 [00:14<00:03, 43.74it/s]
 80%|███████▉  | 651/817 [00:14<00:03, 43.88it/s]
 80%|████████  | 656/817 [00:14<00:03, 43.88it/s]
 81%|████████  | 661/817 [00:15<00:03, 43.43it/s]
 82%|████████▏ | 666/817 [00:15<00:03, 43.58it/s]
 82%|████████▏ | 671/817 [00:15<00:03, 43.74it/s]
 83%|████████▎ | 676/817 [00:15<00:03, 43.77it/s]
 83%|████████▎ | 681/817 [00:15<00:03, 43.83it/s]
 84%|████████▍ | 686/817 [00:15<00:02, 43.94it/s]
 85%|████████▍ | 691/817 [00:15<00:02, 43.92it/s]
 85%|████████▌ | 696/817 [00:15<00:02, 43.88it/s]
 86%|████████▌ | 701/817 [00:15<00:02, 43.45it/s]
 86%|████████▋ | 706/817 [00:16<00:02, 43.51it/s]
 87%|████████▋ | 711/817 [00:16<00:02, 43.69it/s]
 88%|████████▊ | 716/817 [00:16<00:02, 43.70it/s]
 88%|████████▊ | 721/817 [00:16<00:02, 43.67it/s]
 89%|████████▉ | 726/817 [00:16<00:02, 43.78it/s]
 89%|████████▉ | 731/817 [00:16<00:01, 43.84it/s]
 90%|█████████ | 736/817 [00:16<00:01, 43.87it/s]
 91%|█████████ | 741/817 [00:16<00:01, 43.40it/s]
 91%|█████████▏| 746/817 [00:17<00:01, 43.54it/s]
 92%|█████████▏| 751/817 [00:17<00:01, 43.69it/s]
 93%|█████████▎| 756/817 [00:17<00:01, 43.70it/s]
 93%|█████████▎| 761/817 [00:17<00:01, 43.82it/s]
 94%|█████████▍| 766/817 [00:17<00:01, 43.77it/s]
 94%|█████████▍| 771/817 [00:17<00:01, 43.74it/s]
 95%|█████████▍| 776/817 [00:17<00:00, 43.35it/s]
 96%|█████████▌| 781/817 [00:17<00:00, 43.49it/s]
 96%|█████████▌| 786/817 [00:17<00:00, 43.62it/s]
 97%|█████████▋| 791/817 [00:18<00:00, 43.68it/s]
 97%|█████████▋| 796/817 [00:18<00:00, 43.82it/s]
 98%|█████████▊| 801/817 [00:18<00:00, 43.85it/s]
 99%|█████████▊| 806/817 [00:18<00:00, 43.82it/s]
 99%|█████████▉| 811/817 [00:18<00:00, 43.78it/s]
100%|█████████▉| 816/817 [00:18<00:00, 43.55it/s]
100%|██████████| 817/817 [00:18<00:00, 43.74it/s]
  P(true) judge for qwen-math-multiturn (103 rows)...

  0%|          | 0/103 [00:00<?, ?it/s]
  6%|▌         | 6/103 [00:00<00:02, 32.40it/s]
 10%|▉         | 10/103 [00:00<00:03, 24.33it/s]
 13%|█▎        | 13/103 [00:00<00:04, 21.86it/s]
 17%|█▋        | 17/103 [00:00<00:03, 21.89it/s]
 20%|██        | 21/103 [00:00<00:03, 22.39it/s]
 24%|██▍       | 25/103 [00:01<00:03, 25.77it/s]
 27%|██▋       | 28/103 [00:01<00:04, 18.35it/s]
 30%|███       | 31/103 [00:01<00:03, 18.03it/s]
 34%|███▍      | 35/103 [00:01<00:03, 21.09it/s]
 38%|███▊      | 39/103 [00:01<00:02, 24.57it/s]
 41%|████      | 42/103 [00:01<00:02, 24.15it/s]
 44%|████▎     | 45/103 [00:02<00:02, 22.65it/s]
 47%|████▋     | 48/103 [00:02<00:02, 22.08it/s]
 50%|████▉     | 51/103 [00:02<00:02, 18.07it/s]
 52%|█████▏    | 54/103 [00:02<00:02, 17.52it/s]
 56%|█████▋    | 58/103 [00:02<00:02, 20.73it/s]
 59%|█████▉    | 61/103 [00:02<00:02, 20.48it/s]
 62%|██████▏   | 64/103 [00:03<00:01, 20.05it/s]
 66%|██████▌   | 68/103 [00:03<00:01, 23.10it/s]
 69%|██████▉   | 71/103 [00:03<00:01, 22.29it/s]
 73%|███████▎  | 75/103 [00:03<00:01, 25.79it/s]
 76%|███████▌  | 78/103 [00:03<00:01, 17.18it/s]
 79%|███████▊  | 81/103 [00:03<00:01, 16.16it/s]
 82%|████████▏ | 84/103 [00:04<00:01, 18.33it/s]
 85%|████████▌ | 88/103 [00:04<00:00, 21.77it/s]
 88%|████████▊ | 91/103 [00:04<00:00, 21.29it/s]
 92%|█████████▏| 95/103 [00:04<00:00, 24.99it/s]
 97%|█████████▋| 100/103 [00:04<00:00, 29.35it/s]
100%|██████████| 103/103 [00:04<00:00, 22.15it/s]

====================================================================================================================================================================================================================================================================================================================================================================================================================================
 AUROC
------------------------------------------------------------------------------------------------------------------------------------------------------------------------------------------------------------------------------------------------------------------------------------------------------------------------------------------------------------------------------------------------------------------------------------
dataset                                         LogTokU                RAUQ             LogProb                 GLU             GLU_EDL       GLU_rawS_mean       GLU_rawS_best     GLU_stilde_best        GLU_softplus            GLU_dynK              GLU_AU              GLU_EU     GLU_EU_softplus       GLU_salpha_AU  GLU_salpha_softplus  GLU_salpha_softplus_eu      add_salpha_she      add_stilde_she             P(true)
------------------------------------------------------------------------------------------------------------------------------------------------------------------------------------------------------------------------------------------------------------------------------------------------------------------------------------------------------------------------------------------------------------------------------------
fanar-arabica                                    0.4899              0.6134              0.6185              0.5628              0.4868              0.5636              0.5578              0.5587              0.5461              0.5546              0.5863              0.4938              0.4946              0.5849              0.5471              0.4976              0.4978              0.5703              0.5853
gemma-arabica                                    0.5381              0.6422              0.6889              0.6470              0.5386              0.6439              0.6229              0.6392              0.6468              0.6417              0.6500              0.5358              0.5359              0.6465              0.6439              0.5324              0.5916              0.6397              0.5989
qwen-arabica                                     0.5214              0.6099              0.6252              0.5556              0.5231              0.5423              0.5346              0.5508              0.5554              0.5569              0.5616              0.5217              0.5219              0.5473              0.5422              0.4986              0.5176              0.5354              0.6781
fanar-longform                                   0.5691              0.5490              0.5583              0.6536              0.5781              0.6167              0.6121              0.6595              0.6577              0.6552              0.5732              0.5066              0.5175              0.5310              0.6243              0.5158              0.5735              0.5288              0.5389
gemma-longform                                   0.3426              0.3544              0.3727              0.3578              0.3459              0.3626              0.3497              0.3580              0.3575              0.3560              0.3790              0.3448              0.3447              0.3901              0.3623              0.3570              0.3269              0.3437              0.4889
qwen-longform                                    0.4899              0.4686              0.4865              0.4960              0.5580              0.4730              0.4197              0.4835              0.4975              0.5152              0.4545              0.5497              0.5456              0.4216              0.4751              0.4931              0.4279              0.3741              0.6117
fanar-math                                       0.6639              0.7795              0.7455              0.7876              0.6614              0.7932              0.7963              0.7880              0.7863              0.7883              0.8012              0.5276              0.5207              0.7999              0.7920              0.5448              0.3766              0.7805              0.6580
gemma-math                                       0.8014              0.7712              0.6828              0.7986              0.7986              0.7986              0.7948              0.7951              0.7988              0.7981              0.7895              0.7824              0.7825              0.7892              0.7988              0.7979              0.7304              0.8006              0.8255
qwen-math                                        0.5949              0.6986              0.6842              0.7672              0.5594              0.7716              0.7555              0.7590              0.7676              0.7589              0.7550              0.4948              0.4966              0.7601              0.7722              0.6379              0.3166              0.7310              0.9363
fanar-triviaqa                                   0.7055              0.8207              0.7970              0.8210              0.6945              0.8236              0.8221              0.8193              0.8109              0.8132              0.8268              0.6141              0.6067              0.8275              0.8135              0.6305              0.3699              0.8235              0.7492
gemma-triviaqa                                   0.5972              0.6999              0.8042              0.8171              0.6048              0.8173              0.8164              0.8173              0.8170              0.8170              0.8187              0.5937              0.5915              0.8189              0.8172              0.6182              0.4244              0.6145              0.6729
qwen-triviaqa                                    0.7857              0.7894              0.7751              0.8342              0.7882              0.8366              0.8358              0.8349              0.8346              0.8366              0.8238              0.7822              0.7823              0.8275              0.8371              0.7493              0.3198              0.6247              0.8186
fanar-truthfulqa                                 0.5792              0.6410              0.6326              0.6406              0.5775              0.6449              0.6375              0.6368              0.6319              0.6317              0.6615              0.5575              0.5550              0.6613              0.6367              0.5606              0.4002              0.6162              0.5458
gemma-truthfulqa                                 0.5314              0.4656              0.5532              0.5485              0.5326              0.5452              0.5268              0.5463              0.5488              0.5429              0.5307              0.5313              0.5313              0.5270              0.5457              0.5103              0.5888              0.5165              0.6045
qwen-truthfulqa                                  0.6802              0.5818              0.6149              0.6155              0.6802              0.6088              0.6022              0.6124              0.6164              0.6149              0.5960              0.6777              0.6779              0.5925              0.6097              0.6094              0.4535              0.5618              0.5549
fanar-math-multiturn                             0.4632              0.8036              0.7802              0.8312              0.4607              0.8283              0.8251              0.8275              0.8291              0.8275              0.8312              0.3858              0.3769              0.8251              0.8283              0.3919              0.3765              0.7854              0.7816
gemma-math-multiturn                             0.4567              0.7344              0.7302              0.7008              0.4576              0.7027              0.7125              0.7125              0.7004              0.7036              0.7125              0.4413              0.4427              0.7106              0.7032              0.4399              0.6277              0.6473              0.8066
qwen-math-multiturn                              0.5231              0.6444              0.6350              0.7393              0.4846              0.7581              0.7402              0.7342              0.7419              0.7444              0.7256              0.4496              0.4496              0.7393              0.7581              0.6350              0.2564              0.6795              0.9859
------------------------------------------------------------------------------------------------------------------------------------------------------------------------------------------------------------------------------------------------------------------------------------------------------------------------------------------------------------------------------------------------------------------------------------
MEAN                                             0.5741              0.6482              0.6547              0.6764              0.5739              0.6740              0.6646              0.6741              0.6747              0.6754              0.6710              0.5439              0.5430              0.6667              0.6726              0.5567              0.4542              0.6207              0.6912

====================================================================================================================================================================================================================================================================================================================================================================================================================================
 PRR
------------------------------------------------------------------------------------------------------------------------------------------------------------------------------------------------------------------------------------------------------------------------------------------------------------------------------------------------------------------------------------------------------------------------------------
dataset                                         LogTokU                RAUQ             LogProb                 GLU             GLU_EDL       GLU_rawS_mean       GLU_rawS_best     GLU_stilde_best        GLU_softplus            GLU_dynK              GLU_AU              GLU_EU     GLU_EU_softplus       GLU_salpha_AU  GLU_salpha_softplus  GLU_salpha_softplus_eu      add_salpha_she      add_stilde_she             P(true)
------------------------------------------------------------------------------------------------------------------------------------------------------------------------------------------------------------------------------------------------------------------------------------------------------------------------------------------------------------------------------------------------------------------------------------
fanar-arabica                                   -0.0247              0.2395              0.2540              0.1426             -0.0297              0.1408              0.1355              0.1373              0.1221              0.1372              0.1935             -0.0130             -0.0127              0.1870              0.1211             -0.0056             -0.0262              0.1510              0.0910
gemma-arabica                                    0.0987              0.2766              0.3434              0.3217              0.0993              0.3190              0.2994              0.3139              0.3213              0.3187              0.3233              0.0950              0.0948              0.3209              0.3191              0.0936              0.1538              0.2798              0.1602
qwen-arabica                                    -0.0279              0.1860              0.2006              0.1400             -0.0175              0.1288              0.1185              0.1329              0.1387              0.1380              0.1598             -0.0188             -0.0189              0.1473              0.1278              0.0177              0.0473              0.0666              0.2692
fanar-longform                                   0.0767              0.0658              0.0827              0.2002              0.0933              0.1304              0.1273              0.2205              0.2061              0.2054              0.0741              0.0008              0.0124              0.0110              0.1395              0.0056              0.0759             -0.0097              0.0321
gemma-longform                                  -0.2495             -0.2335             -0.1888             -0.2423             -0.2454             -0.2360             -0.2490             -0.2385             -0.2427             -0.2439             -0.2129             -0.2477             -0.2477             -0.2013             -0.2366             -0.2317             -0.3397             -0.2700             -0.0379
qwen-longform                                   -0.0449             -0.0441             -0.0346             -0.0396              0.0471             -0.0629             -0.1225             -0.0539             -0.0376             -0.0120             -0.0924              0.0361              0.0296             -0.1210             -0.0604             -0.0247             -0.0894             -0.1847              0.1730
fanar-math                                       0.3238              0.6244              0.5200              0.6267              0.3193              0.6340              0.6419              0.6290              0.6257              0.6320              0.6483             -0.0050             -0.0231              0.6457              0.6328              0.0369             -0.3639              0.5870              0.3292
gemma-math                                       0.6930              0.6386              0.4383              0.6993              0.6877              0.6995              0.6946              0.6943              0.6998              0.6980              0.6747              0.6628              0.6627              0.6747              0.7001              0.6881              0.5016              0.6917              0.7141
qwen-math                                        0.2161              0.4236              0.3812              0.5374              0.1267              0.5438              0.5199              0.5251              0.5383              0.5207              0.5158             -0.0083             -0.0034              0.5236              0.5447              0.2947             -0.3911              0.4621              0.8333
fanar-triviaqa                                   0.4447              0.7115              0.6880              0.7295              0.4224              0.7321              0.7303              0.7277              0.7181              0.7224              0.7304              0.2467              0.2287              0.7316              0.7205              0.2853             -0.3592              0.7182              0.4525
gemma-triviaqa                                   0.2242              0.4163              0.6864              0.6978              0.2371              0.6983              0.6968              0.6980              0.6973              0.6968              0.7051              0.2106              0.2054              0.7057              0.6980              0.2572             -0.2356              0.2276              0.2920
qwen-triviaqa                                    0.6062              0.5809              0.6273              0.7174              0.6184              0.7227              0.7222              0.7185              0.7178              0.7225              0.7035              0.6067              0.6060              0.7103              0.7231              0.5524             -0.4628              0.2670              0.6137
fanar-truthfulqa                                 0.1917              0.2821              0.3099              0.3072              0.1855              0.3094              0.2943              0.2986              0.2969              0.2809              0.3475              0.1736              0.1706              0.3433              0.2982              0.1531             -0.2062              0.2577              0.1644
gemma-truthfulqa                                 0.1153             -0.0943              0.0912              0.0870              0.1150              0.0814              0.0488              0.0824              0.0875              0.0757              0.0572              0.1127              0.1124              0.0508              0.0824              0.0487              0.1543              0.0249              0.1933
qwen-truthfulqa                                  0.3766              0.0632              0.1852              0.1949              0.3917              0.1762              0.1593              0.1881              0.1970              0.1789              0.1625              0.3870              0.3865              0.1472              0.1779              0.1568             -0.1609              0.1212              0.0656
fanar-math-multiturn                            -0.1659              0.6544              0.6215              0.6866             -0.1852              0.6778              0.6579              0.6790              0.6817              0.6812              0.6914             -0.4047             -0.4116              0.6862              0.6772             -0.3680             -0.4227              0.6365              0.3783
gemma-math-multiturn                            -0.2738              0.5057              0.5241              0.4234             -0.2666              0.4260              0.4389              0.4432              0.4228              0.4508              0.4416             -0.2945             -0.2906              0.4298              0.4264             -0.3039              0.3030              0.3552              0.7615
qwen-math-multiturn                              0.0077              0.1890              0.1310              0.4067             -0.0767              0.4435              0.4078              0.3963              0.4123              0.3844              0.4000             -0.1221             -0.1157              0.4337              0.4434              0.1983             -0.2989              0.2828              0.8606
------------------------------------------------------------------------------------------------------------------------------------------------------------------------------------------------------------------------------------------------------------------------------------------------------------------------------------------------------------------------------------------------------------------------------------
MEAN                                             0.1438              0.3048              0.3256              0.3687              0.1401              0.3647              0.3512              0.3662              0.3668              0.3660              0.3624              0.0788              0.0770              0.3570              0.3631              0.1030             -0.1178              0.2592              0.3526
